Customer_ID,Age,Gender,Item_Purchased,Category,Purchase_Amount,Location,Size,Color,Season,Review_Rating,Subscription_Status,Shipping_Type,Discount_Applied,Promo_Code_Used,Previous_Purchases,Payment_Method,Frequency_of_Purchases,Frequency_Score,Promo_Dependent,Satisfaction_Flag,Tenure_Band,Spend_Tier,Customer_Value_Score,Value_Tier,Promo_Value_Segment,Age_Group,Premium_Shipping_Flag,High_Value_Flag,Retention_Risk_Score,Loyalty_Score_A,Loyalty_Label_A,Loyalty_Score_B,Loyalty_Label_B
1,55,Male,Blouse,Clothing,53,Kentucky,L,Gray,Winter,3.1,1,Express,1,1,14,Venmo,Fortnightly,26,1,Medium,Growing,Medium,0.3847,Silver,Low_Value_Promo_Dependent,55-64,1,0,2,0.3022,Transactional,0.4371,Developing
2,19,Male,Sweater,Clothing,64,Maine,L,Maroon,Winter,3.1,1,Express,1,1,2,Cash,Fortnightly,26,1,Medium,New,Medium,0.3142,Silver,Low_Value_Promo_Dependent,18-24,1,0,2,0.2042,Transactional,0.4715,Developing
3,50,Male,Jeans,Clothing,73,Massachusetts,S,Maroon,Spring,3.1,1,Free Shipping,1,1,23,Credit Card,Weekly,52,1,Medium,Growing,High,0.7121,Platinum,High_Value_Promo_Dependent,45-54,0,1,2,0.5796,Loyal,0.4996,Developing
4,21,Male,Sandals,Footwear,90,Rhode Island,M,Maroon,Spring,3.5,1,Next Day Air,1,1,49,PayPal,Weekly,52,1,Medium,Veteran,High,0.9668,Platinum,High_Value_Promo_Dependent,18-24,1,1,2,0.7918,Loyal,0.6088,Loyal
5,45,Male,Blouse,Clothing,49,Oregon,M,Turquoise,Spring,2.7,1,Free Shipping,1,1,31,PayPal,Annually,1,1,Low,Established,Medium,0.3174,Silver,Low_Value_Promo_Dependent,45-54,0,0,3,0.2449,Transactional,0.3686,Transactional
6,46,Male,Sneakers,Footwear,20,Wyoming,M,White,Summer,2.9,1,Standard,1,1,14,Venmo,Weekly,52,1,Low,Growing,Low,0.5061,Gold,High_Value_Promo_Dependent,45-54,0,1,3,0.5061,Developing,0.306,Transactional
7,63,Male,Shirt,Clothing,85,Montana,M,Gray,Fall,3.2,1,Free Shipping,1,1,49,Cash,Quarterly,4,1,Medium,Veteran,High,0.5779,Gold,High_Value_Promo_Dependent,55-64,0,1,2,0.4154,Developing,0.5511,Loyal
8,27,Male,Shorts,Clothing,34,Louisiana,L,Charcoal,Winter,3.2,1,Free Shipping,1,1,19,Credit Card,Weekly,52,1,Medium,Growing,Low,0.5819,Gold,High_Value_Promo_Dependent,25-34,0,1,2,0.5469,Loyal,0.3918,Developing
9,26,Male,Coat,Outerwear,97,West Virginia,L,Silver,Summer,2.6,1,Express,1,1,8,Venmo,Annually,1,1,Low,New,High,0.2496,Bronze,Low_Value_Promo_Dependent,25-34,1,0,3,0.0571,Transactional,0.5046,Developing
10,57,Male,Handbag,Accessories,31,Missouri,M,Pink,Spring,4.8,1,2-Day Shipping,1,1,4,Cash,Quarterly,4,1,High,New,Low,0.0755,Bronze,Low_Value_Promo_Dependent,55-64,1,0,1,0.048,Transactional,0.6064,Loyal
11,53,Male,Shoes,Footwear,34,Arkansas,L,Purple,Fall,4.1,1,Store Pickup,1,1,26,Bank Transfer,Fortnightly,26,1,High,Established,Low,0.4352,Silver,Low_Value_Promo_Dependent,45-54,0,0,1,0.4002,Developing,0.5177,Loyal
12,30,Male,Shorts,Clothing,68,Hawaii,S,Olive,Winter,4.9,1,Store Pickup,1,1,10,Bank Transfer,Fortnightly,26,1,High,Growing,Medium,0.3895,Silver,Low_Value_Promo_Dependent,25-34,0,0,1,0.2695,Transactional,0.736,Loyal
13,61,Male,Coat,Outerwear,72,Delaware,M,Gold,Winter,4.5,1,Express,1,1,37,Venmo,Fortnightly,26,1,High,Established,Medium,0.62,Gold,High_Value_Promo_Dependent,55-64,1,1,1,0.49,Developing,0.6925,Loyal
14,65,Male,Dress,Clothing,51,New Hampshire,M,Violet,Spring,4.7,1,Express,1,1,31,PayPal,Weekly,52,1,High,Established,Medium,0.7224,Platinum,High_Value_Promo_Dependent,65+,1,1,1,0.6449,Loyal,0.6549,Loyal
15,64,Male,Coat,Outerwear,53,New York,L,Teal,Winter,4.7,1,Free Shipping,1,1,34,Debit Card,Weekly,52,1,High,Established,Medium,0.7519,Platinum,High_Value_Promo_Dependent,55-64,0,1,1,0.6694,Loyal,0.6611,Loyal
16,64,Male,Skirt,Clothing,81,Rhode Island,M,Teal,Winter,2.8,1,Store Pickup,1,1,8,PayPal,Monthly,12,1,Low,New,High,0.2959,Silver,Low_Value_Promo_Dependent,55-64,0,0,3,0.1434,Transactional,0.4826,Developing
17,25,Male,Sunglasses,Accessories,36,Alabama,S,Gray,Spring,4.1,1,Next Day Air,1,1,44,Debit Card,Fortnightly,26,1,High,Veteran,Low,0.5871,Gold,High_Value_Promo_Dependent,25-34,1,1,1,0.5471,Loyal,0.524,Loyal
18,53,Male,Dress,Clothing,38,Mississippi,XL,Lavender,Winter,4.7,1,2-Day Shipping,1,1,36,Venmo,Quarterly,4,1,High,Established,Low,0.3542,Silver,Low_Value_Promo_Dependent,45-54,1,0,1,0.3092,Transactional,0.6143,Loyal
19,52,Male,Sweater,Clothing,48,Montana,S,Black,Summer,4.6,1,Free Shipping,1,1,17,Cash,Weekly,52,1,High,Growing,Medium,0.6006,Gold,High_Value_Promo_Dependent,45-54,0,1,1,0.5306,Loyal,0.6315,Loyal
20,66,Male,Pants,Clothing,90,Rhode Island,M,Green,Summer,3.3,1,Standard,1,1,46,Debit Card,Fortnightly,26,1,Medium,Veteran,High,0.7384,Platinum,High_Value_Promo_Dependent,65+,0,1,2,0.5634,Loyal,0.5808,Loyal
21,21,Male,Pants,Clothing,51,Louisiana,M,Black,Winter,2.8,1,Express,1,1,50,Cash,Quarterly,4,1,Low,Veteran,Medium,0.501,Gold,High_Value_Promo_Dependent,18-24,1,1,3,0.4235,Developing,0.3889,Developing
22,31,Male,Pants,Clothing,62,North Carolina,M,Charcoal,Winter,4.1,1,Store Pickup,1,1,22,Debit Card,Quarterly,4,1,High,Growing,Medium,0.3,Silver,Low_Value_Promo_Dependent,25-34,0,0,1,0.195,Transactional,0.6052,Loyal
23,56,Male,Pants,Clothing,37,California,M,Peach,Summer,3.2,1,Store Pickup,1,1,32,Debit Card,Annually,1,1,Medium,Established,Low,0.2956,Silver,Low_Value_Promo_Dependent,55-64,0,0,2,0.2531,Transactional,0.4011,Developing
24,31,Male,Pants,Clothing,88,Oklahoma,XL,White,Winter,4.4,1,Express,1,1,40,Credit Card,Weekly,52,1,High,Veteran,High,0.8884,Platinum,High_Value_Promo_Dependent,25-34,1,1,1,0.7184,Loyal,0.7285,Loyal
25,18,Male,Jacket,Outerwear,22,Florida,M,Green,Fall,2.9,1,Store Pickup,1,1,16,Debit Card,Weekly,52,1,Low,Growing,Low,0.5274,Gold,High_Value_Promo_Dependent,18-24,0,1,3,0.5224,Developing,0.3122,Transactional
26,18,Male,Hoodie,Clothing,25,Texas,M,Silver,Summer,3.6,1,Express,1,1,14,PayPal,Annually,1,1,Medium,Growing,Low,0.1186,Bronze,Low_Value_Promo_Dependent,18-24,1,0,2,0.1061,Transactional,0.4196,Developing
27,38,Male,Jewelry,Accessories,20,Nevada,M,Red,Spring,3.6,1,Next Day Air,1,1,13,Credit Card,Annually,1,1,Medium,Growing,Low,0.098,Bronze,Low_Value_Promo_Dependent,35-44,1,0,2,0.098,Transactional,0.404,Developing
28,56,Male,Shorts,Clothing,56,Kentucky,L,Cyan,Summer,5.0,1,Next Day Air,1,1,7,Bank Transfer,Quarterly,4,1,High,New,Medium,0.1625,Bronze,Low_Value_Promo_Dependent,55-64,1,0,1,0.0725,Transactional,0.7125,Loyal
29,54,Male,Handbag,Accessories,94,North Carolina,M,Gray,Fall,4.4,1,Free Shipping,1,1,41,PayPal,Quarterly,4,1,High,Veteran,High,0.5351,Gold,High_Value_Promo_Dependent,45-54,0,1,1,0.3501,Developing,0.7472,Loyal
30,31,Male,Dress,Clothing,48,Wyoming,S,Black,Fall,4.1,1,Store Pickup,1,1,14,Credit Card,Weekly,52,1,High,Growing,Medium,0.5761,Gold,High_Value_Promo_Dependent,25-34,0,1,1,0.5061,Developing,0.5615,Loyal
31,57,Male,Jewelry,Accessories,31,North Carolina,L,Black,Winter,4.7,1,Standard,1,1,16,Credit Card,Monthly,12,1,High,Growing,Low,0.2362,Bronze,Low_Value_Promo_Dependent,55-64,0,0,1,0.2087,Transactional,0.5924,Loyal
32,33,Male,Dress,Clothing,79,West Virginia,L,Brown,Winter,4.7,1,Store Pickup,1,1,45,Venmo,Monthly,12,1,High,Veteran,High,0.593,Gold,High_Value_Promo_Dependent,25-34,0,1,1,0.4455,Developing,0.7424,Loyal
33,36,Male,Jacket,Outerwear,67,Kansas,M,Silver,Summer,4.9,1,Free Shipping,1,1,37,Venmo,Annually,1,1,High,Established,Medium,0.4114,Silver,Low_Value_Promo_Dependent,35-44,0,0,1,0.2939,Transactional,0.7329,Loyal
34,54,Male,Pants,Clothing,38,Colorado,L,Green,Summer,3.3,1,Store Pickup,1,1,45,Cash,Quarterly,4,1,Medium,Veteran,Low,0.4277,Silver,Low_Value_Promo_Dependent,45-54,0,0,2,0.3827,Developing,0.4182,Developing
35,36,Male,T-shirt,Clothing,91,North Dakota,L,Violet,Spring,4.6,1,2-Day Shipping,1,1,38,PayPal,Quarterly,4,1,High,Established,High,0.5031,Gold,High_Value_Promo_Dependent,35-44,1,1,1,0.3256,Transactional,0.7659,Loyal
36,54,Male,Blouse,Clothing,33,Massachusetts,M,Cyan,Summer,4.0,1,2-Day Shipping,1,1,48,Credit Card,Fortnightly,26,1,High,Veteran,Low,0.6123,Gold,High_Value_Promo_Dependent,45-54,1,1,1,0.5798,Loyal,0.5006,Developing
37,35,Male,T-shirt,Clothing,69,Illinois,M,Maroon,Winter,4.6,1,Free Shipping,1,1,44,PayPal,Fortnightly,26,1,High,Veteran,Medium,0.6696,Platinum,High_Value_Promo_Dependent,35-44,0,1,1,0.5471,Loyal,0.6971,Loyal
38,35,Male,Jeans,Clothing,45,Indiana,S,Cyan,Summer,2.8,1,Store Pickup,1,1,10,PayPal,Weekly,52,1,Low,Growing,Medium,0.536,Gold,High_Value_Promo_Dependent,35-44,0,1,3,0.4735,Developing,0.3701,Transactional
39,29,Male,Dress,Clothing,37,Florida,M,Red,Winter,3.8,1,2-Day Shipping,1,1,44,Venmo,Quarterly,4,1,Medium,Veteran,Low,0.417,Silver,Low_Value_Promo_Dependent,25-34,1,0,2,0.3745,Developing,0.4851,Developing
40,70,Male,Pants,Clothing,60,Arizona,S,Turquoise,Summer,4.2,1,Express,1,1,18,Credit Card,Monthly,12,1,High,Growing,Medium,0.3251,Silver,Low_Value_Promo_Dependent,65+,1,0,1,0.2251,Transactional,0.613,Loyal
41,69,Male,Handbag,Accessories,76,Louisiana,L,Beige,Winter,4.6,1,Next Day Air,1,1,31,Debit Card,Quarterly,4,1,High,Established,High,0.4084,Silver,Low_Value_Promo_Dependent,65+,1,0,1,0.2684,Transactional,0.719,Loyal
42,67,Male,Scarf,Accessories,39,Alaska,M,Orange,Spring,4.5,1,Standard,1,1,40,Venmo,Annually,1,1,High,Veteran,Low,0.3659,Silver,Low_Value_Promo_Dependent,65+,0,0,1,0.3184,Transactional,0.5894,Loyal
43,20,Male,Coat,Outerwear,100,Tennessee,M,Beige,Spring,4.1,1,Free Shipping,1,1,15,PayPal,Annually,1,1,High,Growing,High,0.3143,Silver,Low_Value_Promo_Dependent,18-24,0,0,1,0.1143,Transactional,0.724,Loyal
44,25,Male,Scarf,Accessories,69,Ohio,L,Lavender,Fall,3.7,1,Store Pickup,1,1,19,PayPal,Fortnightly,26,1,Medium,Growing,Medium,0.4655,Gold,High_Value_Promo_Dependent,25-34,0,1,2,0.343,Transactional,0.5711,Loyal
45,39,Male,Hat,Accessories,53,Kentucky,S,Silver,Summer,4.6,1,Free Shipping,1,1,45,PayPal,Weekly,52,1,High,Veteran,Medium,0.8417,Platinum,High_Value_Promo_Dependent,35-44,0,1,1,0.7592,Loyal,0.6471,Loyal
46,50,Male,Socks,Clothing,21,Tennessee,XL,Indigo,Fall,2.9,1,2-Day Shipping,1,1,25,PayPal,Annually,1,1,Low,Established,Low,0.1984,Bronze,Low_Value_Promo_Dependent,45-54,1,0,3,0.1959,Transactional,0.3091,Transactional
47,57,Male,Shirt,Clothing,43,California,L,White,Summer,2.9,1,Store Pickup,1,1,45,Cash,Quarterly,4,1,Low,Veteran,Low,0.4402,Silver,Low_Value_Promo_Dependent,55-64,0,0,3,0.3827,Developing,0.3779,Transactional
48,55,Male,Jewelry,Accessories,54,Montana,M,Charcoal,Winter,4.5,1,Free Shipping,1,1,36,Cash,Weekly,52,1,High,Established,Medium,0.7707,Platinum,High_Value_Promo_Dependent,55-64,0,1,1,0.6857,Loyal,0.6362,Loyal
49,42,Male,Shirt,Clothing,55,Nevada,M,Orange,Summer,2.7,1,Store Pickup,1,1,38,Cash,Monthly,12,1,Low,Established,Medium,0.4758,Gold,High_Value_Promo_Dependent,35-44,0,1,3,0.3883,Developing,0.3874,Developing
50,68,Male,Hoodie,Clothing,30,New Jersey,S,Indigo,Spring,4.6,1,Next Day Air,1,1,34,Debit Card,Fortnightly,26,1,High,Established,Low,0.4905,Gold,High_Value_Promo_Dependent,65+,1,1,1,0.4655,Developing,0.5752,Loyal
51,49,Male,Blouse,Clothing,28,Maryland,M,Red,Spring,3.8,1,Store Pickup,1,1,39,Debit Card,Fortnightly,26,1,Medium,Established,Low,0.5263,Gold,High_Value_Promo_Dependent,45-54,0,1,2,0.5063,Developing,0.457,Developing
52,59,Male,Skirt,Clothing,59,Vermont,XL,Gray,Winter,4.7,1,2-Day Shipping,1,1,7,Credit Card,Quarterly,4,1,High,New,Medium,0.17,Bronze,Low_Value_Promo_Dependent,55-64,1,0,1,0.0725,Transactional,0.6799,Loyal
53,42,Male,T-shirt,Clothing,20,Alaska,M,Green,Summer,2.6,1,Free Shipping,1,1,26,Credit Card,Weekly,52,1,Low,Established,Low,0.6041,Gold,High_Value_Promo_Dependent,35-44,0,1,3,0.6041,Loyal,0.264,Transactional
54,29,Male,Skirt,Clothing,24,Mississippi,S,Peach,Winter,3.9,1,Next Day Air,1,1,35,Credit Card,Weekly,52,1,Medium,Established,Low,0.6876,Platinum,High_Value_Promo_Dependent,25-34,1,1,2,0.6776,Loyal,0.4585,Developing
55,47,Male,Coat,Outerwear,94,New Mexico,M,Brown,Summer,4.2,1,Next Day Air,1,1,35,Debit Card,Fortnightly,26,1,High,Established,High,0.6586,Platinum,High_Value_Promo_Dependent,45-54,1,1,1,0.4736,Developing,0.7193,Loyal
56,40,Male,Jacket,Outerwear,28,South Carolina,M,Lavender,Winter,3.0,1,2-Day Shipping,1,1,49,Credit Card,Annually,1,1,Medium,Veteran,Low,0.4118,Silver,Low_Value_Promo_Dependent,35-44,1,0,2,0.3918,Developing,0.345,Transactional
57,41,Male,Backpack,Accessories,73,Mississippi,XL,Brown,Summer,4.7,1,Store Pickup,1,1,46,Credit Card,Weekly,52,1,High,Veteran,High,0.8998,Platinum,High_Value_Promo_Dependent,35-44,0,1,1,0.7673,Loyal,0.7236,Loyal
58,21,Male,Coat,Outerwear,64,West Virginia,M,White,Summer,4.4,1,Store Pickup,1,1,17,Debit Card,Fortnightly,26,1,High,Growing,Medium,0.4367,Silver,Low_Value_Promo_Dependent,18-24,0,0,1,0.3267,Transactional,0.6535,Loyal
59,69,Male,Hoodie,Clothing,54,Missouri,M,Charcoal,Summer,4.2,1,Free Shipping,1,1,29,Venmo,Monthly,12,1,High,Established,Medium,0.3998,Silver,Low_Value_Promo_Dependent,65+,0,0,1,0.3148,Transactional,0.5943,Loyal
60,63,Male,Belt,Accessories,79,Louisiana,L,Yellow,Spring,4.6,1,Standard,1,1,4,Debit Card,Weekly,52,1,High,New,High,0.572,Gold,High_Value_Promo_Dependent,55-64,0,1,1,0.4245,Developing,0.7284,Loyal
61,50,Male,Sweater,Clothing,37,Idaho,L,Brown,Summer,4.0,1,Express,1,1,17,Cash,Weekly,52,1,High,Growing,Low,0.5731,Gold,High_Value_Promo_Dependent,45-54,1,1,1,0.5306,Loyal,0.5131,Developing
62,55,Male,Scarf,Accessories,68,Texas,M,Orange,Winter,4.7,1,Store Pickup,1,1,21,Credit Card,Quarterly,4,1,High,Growing,Medium,0.3068,Silver,Low_Value_Promo_Dependent,55-64,0,0,1,0.1868,Transactional,0.708,Loyal
63,30,Male,Sneakers,Footwear,21,Mississippi,S,Magenta,Spring,3.8,1,Free Shipping,1,1,31,Credit Card,Fortnightly,26,1,Medium,Established,Low,0.4435,Silver,Low_Value_Promo_Dependent,25-34,0,0,2,0.441,Developing,0.4351,Developing
64,33,Male,Sunglasses,Accessories,79,Arizona,L,Lavender,Winter,2.7,1,2-Day Shipping,1,1,43,Credit Card,Weekly,52,1,Low,Veteran,High,0.8904,Platinum,High_Value_Promo_Dependent,25-34,1,1,3,0.7429,Loyal,0.4624,Developing
65,65,Male,Boots,Footwear,83,Alabama,S,Green,Fall,4.8,1,Standard,1,1,18,Debit Card,Fortnightly,26,1,High,Growing,High,0.4924,Gold,High_Value_Promo_Dependent,65+,0,1,1,0.3349,Transactional,0.7689,Loyal
66,65,Male,Backpack,Accessories,36,New Jersey,M,Purple,Spring,4.8,1,2-Day Shipping,1,1,44,Venmo,Quarterly,4,1,High,Veteran,Low,0.4145,Silver,Low_Value_Promo_Dependent,65+,1,0,1,0.3745,Developing,0.622,Loyal
67,31,Male,Blouse,Clothing,94,Pennsylvania,S,Magenta,Winter,4.7,1,2-Day Shipping,1,1,3,Venmo,Quarterly,4,1,High,New,High,0.2249,Bronze,Low_Value_Promo_Dependent,25-34,1,0,1,0.0399,Transactional,0.7892,Loyal
68,45,Male,Coat,Outerwear,33,Connecticut,L,Gray,Winter,4.4,1,Store Pickup,1,1,49,Debit Card,Monthly,12,1,High,Veteran,Low,0.5106,Gold,High_Value_Promo_Dependent,45-54,0,1,1,0.4781,Developing,0.5566,Loyal
69,57,Male,Handbag,Accessories,46,Utah,L,Silver,Summer,3.9,1,Next Day Air,1,1,21,Cash,Quarterly,4,1,Medium,Growing,Medium,0.2518,Silver,Low_Value_Promo_Dependent,55-64,1,0,2,0.1868,Transactional,0.5272,Loyal
70,48,Male,Belt,Accessories,70,Tennessee,S,Cyan,Summer,4.4,1,Express,1,1,5,Cash,Weekly,52,1,High,New,Medium,0.5577,Gold,High_Value_Promo_Dependent,45-54,1,1,1,0.4327,Developing,0.6722,Loyal
71,22,Male,Belt,Accessories,29,Alabama,M,Magenta,Fall,4.2,1,Express,1,1,32,Debit Card,Quarterly,4,1,High,Established,Low,0.2991,Silver,Low_Value_Promo_Dependent,18-24,1,0,1,0.2766,Transactional,0.5161,Developing
72,36,Male,Dress,Clothing,48,Virginia,L,Gold,Summer,2.9,1,Express,1,1,34,Bank Transfer,Annually,1,1,Low,Established,Medium,0.3394,Silver,Low_Value_Promo_Dependent,35-44,1,0,3,0.2694,Transactional,0.3935,Developing
73,18,Male,Dress,Clothing,26,Georgia,M,Olive,Winter,2.9,1,Store Pickup,1,1,21,Bank Transfer,Quarterly,4,1,Low,Growing,Low,0.2018,Bronze,Low_Value_Promo_Dependent,18-24,0,0,3,0.1868,Transactional,0.3247,Transactional
74,48,Male,Pants,Clothing,85,Hawaii,M,Teal,Spring,2.7,1,Free Shipping,1,1,43,Bank Transfer,Fortnightly,26,1,Low,Veteran,High,0.7014,Platinum,High_Value_Promo_Dependent,45-54,0,1,3,0.5389,Loyal,0.4811,Developing
75,49,Male,Gloves,Accessories,58,Indiana,L,Violet,Spring,4.5,1,Express,1,1,3,Cash,Monthly,12,1,High,New,Medium,0.1976,Bronze,Low_Value_Promo_Dependent,45-54,1,0,1,0.1026,Transactional,0.6488,Loyal
76,64,Male,Scarf,Accessories,85,Utah,M,Blue,Summer,2.7,1,Free Shipping,1,1,21,Credit Card,Annually,1,1,Low,Growing,High,0.3258,Silver,Low_Value_Promo_Dependent,55-64,0,0,3,0.1633,Transactional,0.4811,Developing
77,50,Male,Hat,Accessories,43,Delaware,S,Teal,Summer,4.2,1,Free Shipping,1,1,32,Venmo,Monthly,12,1,High,Established,Low,0.3968,Silver,Low_Value_Promo_Dependent,45-54,0,0,1,0.3393,Transactional,0.5599,Loyal
78,22,Male,Dress,Clothing,53,Delaware,L,Gold,Summer,3.3,1,Next Day Air,1,1,36,Debit Card,Fortnightly,26,1,Medium,Established,Medium,0.5643,Gold,High_Value_Promo_Dependent,18-24,1,1,2,0.4818,Developing,0.4651,Developing
79,50,Male,Skirt,Clothing,91,Nebraska,M,Maroon,Spring,4.7,1,Free Shipping,1,1,50,Venmo,Fortnightly,26,1,High,Veteran,High,0.7736,Platinum,High_Value_Promo_Dependent,45-54,0,1,1,0.5961,Loyal,0.7799,Loyal
80,38,Male,Jacket,Outerwear,96,Iowa,M,Olive,Winter,2.6,1,2-Day Shipping,1,1,43,Bank Transfer,Quarterly,4,1,Low,Veteran,High,0.5564,Gold,High_Value_Promo_Dependent,35-44,1,1,3,0.3664,Developing,0.5015,Developing
81,19,Male,Sandals,Footwear,72,New York,XL,Blue,Summer,3.8,1,Store Pickup,1,1,24,Credit Card,Quarterly,4,1,Medium,Growing,Medium,0.3413,Silver,Low_Value_Promo_Dependent,18-24,0,0,2,0.2113,Transactional,0.5945,Loyal
82,67,Male,Shoes,Footwear,96,Virginia,L,Maroon,Summer,2.6,1,Express,1,1,36,Credit Card,Quarterly,4,1,Low,Established,High,0.4992,Gold,High_Value_Promo_Dependent,65+,1,1,3,0.3092,Transactional,0.5015,Developing
83,19,Male,Pants,Clothing,28,Georgia,S,Olive,Spring,4.0,1,2-Day Shipping,1,1,21,Credit Card,Quarterly,4,1,High,Growing,Low,0.2068,Bronze,Low_Value_Promo_Dependent,18-24,1,0,1,0.1868,Transactional,0.485,Developing
84,36,Male,Dress,Clothing,40,Texas,M,Turquoise,Summer,4.1,1,Standard,1,1,34,Bank Transfer,Weekly,52,1,High,Established,Low,0.7194,Platinum,High_Value_Promo_Dependent,35-44,0,1,1,0.6694,Loyal,0.5365,Loyal
85,52,Male,Coat,Outerwear,32,Arizona,S,Peach,Spring,4.4,1,Standard,1,1,42,Bank Transfer,Quarterly,4,1,High,Veteran,Low,0.3882,Silver,Low_Value_Promo_Dependent,45-54,0,0,1,0.3582,Developing,0.5535,Loyal
86,53,Male,Sunglasses,Accessories,95,New Mexico,M,Charcoal,Winter,4.5,1,Next Day Air,1,1,2,Debit Card,Fortnightly,26,1,High,New,High,0.3917,Silver,Low_Value_Promo_Dependent,45-54,1,0,1,0.2042,Transactional,0.7644,Loyal
87,24,Male,Hoodie,Clothing,41,Nevada,L,Pink,Spring,3.7,1,2-Day Shipping,1,1,47,Cash,Fortnightly,26,1,Medium,Veteran,Low,0.6241,Gold,High_Value_Promo_Dependent,18-24,1,1,2,0.5716,Loyal,0.4836,Developing
88,52,Male,Shoes,Footwear,53,Ohio,M,Green,Fall,3.7,1,2-Day Shipping,1,1,44,Debit Card,Fortnightly,26,1,Medium,Veteran,Medium,0.6296,Gold,High_Value_Promo_Dependent,45-54,1,1,2,0.5471,Loyal,0.5211,Loyal
89,33,Male,T-shirt,Clothing,47,Wyoming,M,Orange,Fall,3.5,1,Free Shipping,1,1,35,Credit Card,Monthly,12,1,Medium,Established,Medium,0.4313,Silver,Low_Value_Promo_Dependent,25-34,0,0,2,0.3638,Developing,0.4744,Developing
90,47,Male,Jacket,Outerwear,83,California,XL,Pink,Fall,3.6,1,Next Day Air,1,1,15,Cash,Quarterly,4,1,Medium,Growing,High,0.2953,Silver,Low_Value_Promo_Dependent,45-54,1,0,2,0.1378,Transactional,0.6009,Loyal
91,25,Male,Hat,Accessories,48,South Carolina,L,Violet,Summer,2.9,1,Express,1,1,29,Credit Card,Monthly,12,1,Low,Established,Medium,0.3848,Silver,Low_Value_Promo_Dependent,25-34,1,0,3,0.3148,Transactional,0.3935,Developing
92,44,Male,Scarf,Accessories,99,South Carolina,S,Green,Winter,4.6,1,Standard,1,1,18,Credit Card,Quarterly,4,1,High,Growing,High,0.3598,Silver,Low_Value_Promo_Dependent,35-44,0,0,1,0.1623,Transactional,0.7909,Loyal
93,61,Male,Jacket,Outerwear,87,Texas,M,Olive,Winter,4.4,1,2-Day Shipping,1,1,13,Venmo,Quarterly,4,1,High,Growing,High,0.289,Silver,Low_Value_Promo_Dependent,55-64,1,0,1,0.1215,Transactional,0.7254,Loyal
94,37,Male,Sweater,Clothing,62,Florida,M,Purple,Fall,4.5,1,Standard,1,1,46,Credit Card,Weekly,52,1,High,Veteran,Medium,0.8723,Platinum,High_Value_Promo_Dependent,35-44,0,1,1,0.7673,Loyal,0.6612,Loyal
95,58,Male,Skirt,Clothing,76,Nevada,S,Silver,Spring,4.6,1,Free Shipping,1,1,28,Credit Card,Weekly,52,1,High,Established,High,0.7604,Platinum,High_Value_Promo_Dependent,55-64,0,1,1,0.6204,Loyal,0.719,Loyal
96,37,Male,Sneakers,Footwear,100,Missouri,L,Pink,Fall,3.8,1,Free Shipping,1,1,48,PayPal,Monthly,12,1,Medium,Veteran,High,0.6699,Platinum,High_Value_Promo_Dependent,35-44,0,1,2,0.4699,Developing,0.682,Loyal
97,32,Male,Gloves,Accessories,73,Delaware,S,Gold,Spring,3.8,1,Express,1,1,43,Venmo,Quarterly,4,1,Medium,Veteran,High,0.4989,Gold,High_Value_Promo_Dependent,25-34,1,1,2,0.3664,Developing,0.5976,Loyal
98,21,Male,Shoes,Footwear,92,Virginia,M,Teal,Winter,4.8,1,Store Pickup,1,1,37,Cash,Annually,1,1,High,Established,High,0.4739,Gold,High_Value_Promo_Dependent,18-24,0,1,1,0.2939,Transactional,0.797,Loyal
99,20,Male,Jeans,Clothing,67,New York,XL,Teal,Spring,2.6,1,Next Day Air,1,1,20,Bank Transfer,Annually,1,1,Low,Growing,Medium,0.2726,Silver,Low_Value_Promo_Dependent,18-24,1,0,3,0.1551,Transactional,0.4109,Developing
100,26,Male,Hoodie,Clothing,40,Missouri,XL,Indigo,Summer,3.7,1,Express,1,1,33,Debit Card,Quarterly,4,1,Medium,Established,Low,0.3348,Silver,Low_Value_Promo_Dependent,25-34,1,0,2,0.2848,Transactional,0.4805,Developing
101,62,Male,Sunglasses,Accessories,98,South Dakota,M,Maroon,Fall,2.7,1,Express,1,1,31,Cash,Fortnightly,26,1,Low,Established,High,0.636,Gold,High_Value_Promo_Dependent,55-64,1,1,3,0.441,Developing,0.5218,Loyal
102,27,Male,Coat,Outerwear,85,North Dakota,XL,White,Spring,4.6,1,Express,1,1,50,Credit Card,Fortnightly,26,1,High,Veteran,High,0.7586,Platinum,High_Value_Promo_Dependent,25-34,1,1,1,0.5961,Loyal,0.7471,Loyal
103,51,Male,Socks,Clothing,67,Oklahoma,L,Violet,Winter,4.8,1,Next Day Air,1,1,35,Credit Card,Quarterly,4,1,High,Established,Medium,0.4186,Silver,Low_Value_Promo_Dependent,45-54,1,0,1,0.3011,Transactional,0.7189,Loyal
104,54,Male,Boots,Footwear,89,West Virginia,L,Red,Winter,4.0,1,Next Day Air,1,1,22,Venmo,Fortnightly,26,1,High,Growing,High,0.54,Gold,High_Value_Promo_Dependent,45-54,1,1,1,0.3675,Developing,0.6756,Loyal
105,55,Male,Sunglasses,Accessories,24,New Hampshire,L,Pink,Spring,4.4,1,2-Day Shipping,1,1,1,PayPal,Monthly,12,1,High,New,Low,0.0963,Bronze,Low_Value_Promo_Dependent,55-64,1,0,1,0.0863,Transactional,0.5285,Loyal
106,69,Male,Backpack,Accessories,96,New York,M,Charcoal,Fall,3.6,1,Next Day Air,1,1,4,Bank Transfer,Annually,1,1,Medium,New,High,0.2145,Bronze,Low_Value_Promo_Dependent,65+,1,0,2,0.0245,Transactional,0.6415,Loyal
107,64,Male,Jacket,Outerwear,35,Minnesota,L,White,Summer,3.7,1,Standard,1,1,31,Credit Card,Monthly,12,1,Medium,Established,Low,0.3687,Silver,Low_Value_Promo_Dependent,55-64,0,0,2,0.3312,Transactional,0.4649,Developing
108,28,Male,Sneakers,Footwear,67,Maryland,L,Olive,Winter,3.1,1,Next Day Air,1,1,46,PayPal,Fortnightly,26,1,Medium,Veteran,Medium,0.6809,Platinum,High_Value_Promo_Dependent,25-34,1,1,2,0.5634,Loyal,0.4809,Developing
109,70,Male,Socks,Clothing,79,Montana,L,Purple,Spring,3.4,1,Next Day Air,1,1,32,Bank Transfer,Fortnightly,26,1,Medium,Established,High,0.5966,Gold,High_Value_Promo_Dependent,65+,1,1,2,0.4491,Developing,0.5604,Loyal
110,58,Male,T-shirt,Clothing,85,Alabama,M,Violet,Spring,2.6,1,Next Day Air,1,1,43,Bank Transfer,Fortnightly,26,1,Low,Veteran,High,0.7014,Platinum,High_Value_Promo_Dependent,55-64,1,1,3,0.5389,Loyal,0.4671,Developing
111,56,Male,Backpack,Accessories,26,New York,M,Black,Summer,4.0,1,Standard,1,1,26,Venmo,Fortnightly,26,1,High,Established,Low,0.4152,Silver,Low_Value_Promo_Dependent,55-64,0,0,1,0.4002,Developing,0.4788,Developing
112,26,Male,Belt,Accessories,75,Massachusetts,L,Purple,Summer,5.0,1,Free Shipping,1,1,9,Credit Card,Annually,1,1,High,New,High,0.2028,Bronze,Low_Value_Promo_Dependent,25-34,0,0,1,0.0653,Transactional,0.7719,Loyal
113,37,Male,Gloves,Accessories,65,Florida,M,Red,Spring,4.3,1,Free Shipping,1,1,28,PayPal,Fortnightly,26,1,High,Established,Medium,0.529,Gold,High_Value_Promo_Dependent,35-44,0,1,1,0.4165,Developing,0.6426,Loyal
114,44,Male,Hat,Accessories,54,New Jersey,L,Maroon,Winter,3.1,1,Next Day Air,1,1,20,PayPal,Quarterly,4,1,Medium,Growing,Medium,0.2636,Silver,Low_Value_Promo_Dependent,35-44,1,0,2,0.1786,Transactional,0.4403,Developing
115,70,Male,Coat,Outerwear,95,Massachusetts,S,Blue,Summer,3.7,1,Store Pickup,1,1,9,Cash,Weekly,52,1,Medium,New,High,0.6528,Platinum,High_Value_Promo_Dependent,65+,0,1,2,0.4653,Developing,0.6524,Loyal
116,53,Male,Skirt,Clothing,94,Wyoming,M,Gray,Spring,3.8,1,Standard,1,1,48,Debit Card,Quarterly,4,1,Medium,Veteran,High,0.5922,Gold,High_Value_Promo_Dependent,45-54,0,1,2,0.4072,Developing,0.6632,Loyal
117,55,Male,Shoes,Footwear,86,Virginia,S,Blue,Spring,3.4,1,Free Shipping,1,1,12,Venmo,Annually,1,1,Medium,Growing,High,0.2548,Silver,Low_Value_Promo_Dependent,55-64,0,0,2,0.0898,Transactional,0.5822,Loyal
118,50,Male,Sandals,Footwear,32,South Dakota,L,Yellow,Summer,4.6,1,Express,1,1,29,Cash,Fortnightly,26,1,High,Established,Low,0.4546,Gold,High_Value_Promo_Dependent,45-54,1,1,1,0.4246,Developing,0.5815,Loyal
119,50,Male,Sweater,Clothing,45,Kentucky,L,Orange,Fall,4.8,1,2-Day Shipping,1,1,27,Cash,Fortnightly,26,1,High,Established,Medium,0.4708,Gold,High_Value_Promo_Dependent,45-54,1,1,1,0.4083,Developing,0.6501,Loyal
120,38,Male,Coat,Outerwear,76,Wyoming,M,Orange,Fall,4.3,1,Express,1,1,44,Cash,Annually,1,1,High,Veteran,High,0.491,Gold,High_Value_Promo_Dependent,35-44,1,1,1,0.351,Developing,0.677,Loyal
121,64,Male,Hat,Accessories,84,West Virginia,L,Red,Summer,4.0,1,Express,1,1,32,Bank Transfer,Annually,1,1,High,Established,High,0.4131,Silver,Low_Value_Promo_Dependent,55-64,1,0,1,0.2531,Transactional,0.66,Loyal
122,19,Male,Shorts,Clothing,72,Virginia,M,Olive,Winter,4.2,1,Standard,1,1,11,Cash,Fortnightly,26,1,High,Growing,Medium,0.4077,Silver,Low_Value_Promo_Dependent,18-24,0,0,1,0.2777,Transactional,0.6505,Loyal
123,40,Male,Backpack,Accessories,40,Washington,L,Brown,Spring,4.8,1,2-Day Shipping,1,1,44,Cash,Fortnightly,26,1,High,Veteran,Low,0.5971,Gold,High_Value_Promo_Dependent,35-44,1,1,1,0.5471,Loyal,0.6345,Loyal
124,57,Male,Sweater,Clothing,89,Louisiana,L,Brown,Fall,3.1,1,Free Shipping,1,1,46,Cash,Weekly,52,1,Medium,Veteran,High,0.9398,Platinum,High_Value_Promo_Dependent,55-64,0,1,2,0.7673,Loyal,0.5496,Loyal
125,44,Male,Sweater,Clothing,86,Nevada,M,Gray,Spring,3.1,1,Next Day Air,1,1,50,PayPal,Annually,1,1,Medium,Veteran,High,0.565,Gold,High_Value_Promo_Dependent,35-44,1,1,2,0.4,Developing,0.5403,Loyal
126,49,Male,Shorts,Clothing,54,California,M,Indigo,Winter,3.6,1,Next Day Air,1,1,45,Venmo,Quarterly,4,1,Medium,Veteran,Medium,0.4677,Gold,High_Value_Promo_Dependent,45-54,1,1,2,0.3827,Developing,0.5103,Developing
127,43,Male,Shorts,Clothing,36,Mississippi,L,Pink,Spring,3.9,1,Store Pickup,1,1,48,Cash,Quarterly,4,1,Medium,Veteran,Low,0.4472,Silver,Low_Value_Promo_Dependent,35-44,0,0,2,0.4072,Developing,0.496,Developing
128,24,Male,Sweater,Clothing,89,Mississippi,M,Gray,Winter,4.8,1,Next Day Air,1,1,26,Credit Card,Weekly,52,1,High,Established,High,0.7766,Platinum,High_Value_Promo_Dependent,18-24,1,1,1,0.6041,Loyal,0.7876,Loyal
129,20,Male,Scarf,Accessories,32,California,M,Gold,Spring,4.7,1,Standard,1,1,21,Credit Card,Fortnightly,26,1,High,Growing,Low,0.3893,Silver,Low_Value_Promo_Dependent,18-24,0,0,1,0.3593,Developing,0.5955,Loyal
130,24,Male,Dress,Clothing,67,Pennsylvania,XL,Olive,Summer,4.2,1,2-Day Shipping,1,1,49,PayPal,Fortnightly,26,1,High,Veteran,Medium,0.7054,Platinum,High_Value_Promo_Dependent,18-24,1,1,1,0.5879,Loyal,0.6349,Loyal
131,44,Male,Scarf,Accessories,39,Kentucky,L,Violet,Fall,3.7,1,Next Day Air,1,1,13,PayPal,Fortnightly,26,1,Medium,Growing,Low,0.3415,Silver,Low_Value_Promo_Dependent,35-44,1,0,2,0.294,Transactional,0.4774,Developing
132,28,Male,Skirt,Clothing,29,Maine,L,Indigo,Summer,3.9,1,Standard,1,1,46,Credit Card,Weekly,52,1,Medium,Veteran,Low,0.7898,Platinum,High_Value_Promo_Dependent,25-34,0,1,2,0.7673,Loyal,0.4741,Developing
133,30,Male,Backpack,Accessories,58,New Mexico,M,Orange,Fall,4.7,1,2-Day Shipping,1,1,42,PayPal,Weekly,52,1,High,Veteran,Medium,0.8297,Platinum,High_Value_Promo_Dependent,25-34,1,1,1,0.7347,Loyal,0.6768,Loyal
134,52,Male,Sweater,Clothing,65,Montana,M,Violet,Winter,2.5,1,Next Day Air,1,1,25,Venmo,Annually,1,1,Low,Established,Medium,0.3084,Silver,Low_Value_Promo_Dependent,45-54,1,0,3,0.1959,Transactional,0.3906,Developing
135,43,Male,Hat,Accessories,94,Texas,L,Gray,Fall,4.9,1,Store Pickup,1,1,25,Cash,Monthly,12,1,High,Established,High,0.4672,Gold,High_Value_Promo_Dependent,35-44,0,1,1,0.2822,Transactional,0.8172,Loyal
136,43,Male,Sandals,Footwear,81,Kansas,M,Purple,Fall,4.1,1,Express,1,1,12,PayPal,Quarterly,4,1,High,Growing,High,0.2658,Silver,Low_Value_Promo_Dependent,35-44,1,0,1,0.1133,Transactional,0.6646,Loyal
137,39,Male,Blouse,Clothing,86,South Carolina,M,White,Winter,3.3,1,Free Shipping,1,1,4,Debit Card,Quarterly,4,1,Medium,New,High,0.213,Bronze,Low_Value_Promo_Dependent,35-44,0,0,2,0.048,Transactional,0.5682,Loyal
138,68,Male,Sneakers,Footwear,43,Colorado,M,Turquoise,Spring,4.7,1,Free Shipping,1,1,38,PayPal,Weekly,52,1,High,Established,Low,0.7595,Platinum,High_Value_Promo_Dependent,65+,0,1,1,0.702,Loyal,0.6299,Loyal
139,68,Male,Skirt,Clothing,29,Georgia,M,Maroon,Winter,4.4,1,Store Pickup,1,1,42,Bank Transfer,Weekly,52,1,High,Veteran,Low,0.7572,Platinum,High_Value_Promo_Dependent,65+,0,1,1,0.7347,Loyal,0.5441,Loyal
140,49,Male,Coat,Outerwear,95,Florida,M,White,Fall,3.8,1,Store Pickup,1,1,30,Venmo,Annually,1,1,Medium,Established,High,0.4242,Silver,Low_Value_Promo_Dependent,45-54,0,0,2,0.2367,Transactional,0.6664,Loyal
141,63,Male,Shirt,Clothing,28,North Carolina,L,Yellow,Fall,3.9,1,2-Day Shipping,1,1,50,Credit Card,Weekly,52,1,Medium,Veteran,Low,0.82,Platinum,High_Value_Promo_Dependent,55-64,1,1,2,0.8,Loyal,0.471,Developing
142,56,Male,Gloves,Accessories,46,Virginia,M,Turquoise,Fall,4.9,1,Free Shipping,1,1,45,PayPal,Weekly,52,1,High,Veteran,Medium,0.8242,Platinum,High_Value_Promo_Dependent,55-64,0,1,1,0.7592,Loyal,0.6673,Loyal
143,37,Male,Jacket,Outerwear,58,Nebraska,L,Violet,Fall,3.1,1,Free Shipping,1,1,33,Credit Card,Fortnightly,26,1,Medium,Established,Medium,0.5523,Gold,High_Value_Promo_Dependent,35-44,0,1,2,0.4573,Developing,0.4528,Developing
144,30,Male,Coat,Outerwear,48,Missouri,M,Beige,Fall,2.7,1,Store Pickup,1,1,25,PayPal,Quarterly,4,1,Low,Established,Medium,0.2894,Silver,Low_Value_Promo_Dependent,25-34,0,0,3,0.2194,Transactional,0.3655,Transactional
145,19,Male,Shoes,Footwear,43,New Jersey,M,Silver,Fall,3.2,1,Express,1,1,25,Cash,Monthly,12,1,Medium,Established,Low,0.3397,Silver,Low_Value_Promo_Dependent,18-24,1,0,2,0.2822,Transactional,0.4199,Developing
146,24,Male,Jewelry,Accessories,95,Missouri,M,Teal,Fall,4.5,1,Standard,1,1,44,Debit Card,Quarterly,4,1,High,Veteran,High,0.562,Gold,High_Value_Promo_Dependent,18-24,0,1,1,0.3745,Developing,0.7644,Loyal
147,52,Male,Skirt,Clothing,30,Colorado,S,Black,Fall,4.0,1,Standard,1,1,21,Venmo,Fortnightly,26,1,High,Growing,Low,0.3843,Silver,Low_Value_Promo_Dependent,45-54,0,0,1,0.3593,Developing,0.4912,Developing
148,63,Male,Shoes,Footwear,64,Idaho,M,Purple,Summer,3.5,1,2-Day Shipping,1,1,31,Bank Transfer,Fortnightly,26,1,Medium,Established,Medium,0.551,Gold,High_Value_Promo_Dependent,55-64,1,1,2,0.441,Developing,0.5275,Loyal
149,37,Male,Gloves,Accessories,90,Wyoming,M,Gray,Fall,2.6,1,Store Pickup,1,1,47,Debit Card,Annually,1,1,Low,Veteran,High,0.5505,Gold,High_Value_Promo_Dependent,35-44,0,1,3,0.3755,Developing,0.4828,Developing
150,38,Male,Pants,Clothing,76,Delaware,M,White,Summer,3.2,1,Free Shipping,1,1,14,PayPal,Monthly,12,1,Medium,Growing,High,0.3324,Silver,Low_Value_Promo_Dependent,35-44,0,0,2,0.1924,Transactional,0.523,Loyal
151,35,Male,Boots,Footwear,96,California,L,Cyan,Fall,4.9,1,Standard,1,1,17,Debit Card,Quarterly,4,1,High,Growing,High,0.3441,Silver,Low_Value_Promo_Dependent,35-44,0,0,1,0.1541,Transactional,0.8235,Loyal
152,28,Male,Sunglasses,Accessories,47,North Dakota,L,Turquoise,Fall,4.5,1,Next Day Air,1,1,3,Venmo,Annually,1,1,High,New,Medium,0.0838,Bronze,Low_Value_Promo_Dependent,25-34,1,0,1,0.0163,Transactional,0.6144,Loyal
153,30,Male,Shirt,Clothing,85,South Carolina,S,Brown,Summer,4.3,1,Express,1,1,42,Venmo,Annually,1,1,High,Veteran,High,0.4972,Gold,High_Value_Promo_Dependent,25-34,1,1,1,0.3347,Transactional,0.7051,Loyal
154,69,Male,Hoodie,Clothing,55,North Carolina,M,Maroon,Winter,3.2,1,Standard,1,1,22,Debit Card,Annually,1,1,Medium,Growing,Medium,0.2589,Silver,Low_Value_Promo_Dependent,65+,0,0,2,0.1714,Transactional,0.4574,Developing
155,41,Male,Dress,Clothing,98,Oklahoma,M,Charcoal,Fall,3.6,1,Next Day Air,1,1,21,Venmo,Quarterly,4,1,Medium,Growing,High,0.3818,Silver,Low_Value_Promo_Dependent,35-44,1,0,2,0.1868,Transactional,0.6478,Loyal
156,63,Male,Socks,Clothing,77,Maine,S,Olive,Spring,4.3,1,Free Shipping,1,1,21,Bank Transfer,Quarterly,4,1,High,Growing,High,0.3293,Silver,Low_Value_Promo_Dependent,55-64,0,0,1,0.1868,Transactional,0.6801,Loyal
157,35,Male,Shorts,Clothing,26,Missouri,M,Lavender,Fall,4.0,1,Standard,1,1,40,Debit Card,Annually,1,1,High,Veteran,Low,0.3334,Silver,Low_Value_Promo_Dependent,35-44,0,0,1,0.3184,Transactional,0.4788,Developing
158,36,Male,Hat,Accessories,68,Vermont,S,Yellow,Fall,3.0,1,Next Day Air,1,1,1,Bank Transfer,Fortnightly,26,1,Medium,New,Medium,0.3161,Silver,Low_Value_Promo_Dependent,35-44,1,0,2,0.1961,Transactional,0.47,Developing
159,25,Male,Shirt,Clothing,73,Connecticut,XL,Teal,Fall,4.1,1,Standard,1,1,50,Bank Transfer,Monthly,12,1,High,Veteran,High,0.6188,Gold,High_Value_Promo_Dependent,25-34,0,1,1,0.4863,Developing,0.6396,Loyal
160,58,Male,Gloves,Accessories,27,New Hampshire,M,Charcoal,Fall,3.8,1,Store Pickup,1,1,39,Bank Transfer,Quarterly,4,1,Medium,Established,Low,0.3512,Silver,Low_Value_Promo_Dependent,55-64,0,0,2,0.3337,Transactional,0.4539,Developing
161,27,Male,Gloves,Accessories,23,Texas,M,Orange,Summer,4.6,1,Free Shipping,1,1,34,Venmo,Monthly,12,1,High,Established,Low,0.3632,Silver,Low_Value_Promo_Dependent,25-34,0,0,1,0.3557,Developing,0.5534,Loyal
162,65,Male,Backpack,Accessories,49,North Dakota,M,Olive,Fall,3.0,1,Express,1,1,29,Venmo,Fortnightly,26,1,Medium,Established,Medium,0.4971,Gold,High_Value_Promo_Dependent,65+,1,1,2,0.4246,Developing,0.4106,Developing
163,54,Male,Sunglasses,Accessories,74,California,M,Turquoise,Summer,3.0,1,Store Pickup,1,1,31,PayPal,Fortnightly,26,1,Medium,Established,High,0.576,Gold,High_Value_Promo_Dependent,45-54,0,1,2,0.441,Developing,0.4888,Developing
164,54,Male,Skirt,Clothing,67,Virginia,M,Purple,Summer,3.4,1,Standard,1,1,8,Debit Card,Weekly,52,1,Medium,New,Medium,0.5746,Gold,High_Value_Promo_Dependent,45-54,0,1,2,0.4571,Developing,0.5229,Loyal
165,59,Male,Handbag,Accessories,65,Delaware,S,Purple,Spring,2.6,1,Free Shipping,1,1,5,Credit Card,Fortnightly,26,1,Low,New,Medium,0.3412,Silver,Low_Value_Promo_Dependent,55-64,0,0,3,0.2287,Transactional,0.4046,Developing
166,42,Male,Handbag,Accessories,60,Kentucky,S,Yellow,Winter,2.8,1,Store Pickup,1,1,7,Cash,Monthly,12,1,Low,New,Medium,0.2353,Bronze,Low_Value_Promo_Dependent,35-44,0,0,3,0.1353,Transactional,0.417,Developing
167,46,Male,Sneakers,Footwear,31,Delaware,XL,Indigo,Fall,4.0,1,Store Pickup,1,1,30,Cash,Monthly,12,1,High,Established,Low,0.3505,Silver,Low_Value_Promo_Dependent,45-54,0,0,1,0.323,Transactional,0.4944,Developing
168,33,Male,Gloves,Accessories,27,Arkansas,M,Green,Fall,4.0,1,Express,1,1,14,Credit Card,Quarterly,4,1,High,Growing,Low,0.1472,Bronze,Low_Value_Promo_Dependent,25-34,1,0,1,0.1297,Transactional,0.4819,Developing
169,34,Male,Shoes,Footwear,80,Louisiana,M,Magenta,Summer,3.0,1,Express,1,1,5,Cash,Fortnightly,26,1,Medium,New,High,0.3787,Silver,Low_Value_Promo_Dependent,25-34,1,0,2,0.2287,Transactional,0.5075,Developing
170,27,Male,Jacket,Outerwear,30,Nevada,S,Gold,Summer,3.3,1,Standard,1,1,3,PayPal,Quarterly,4,1,Medium,New,Low,0.0649,Bronze,Low_Value_Promo_Dependent,25-34,0,0,2,0.0399,Transactional,0.3932,Developing
171,52,Male,Shirt,Clothing,25,Wyoming,M,Maroon,Fall,2.6,1,Store Pickup,1,1,46,Venmo,Fortnightly,26,1,Low,Veteran,Low,0.5759,Gold,High_Value_Promo_Dependent,45-54,0,1,3,0.5634,Loyal,0.2796,Transactional
172,29,Male,Shorts,Clothing,35,Virginia,M,Blue,Summer,3.6,1,Store Pickup,1,1,4,Credit Card,Weekly,52,1,Medium,New,Low,0.462,Gold,High_Value_Promo_Dependent,25-34,0,1,2,0.4245,Developing,0.4509,Developing
173,54,Male,Jewelry,Accessories,67,Nebraska,M,Violet,Summer,3.9,1,Next Day Air,1,1,42,Credit Card,Fortnightly,26,1,Medium,Veteran,Medium,0.6483,Gold,High_Value_Promo_Dependent,45-54,1,1,2,0.5308,Loyal,0.5929,Loyal
174,25,Male,Hat,Accessories,46,Hawaii,M,Turquoise,Fall,3.4,1,Standard,1,1,30,Cash,Annually,1,1,Medium,Established,Medium,0.3017,Silver,Low_Value_Promo_Dependent,25-34,0,0,2,0.2367,Transactional,0.4572,Developing
175,41,Male,Shoes,Footwear,35,Vermont,L,Brown,Winter,3.5,1,Express,1,1,37,Venmo,Annually,1,1,Medium,Established,Low,0.3314,Silver,Low_Value_Promo_Dependent,35-44,1,0,2,0.2939,Transactional,0.4369,Developing
176,53,Male,Coat,Outerwear,86,Oklahoma,L,Violet,Fall,2.8,1,Next Day Air,1,1,2,Bank Transfer,Annually,1,1,Low,New,High,0.1732,Bronze,Low_Value_Promo_Dependent,45-54,1,0,3,0.0082,Transactional,0.4982,Developing
177,53,Male,Backpack,Accessories,81,New Hampshire,L,Black,Spring,2.7,1,Next Day Air,1,1,30,Credit Card,Quarterly,4,1,Low,Established,High,0.4128,Silver,Low_Value_Promo_Dependent,45-54,1,0,3,0.2603,Transactional,0.4686,Developing
178,21,Male,Hoodie,Clothing,42,Kansas,L,Magenta,Fall,3.7,1,Next Day Air,1,1,47,Bank Transfer,Monthly,12,1,Medium,Veteran,Low,0.5168,Gold,High_Value_Promo_Dependent,18-24,1,1,2,0.4618,Developing,0.4868,Developing
179,61,Male,Skirt,Clothing,43,Idaho,L,Lavender,Fall,4.3,1,2-Day Shipping,1,1,21,PayPal,Quarterly,4,1,High,Growing,Low,0.2443,Bronze,Low_Value_Promo_Dependent,55-64,1,0,1,0.1868,Transactional,0.5739,Loyal
180,64,Male,Boots,Footwear,31,Illinois,M,Violet,Fall,4.9,1,Store Pickup,1,1,9,Bank Transfer,Fortnightly,26,1,High,New,Low,0.2889,Silver,Low_Value_Promo_Dependent,55-64,0,0,1,0.2614,Transactional,0.6204,Loyal
181,51,Male,Sandals,Footwear,81,South Dakota,L,Green,Fall,3.3,1,Store Pickup,1,1,12,Debit Card,Fortnightly,26,1,Medium,Growing,High,0.4384,Silver,Low_Value_Promo_Dependent,45-54,0,0,2,0.2859,Transactional,0.5526,Loyal
182,32,Male,Pants,Clothing,61,Massachusetts,M,Beige,Summer,4.7,1,Next Day Air,1,1,4,Bank Transfer,Weekly,52,1,High,New,Medium,0.527,Gold,High_Value_Promo_Dependent,25-34,1,1,1,0.4245,Developing,0.6861,Loyal
183,38,Male,Gloves,Accessories,96,Alabama,XL,Purple,Summer,2.8,1,Store Pickup,1,1,10,Debit Card,Annually,1,1,Low,Growing,High,0.2635,Silver,Low_Value_Promo_Dependent,35-44,0,0,3,0.0735,Transactional,0.5295,Loyal
184,58,Male,Skirt,Clothing,29,Ohio,XL,Beige,Spring,3.6,1,2-Day Shipping,1,1,26,Credit Card,Weekly,52,1,Medium,Established,Low,0.6266,Gold,High_Value_Promo_Dependent,55-64,1,1,2,0.6041,Loyal,0.4321,Developing
185,32,Male,Sneakers,Footwear,33,Hawaii,L,Cyan,Spring,3.0,1,Express,1,1,40,Cash,Fortnightly,26,1,Medium,Veteran,Low,0.5469,Gold,High_Value_Promo_Dependent,25-34,1,1,2,0.5144,Developing,0.3606,Transactional
186,46,Male,T-shirt,Clothing,32,Wisconsin,XL,Silver,Summer,4.5,1,Store Pickup,1,1,34,Bank Transfer,Fortnightly,26,1,High,Established,Low,0.4955,Gold,High_Value_Promo_Dependent,45-54,0,1,1,0.4655,Developing,0.5675,Loyal
187,39,Male,Backpack,Accessories,56,Minnesota,S,Lavender,Summer,2.9,1,Standard,1,1,31,Debit Card,Annually,1,1,Low,Established,Medium,0.3349,Silver,Low_Value_Promo_Dependent,35-44,0,0,3,0.2449,Transactional,0.4185,Developing
188,19,Male,Shoes,Footwear,94,Georgia,S,Purple,Spring,3.3,1,Store Pickup,1,1,1,Bank Transfer,Fortnightly,26,1,Medium,New,High,0.3811,Silver,Low_Value_Promo_Dependent,18-24,0,0,2,0.1961,Transactional,0.5933,Loyal
189,50,Male,Hoodie,Clothing,53,Arkansas,M,Pink,Spring,3.1,1,Express,1,1,5,Bank Transfer,Fortnightly,26,1,Medium,New,Medium,0.3112,Silver,Low_Value_Promo_Dependent,45-54,1,0,2,0.2287,Transactional,0.4371,Developing
190,36,Male,Blouse,Clothing,82,West Virginia,M,Maroon,Fall,4.4,1,Next Day Air,1,1,4,Credit Card,Weekly,52,1,High,New,High,0.5795,Gold,High_Value_Promo_Dependent,35-44,1,1,1,0.4245,Developing,0.7098,Loyal
191,65,Male,Coat,Outerwear,70,Indiana,XL,Beige,Fall,3.0,1,Free Shipping,1,1,48,Venmo,Quarterly,4,1,Medium,Veteran,Medium,0.5322,Gold,High_Value_Promo_Dependent,65+,0,1,2,0.4072,Developing,0.4763,Developing
192,64,Male,Hat,Accessories,76,Utah,M,Gray,Fall,3.9,1,Free Shipping,1,1,29,Cash,Quarterly,4,1,Medium,Established,High,0.3921,Silver,Low_Value_Promo_Dependent,55-64,0,0,2,0.2521,Transactional,0.621,Loyal
193,46,Male,Shoes,Footwear,29,Nebraska,L,Turquoise,Summer,2.9,1,Express,1,1,12,PayPal,Fortnightly,26,1,Low,Growing,Low,0.3084,Silver,Low_Value_Promo_Dependent,45-54,1,0,3,0.2859,Transactional,0.3341,Transactional
194,36,Male,Belt,Accessories,100,North Dakota,S,Silver,Fall,3.0,1,Standard,1,1,29,Venmo,Annually,1,1,Medium,Established,High,0.4286,Silver,Low_Value_Promo_Dependent,35-44,0,0,2,0.2286,Transactional,0.57,Loyal
195,51,Male,Backpack,Accessories,94,Missouri,M,Olive,Spring,3.1,1,Express,1,1,15,Debit Card,Quarterly,4,1,Medium,Growing,High,0.3228,Silver,Low_Value_Promo_Dependent,45-54,1,0,2,0.1378,Transactional,0.5652,Loyal
196,51,Male,Jacket,Outerwear,25,New York,M,Magenta,Fall,4.3,1,Free Shipping,1,1,34,Credit Card,Monthly,12,1,High,Established,Low,0.3682,Silver,Low_Value_Promo_Dependent,45-54,0,0,1,0.3557,Developing,0.5176,Developing
197,38,Male,Boots,Footwear,88,Washington,M,Lavender,Summer,3.9,1,Next Day Air,1,1,41,Credit Card,Fortnightly,26,1,Medium,Veteran,High,0.6926,Platinum,High_Value_Promo_Dependent,35-44,1,1,2,0.5226,Developing,0.6585,Loyal
198,59,Male,Scarf,Accessories,78,South Carolina,M,Black,Fall,3.2,1,2-Day Shipping,1,1,41,Credit Card,Monthly,12,1,Medium,Veteran,High,0.5578,Gold,High_Value_Promo_Dependent,55-64,1,1,2,0.4128,Developing,0.5293,Loyal
199,57,Male,Jewelry,Accessories,45,Utah,M,Turquoise,Winter,4.8,1,Standard,1,1,39,Credit Card,Fortnightly,26,1,High,Established,Medium,0.5688,Gold,High_Value_Promo_Dependent,55-64,0,1,1,0.5063,Developing,0.6501,Loyal
200,54,Male,Hat,Accessories,73,Idaho,XL,Green,Summer,3.8,1,Express,1,1,32,Cash,Weekly,52,1,Medium,Established,High,0.7856,Platinum,High_Value_Promo_Dependent,45-54,1,1,2,0.6531,Loyal,0.5976,Loyal
201,25,Male,Dress,Clothing,61,Pennsylvania,S,Teal,Summer,3.3,1,Next Day Air,1,1,29,Venmo,Monthly,12,1,Medium,Established,Medium,0.4173,Silver,Low_Value_Promo_Dependent,25-34,1,0,2,0.3148,Transactional,0.4901,Developing
202,69,Male,Blouse,Clothing,22,Missouri,S,Beige,Fall,4.3,1,Free Shipping,1,1,15,Bank Transfer,Annually,1,1,High,Growing,Low,0.1193,Bronze,Low_Value_Promo_Dependent,65+,0,0,1,0.1143,Transactional,0.5082,Developing
203,57,Male,Hat,Accessories,38,Nebraska,L,Magenta,Spring,2.7,1,Express,1,1,33,Venmo,Annually,1,1,Low,Established,Low,0.3062,Silver,Low_Value_Promo_Dependent,55-64,1,0,3,0.2612,Transactional,0.3343,Transactional
204,70,Male,Scarf,Accessories,38,Indiana,S,Yellow,Fall,3.2,1,Next Day Air,1,1,18,Bank Transfer,Weekly,52,1,Medium,Growing,Low,0.5838,Gold,High_Value_Promo_Dependent,65+,1,1,2,0.5388,Loyal,0.4043,Developing
205,24,Male,Sneakers,Footwear,100,Arizona,M,Yellow,Fall,4.0,1,Store Pickup,1,1,35,Cash,Fortnightly,26,1,High,Established,High,0.6736,Platinum,High_Value_Promo_Dependent,18-24,0,1,1,0.4736,Developing,0.71,Loyal
206,67,Male,Shirt,Clothing,64,Hawaii,M,Silver,Winter,3.0,1,Standard,1,1,25,PayPal,Weekly,52,1,Medium,Established,Medium,0.7059,Platinum,High_Value_Promo_Dependent,65+,0,1,2,0.5959,Loyal,0.4575,Developing
207,24,Male,T-shirt,Clothing,55,Wisconsin,L,Silver,Summer,4.2,1,Free Shipping,1,1,6,Venmo,Fortnightly,26,1,High,New,Medium,0.3244,Silver,Low_Value_Promo_Dependent,18-24,0,0,1,0.2369,Transactional,0.5974,Loyal
208,62,Male,Gloves,Accessories,91,Rhode Island,M,Silver,Summer,2.9,1,Express,1,1,17,Bank Transfer,Fortnightly,26,1,Low,Growing,High,0.5042,Gold,High_Value_Promo_Dependent,55-64,1,1,3,0.3267,Transactional,0.5279,Loyal
209,57,Male,Skirt,Clothing,38,Wisconsin,M,Gold,Spring,4.1,1,Store Pickup,1,1,17,Credit Card,Monthly,12,1,High,Growing,Low,0.2619,Silver,Low_Value_Promo_Dependent,55-64,0,0,1,0.2169,Transactional,0.5302,Loyal
210,55,Male,Sandals,Footwear,97,Minnesota,S,Olive,Winter,3.2,1,Store Pickup,1,1,44,Cash,Quarterly,4,1,Medium,Veteran,High,0.567,Gold,High_Value_Promo_Dependent,55-64,0,1,2,0.3745,Developing,0.5886,Loyal
211,45,Male,Jacket,Outerwear,22,Vermont,L,Teal,Fall,3.0,1,2-Day Shipping,1,1,6,PayPal,Fortnightly,26,1,Medium,New,Low,0.2419,Bronze,Low_Value_Promo_Dependent,45-54,1,0,2,0.2369,Transactional,0.3263,Transactional
212,69,Male,Skirt,Clothing,92,South Dakota,L,Maroon,Fall,4.2,1,2-Day Shipping,1,1,45,Debit Card,Fortnightly,26,1,High,Veteran,High,0.7353,Platinum,High_Value_Promo_Dependent,65+,1,1,1,0.5553,Loyal,0.713,Loyal
213,67,Male,Handbag,Accessories,84,Virginia,L,Blue,Fall,4.2,1,Express,1,1,7,Debit Card,Annually,1,1,High,New,High,0.209,Bronze,Low_Value_Promo_Dependent,65+,1,0,1,0.049,Transactional,0.688,Loyal
214,30,Male,Handbag,Accessories,93,Nevada,L,Peach,Fall,4.4,1,Store Pickup,1,1,11,Debit Card,Quarterly,4,1,High,Growing,High,0.2877,Silver,Low_Value_Promo_Dependent,25-34,0,0,1,0.1052,Transactional,0.7441,Loyal
215,24,Male,Jacket,Outerwear,50,Hawaii,L,Blue,Summer,4.2,1,Next Day Air,1,1,41,Cash,Quarterly,4,1,High,Veteran,Medium,0.4251,Silver,Low_Value_Promo_Dependent,18-24,1,0,1,0.3501,Developing,0.5818,Loyal
216,62,Male,Scarf,Accessories,64,New Jersey,S,Orange,Spring,2.8,1,2-Day Shipping,1,1,24,PayPal,Fortnightly,26,1,Low,Growing,Medium,0.4938,Gold,High_Value_Promo_Dependent,55-64,1,1,3,0.3838,Developing,0.4295,Developing
217,43,Male,Shorts,Clothing,61,Massachusetts,L,Yellow,Spring,3.7,1,Free Shipping,1,1,21,Venmo,Weekly,52,1,Medium,Growing,Medium,0.6658,Platinum,High_Value_Promo_Dependent,35-44,0,1,2,0.5633,Loyal,0.5461,Loyal
218,35,Male,Sunglasses,Accessories,48,Oklahoma,M,Purple,Winter,3.5,1,Next Day Air,1,1,24,Bank Transfer,Annually,1,1,Medium,Growing,Medium,0.2578,Silver,Low_Value_Promo_Dependent,35-44,1,0,2,0.1878,Transactional,0.4775,Developing
219,28,Male,T-shirt,Clothing,45,California,S,Magenta,Spring,2.9,1,Store Pickup,1,1,8,Credit Card,Quarterly,4,1,Low,New,Medium,0.1432,Bronze,Low_Value_Promo_Dependent,25-34,0,0,3,0.0807,Transactional,0.3841,Transactional
220,32,Male,Belt,Accessories,88,Nevada,M,Cyan,Spring,3.0,1,Free Shipping,1,1,12,Cash,Fortnightly,26,1,Medium,Growing,High,0.4559,Gold,High_Value_Promo_Dependent,25-34,0,1,2,0.2859,Transactional,0.5325,Loyal
221,39,Male,Sneakers,Footwear,57,Arizona,S,Indigo,Spring,3.7,1,Express,1,1,48,Debit Card,Fortnightly,26,1,Medium,Veteran,Medium,0.6723,Platinum,High_Value_Promo_Dependent,35-44,1,1,2,0.5798,Loyal,0.5336,Loyal
222,28,Male,Hat,Accessories,68,North Carolina,XL,Magenta,Summer,4.4,1,Store Pickup,1,1,6,Bank Transfer,Quarterly,4,1,High,New,Medium,0.1843,Bronze,Low_Value_Promo_Dependent,25-34,0,0,1,0.0643,Transactional,0.666,Loyal
223,47,Male,Gloves,Accessories,94,New York,XL,Gray,Spring,4.5,1,2-Day Shipping,1,1,14,PayPal,Fortnightly,26,1,High,Growing,High,0.4872,Gold,High_Value_Promo_Dependent,45-54,1,1,1,0.3022,Transactional,0.7612,Loyal
224,20,Male,Pants,Clothing,41,Wyoming,M,Turquoise,Spring,4.8,1,Free Shipping,1,1,34,PayPal,Annually,1,1,High,Established,Low,0.3219,Silver,Low_Value_Promo_Dependent,18-24,0,0,1,0.2694,Transactional,0.6376,Loyal
225,63,Male,Socks,Clothing,83,South Dakota,S,Beige,Summer,2.9,1,Free Shipping,1,1,12,Cash,Quarterly,4,1,Low,Growing,High,0.2708,Silver,Low_Value_Promo_Dependent,55-64,0,0,3,0.1133,Transactional,0.5029,Developing
226,25,Male,Jacket,Outerwear,22,Arkansas,M,Olive,Spring,3.2,1,Next Day Air,1,1,11,Bank Transfer,Annually,1,1,Medium,Growing,Low,0.0866,Bronze,Low_Value_Promo_Dependent,25-34,1,0,2,0.0816,Transactional,0.3543,Transactional
227,29,Male,Shoes,Footwear,74,Texas,L,Violet,Spring,3.3,1,Free Shipping,1,1,5,PayPal,Monthly,12,1,Medium,New,High,0.2539,Silver,Low_Value_Promo_Dependent,25-34,0,0,2,0.1189,Transactional,0.5308,Loyal
228,50,Male,Jeans,Clothing,90,Rhode Island,M,Turquoise,Winter,4.2,1,Standard,1,1,25,Venmo,Fortnightly,26,1,High,Established,High,0.567,Gold,High_Value_Promo_Dependent,45-54,0,1,1,0.392,Developing,0.7068,Loyal
229,18,Male,Socks,Clothing,79,New Hampshire,M,White,Spring,2.9,1,Store Pickup,1,1,11,Credit Card,Annually,1,1,Low,Growing,High,0.2291,Bronze,Low_Value_Promo_Dependent,18-24,0,0,3,0.0816,Transactional,0.4904,Developing
230,70,Male,Sandals,Footwear,28,Ohio,S,Silver,Spring,4.6,1,Next Day Air,1,1,27,PayPal,Quarterly,4,1,High,Established,Low,0.2558,Silver,Low_Value_Promo_Dependent,65+,1,0,1,0.2358,Transactional,0.569,Loyal
231,66,Male,Scarf,Accessories,88,Utah,L,Olive,Fall,4.1,1,Standard,1,1,43,Credit Card,Annually,1,1,High,Veteran,High,0.5129,Gold,High_Value_Promo_Dependent,65+,0,1,1,0.3429,Transactional,0.6865,Loyal
232,28,Male,Blouse,Clothing,26,Tennessee,M,Blue,Spring,3.1,1,2-Day Shipping,1,1,18,Debit Card,Quarterly,4,1,Medium,Growing,Low,0.1773,Bronze,Low_Value_Promo_Dependent,25-34,1,0,2,0.1623,Transactional,0.3528,Transactional
233,54,Male,Jewelry,Accessories,27,Hawaii,L,Purple,Winter,4.2,1,Express,1,1,32,Bank Transfer,Fortnightly,26,1,High,Established,Low,0.4666,Gold,High_Value_Promo_Dependent,45-54,1,1,1,0.4491,Developing,0.5099,Developing
234,19,Male,Sweater,Clothing,83,Arizona,XL,Yellow,Fall,4.5,1,Next Day Air,1,1,27,Bank Transfer,Quarterly,4,1,High,Established,High,0.3933,Silver,Low_Value_Promo_Dependent,18-24,1,0,1,0.2358,Transactional,0.7269,Loyal
235,20,Male,Gloves,Accessories,39,South Dakota,S,Silver,Summer,3.7,1,Next Day Air,1,1,24,Credit Card,Weekly,52,1,Medium,Growing,Low,0.6353,Gold,High_Value_Promo_Dependent,18-24,1,1,2,0.5878,Loyal,0.4774,Developing
236,43,Male,Sunglasses,Accessories,89,New Jersey,M,Cyan,Winter,3.7,1,Free Shipping,1,1,31,Debit Card,Quarterly,4,1,Medium,Established,High,0.4409,Silver,Low_Value_Promo_Dependent,35-44,0,0,2,0.2684,Transactional,0.6336,Loyal
237,38,Male,Coat,Outerwear,68,North Dakota,L,Green,Winter,3.4,1,Next Day Air,1,1,39,PayPal,Fortnightly,26,1,Medium,Established,Medium,0.6263,Gold,High_Value_Promo_Dependent,35-44,1,1,2,0.5063,Developing,0.526,Loyal
238,50,Male,Dress,Clothing,90,Iowa,M,Beige,Summer,3.0,1,Store Pickup,1,1,36,Debit Card,Fortnightly,26,1,Medium,Established,High,0.6568,Platinum,High_Value_Promo_Dependent,45-54,0,1,2,0.4818,Developing,0.5388,Loyal
239,64,Male,Skirt,Clothing,34,Ohio,M,Peach,Fall,4.2,1,Free Shipping,1,1,5,Cash,Annually,1,1,High,New,Low,0.0677,Bronze,Low_Value_Promo_Dependent,55-64,0,0,1,0.0327,Transactional,0.5318,Loyal
240,49,Male,Pants,Clothing,51,Vermont,L,Yellow,Summer,2.9,1,Express,1,1,47,Credit Card,Fortnightly,26,1,Low,Veteran,Medium,0.6491,Gold,High_Value_Promo_Dependent,45-54,1,1,3,0.5716,Loyal,0.4029,Developing
241,47,Male,Sweater,Clothing,45,Montana,XL,Turquoise,Winter,3.5,1,Free Shipping,1,1,29,Bank Transfer,Fortnightly,26,1,Medium,Established,Medium,0.4871,Gold,High_Value_Promo_Dependent,45-54,0,1,2,0.4246,Developing,0.4681,Developing
242,36,Male,Hoodie,Clothing,88,Delaware,M,Peach,Winter,4.1,1,Free Shipping,1,1,43,Venmo,Fortnightly,26,1,High,Veteran,High,0.7089,Platinum,High_Value_Promo_Dependent,35-44,0,1,1,0.5389,Loyal,0.6865,Loyal
243,55,Male,Coat,Outerwear,85,New York,L,Gray,Summer,4.3,1,Store Pickup,1,1,40,Debit Card,Quarterly,4,1,High,Veteran,High,0.5044,Gold,High_Value_Promo_Dependent,55-64,0,1,1,0.3419,Transactional,0.7051,Loyal
244,25,Male,Jewelry,Accessories,100,Kentucky,M,Olive,Winter,2.8,1,2-Day Shipping,1,1,4,Debit Card,Monthly,12,1,Low,New,High,0.3108,Silver,Low_Value_Promo_Dependent,25-34,1,0,3,0.1108,Transactional,0.542,Loyal
245,53,Male,Belt,Accessories,42,Oregon,S,Indigo,Spring,4.9,1,2-Day Shipping,1,1,39,PayPal,Weekly,52,1,High,Established,Low,0.7652,Platinum,High_Value_Promo_Dependent,45-54,1,1,1,0.7102,Loyal,0.6548,Loyal
246,49,Male,Sandals,Footwear,53,Rhode Island,L,Charcoal,Summer,3.3,1,Next Day Air,1,1,45,Venmo,Fortnightly,26,1,Medium,Veteran,Medium,0.6378,Gold,High_Value_Promo_Dependent,45-54,1,1,2,0.5553,Loyal,0.4651,Developing
247,35,Male,Sunglasses,Accessories,86,Nevada,XL,Beige,Spring,3.2,1,Express,1,1,20,Venmo,Fortnightly,26,1,Medium,Growing,High,0.5162,Gold,High_Value_Promo_Dependent,35-44,1,1,2,0.3512,Developing,0.5543,Loyal
248,29,Male,Sweater,Clothing,66,Montana,XL,Brown,Spring,4.4,1,Standard,1,1,14,Debit Card,Weekly,52,1,High,Growing,Medium,0.6211,Gold,High_Value_Promo_Dependent,25-34,0,1,1,0.5061,Developing,0.6598,Loyal
249,47,Male,Belt,Accessories,100,Pennsylvania,M,Blue,Winter,4.8,1,Express,1,1,33,PayPal,Weekly,52,1,High,Established,High,0.8612,Platinum,High_Value_Promo_Dependent,45-54,1,1,1,0.6612,Loyal,0.822,Loyal
250,53,Male,Handbag,Accessories,47,Alaska,S,Teal,Fall,4.2,1,Standard,1,1,18,Credit Card,Annually,1,1,High,Growing,Medium,0.2063,Bronze,Low_Value_Promo_Dependent,45-54,0,0,1,0.1388,Transactional,0.5724,Loyal
251,33,Male,Skirt,Clothing,25,Mississippi,L,Black,Fall,4.0,1,Express,1,1,9,Bank Transfer,Weekly,52,1,High,New,Low,0.4778,Gold,High_Value_Promo_Dependent,25-34,1,1,1,0.4653,Developing,0.4756,Developing
252,21,Male,Handbag,Accessories,51,Wyoming,XL,Gold,Winter,2.5,1,Standard,1,1,34,PayPal,Annually,1,1,Low,Established,Medium,0.3469,Silver,Low_Value_Promo_Dependent,18-24,0,0,3,0.2694,Transactional,0.3469,Transactional
253,32,Male,Shorts,Clothing,41,Delaware,M,Violet,Summer,3.9,1,Free Shipping,1,1,33,Venmo,Fortnightly,26,1,Medium,Established,Low,0.5098,Gold,High_Value_Promo_Dependent,25-34,0,1,2,0.4573,Developing,0.5116,Developing
254,52,Male,Boots,Footwear,73,Oklahoma,L,Cyan,Winter,4.9,1,2-Day Shipping,1,1,15,Bank Transfer,Fortnightly,26,1,High,Growing,High,0.4429,Silver,Low_Value_Promo_Dependent,45-54,1,0,1,0.3104,Transactional,0.7516,Loyal
255,67,Male,Sunglasses,Accessories,42,Indiana,M,White,Winter,3.5,1,Store Pickup,1,1,4,PayPal,Fortnightly,26,1,Medium,New,Low,0.2756,Silver,Low_Value_Promo_Dependent,65+,0,0,2,0.2206,Transactional,0.4588,Developing
256,43,Male,Scarf,Accessories,20,Maryland,M,Charcoal,Spring,4.2,1,Free Shipping,1,1,25,Debit Card,Annually,1,1,High,Established,Low,0.1959,Bronze,Low_Value_Promo_Dependent,35-44,0,0,1,0.1959,Transactional,0.488,Developing
257,58,Male,Jewelry,Accessories,30,South Dakota,XL,Violet,Spring,4.7,1,Express,1,1,20,Credit Card,Quarterly,4,1,High,Growing,Low,0.2036,Bronze,Low_Value_Promo_Dependent,55-64,1,0,1,0.1786,Transactional,0.5893,Loyal
258,20,Male,Handbag,Accessories,53,West Virginia,M,Red,Summer,4.5,1,Express,1,1,5,Credit Card,Quarterly,4,1,High,New,Medium,0.1387,Bronze,Low_Value_Promo_Dependent,18-24,1,0,1,0.0562,Transactional,0.6331,Loyal
259,61,Male,Gloves,Accessories,74,Alabama,S,Lavender,Spring,2.8,1,Express,1,1,16,Cash,Quarterly,4,1,Low,Growing,High,0.281,Silver,Low_Value_Promo_Dependent,55-64,1,0,3,0.146,Transactional,0.4607,Developing
260,32,Male,Jeans,Clothing,57,Louisiana,M,Gold,Fall,2.9,1,Standard,1,1,13,Debit Card,Annually,1,1,Low,Growing,Medium,0.1905,Bronze,Low_Value_Promo_Dependent,25-34,0,0,3,0.098,Transactional,0.4216,Developing
261,38,Male,Hat,Accessories,57,Montana,S,Red,Winter,3.2,1,2-Day Shipping,1,1,11,Credit Card,Quarterly,4,1,Medium,Growing,Medium,0.1977,Bronze,Low_Value_Promo_Dependent,35-44,1,0,2,0.1052,Transactional,0.4636,Developing
262,21,Male,Jeans,Clothing,77,California,L,Magenta,Winter,4.9,1,Standard,1,1,21,Credit Card,Annually,1,1,High,Growing,High,0.3058,Silver,Low_Value_Promo_Dependent,18-24,0,0,1,0.1633,Transactional,0.7641,Loyal
263,37,Male,Pants,Clothing,40,Hawaii,M,Teal,Summer,3.8,1,Next Day Air,1,1,6,Debit Card,Annually,1,1,Medium,New,Low,0.0908,Bronze,Low_Value_Promo_Dependent,35-44,1,0,2,0.0408,Transactional,0.4945,Developing
264,27,Male,Shorts,Clothing,46,Iowa,M,Purple,Summer,4.3,1,Store Pickup,1,1,29,Venmo,Monthly,12,1,High,Established,Medium,0.3798,Silver,Low_Value_Promo_Dependent,25-34,0,0,1,0.3148,Transactional,0.5833,Loyal
265,36,Male,Pants,Clothing,78,Colorado,S,Charcoal,Fall,3.9,1,Store Pickup,1,1,15,Cash,Annually,1,1,Medium,Growing,High,0.2593,Silver,Low_Value_Promo_Dependent,35-44,0,0,2,0.1143,Transactional,0.6273,Loyal
266,32,Male,Backpack,Accessories,59,Michigan,M,Gray,Spring,3.2,1,2-Day Shipping,1,1,17,Bank Transfer,Fortnightly,26,1,Medium,Growing,Medium,0.4242,Silver,Low_Value_Promo_Dependent,25-34,1,0,2,0.3267,Transactional,0.4699,Developing
267,51,Male,Jewelry,Accessories,75,Louisiana,L,White,Summer,3.1,1,Express,1,1,32,Credit Card,Weekly,52,1,Medium,Established,High,0.7906,Platinum,High_Value_Promo_Dependent,45-54,1,1,2,0.6531,Loyal,0.5059,Developing
268,64,Male,Sweater,Clothing,54,Maryland,M,Olive,Spring,3.9,1,2-Day Shipping,1,1,42,Venmo,Annually,1,1,Medium,Veteran,Medium,0.4197,Silver,Low_Value_Promo_Dependent,55-64,1,0,2,0.3347,Transactional,0.5522,Loyal
269,68,Male,Shoes,Footwear,42,Georgia,M,Charcoal,Spring,2.6,1,Store Pickup,1,1,21,Cash,Monthly,12,1,Low,Growing,Low,0.3045,Silver,Low_Value_Promo_Dependent,65+,0,0,3,0.2495,Transactional,0.3328,Transactional
270,68,Male,Blouse,Clothing,44,Georgia,M,Charcoal,Winter,3.3,1,Next Day Air,1,1,9,Cash,Fortnightly,26,1,Medium,New,Low,0.3214,Silver,Low_Value_Promo_Dependent,65+,1,0,2,0.2614,Transactional,0.437,Developing
271,33,Male,Jeans,Clothing,52,North Dakota,XL,Orange,Fall,4.6,1,Free Shipping,1,1,16,Bank Transfer,Annually,1,1,High,Growing,Medium,0.2024,Bronze,Low_Value_Promo_Dependent,25-34,0,0,1,0.1224,Transactional,0.644,Loyal
272,65,Male,Sunglasses,Accessories,69,Maryland,XL,Yellow,Summer,4.6,1,Express,1,1,42,Credit Card,Fortnightly,26,1,High,Veteran,Medium,0.6533,Platinum,High_Value_Promo_Dependent,65+,1,1,1,0.5308,Loyal,0.6971,Loyal
273,48,Male,Jewelry,Accessories,26,Oregon,M,Beige,Summer,4.4,1,2-Day Shipping,1,1,37,Debit Card,Fortnightly,26,1,High,Established,Low,0.505,Gold,High_Value_Promo_Dependent,45-54,1,1,1,0.49,Developing,0.5348,Loyal
274,69,Male,Coat,Outerwear,33,North Dakota,S,Silver,Spring,4.2,1,Express,1,1,32,Debit Card,Quarterly,4,1,High,Established,Low,0.3091,Silver,Low_Value_Promo_Dependent,65+,1,0,1,0.2766,Transactional,0.5286,Loyal
275,59,Male,Jewelry,Accessories,32,Maryland,M,Indigo,Spring,3.0,1,Express,1,1,28,Cash,Fortnightly,26,1,Medium,Established,Low,0.4465,Silver,Low_Value_Promo_Dependent,55-64,1,0,2,0.4165,Developing,0.3575,Transactional
276,48,Male,Backpack,Accessories,85,Virginia,XL,Lavender,Winter,4.0,1,Express,1,1,13,Credit Card,Weekly,52,1,High,Growing,High,0.6605,Platinum,High_Value_Promo_Dependent,45-54,1,1,1,0.498,Developing,0.6631,Loyal
277,25,Male,Skirt,Clothing,30,South Dakota,XL,Turquoise,Fall,3.5,1,Express,1,1,11,Bank Transfer,Fortnightly,26,1,Medium,Growing,Low,0.3027,Silver,Low_Value_Promo_Dependent,25-34,1,0,2,0.2777,Transactional,0.4212,Developing
278,29,Male,Shirt,Clothing,29,Georgia,M,Green,Winter,3.0,1,Store Pickup,1,1,36,Bank Transfer,Fortnightly,26,1,Medium,Established,Low,0.5043,Gold,High_Value_Promo_Dependent,25-34,0,1,2,0.4818,Developing,0.3481,Transactional
279,57,Male,Sweater,Clothing,95,Hawaii,M,Orange,Spring,3.7,1,Express,1,1,23,Debit Card,Annually,1,1,Medium,Growing,High,0.3671,Silver,Low_Value_Promo_Dependent,55-64,1,0,2,0.1796,Transactional,0.6524,Loyal
280,23,Male,Sneakers,Footwear,69,Arkansas,L,Turquoise,Summer,4.0,1,Standard,1,1,37,Bank Transfer,Monthly,12,1,High,Established,Medium,0.5027,Gold,High_Value_Promo_Dependent,18-24,0,1,1,0.3802,Developing,0.6131,Loyal
281,45,Male,Sandals,Footwear,69,Montana,S,Cyan,Fall,4.2,1,2-Day Shipping,1,1,21,Cash,Fortnightly,26,1,High,Growing,Medium,0.4818,Gold,High_Value_Promo_Dependent,45-54,1,1,1,0.3593,Developing,0.6411,Loyal
282,38,Male,Belt,Accessories,61,Oklahoma,XL,Charcoal,Spring,2.5,1,Standard,1,1,22,Debit Card,Fortnightly,26,1,Low,Growing,Medium,0.47,Gold,High_Value_Promo_Dependent,35-44,0,1,3,0.3675,Developing,0.3781,Transactional
283,21,Male,Skirt,Clothing,94,Minnesota,M,Teal,Summer,3.0,1,2-Day Shipping,1,1,9,Cash,Monthly,12,1,Medium,New,High,0.3366,Silver,Low_Value_Promo_Dependent,18-24,1,0,2,0.1516,Transactional,0.5512,Loyal
284,32,Male,Sweater,Clothing,30,Montana,S,Maroon,Fall,3.2,1,Next Day Air,1,1,16,Venmo,Annually,1,1,Medium,Growing,Low,0.1474,Bronze,Low_Value_Promo_Dependent,25-34,1,0,2,0.1224,Transactional,0.3793,Transactional
285,63,Male,Skirt,Clothing,45,Ohio,M,Red,Summer,3.5,1,Standard,1,1,4,PayPal,Quarterly,4,1,Medium,New,Medium,0.1105,Bronze,Low_Value_Promo_Dependent,55-64,0,0,2,0.048,Transactional,0.4681,Developing
286,29,Male,Handbag,Accessories,39,Kentucky,XL,Yellow,Summer,4.8,1,Express,1,1,3,Debit Card,Fortnightly,26,1,High,New,Low,0.2599,Silver,Low_Value_Promo_Dependent,25-34,1,0,1,0.2124,Transactional,0.6314,Loyal
287,27,Male,Jewelry,Accessories,51,Nebraska,L,Gray,Summer,2.6,1,Store Pickup,1,1,6,Debit Card,Annually,1,1,Low,New,Medium,0.1183,Bronze,Low_Value_Promo_Dependent,25-34,0,0,3,0.0408,Transactional,0.3609,Transactional
288,56,Male,Scarf,Accessories,37,Delaware,L,Blue,Spring,3.4,1,2-Day Shipping,1,1,18,Venmo,Fortnightly,26,1,Medium,Growing,Low,0.3774,Silver,Low_Value_Promo_Dependent,55-64,1,0,2,0.3349,Transactional,0.4291,Developing
289,30,Male,T-shirt,Clothing,62,North Carolina,M,Lavender,Winter,3.7,1,2-Day Shipping,1,1,34,Venmo,Fortnightly,26,1,Medium,Established,Medium,0.5705,Gold,High_Value_Promo_Dependent,25-34,1,1,2,0.4655,Developing,0.5492,Loyal
290,49,Male,Coat,Outerwear,85,New York,M,Yellow,Fall,4.5,1,2-Day Shipping,1,1,26,Credit Card,Monthly,12,1,High,Established,High,0.4529,Gold,High_Value_Promo_Dependent,45-54,1,1,1,0.2904,Transactional,0.7331,Loyal
291,58,Male,T-shirt,Clothing,33,Colorado,M,Indigo,Winter,3.7,1,Standard,1,1,50,PayPal,Weekly,52,1,Medium,Veteran,Low,0.8325,Platinum,High_Value_Promo_Dependent,55-64,0,1,2,0.8,Loyal,0.4586,Developing
292,57,Male,Dress,Clothing,26,Delaware,XL,Violet,Fall,3.3,1,Next Day Air,1,1,40,Bank Transfer,Monthly,12,1,Medium,Veteran,Low,0.4196,Silver,Low_Value_Promo_Dependent,55-64,1,0,2,0.4046,Developing,0.3808,Transactional
293,60,Male,Shoes,Footwear,99,Utah,M,Green,Spring,4.7,1,Free Shipping,1,1,24,Cash,Quarterly,4,1,High,Growing,High,0.4088,Silver,Low_Value_Promo_Dependent,55-64,0,0,1,0.2113,Transactional,0.8049,Loyal
294,69,Male,Handbag,Accessories,39,Connecticut,M,White,Spring,2.7,1,Express,1,1,33,PayPal,Annually,1,1,Low,Established,Low,0.3087,Silver,Low_Value_Promo_Dependent,65+,1,0,3,0.2612,Transactional,0.3374,Transactional
295,70,Male,Skirt,Clothing,20,New Jersey,M,Gold,Spring,4.6,1,Store Pickup,1,1,19,Credit Card,Quarterly,4,1,High,Growing,Low,0.1705,Bronze,Low_Value_Promo_Dependent,65+,0,0,1,0.1705,Transactional,0.544,Loyal
296,53,Male,Sunglasses,Accessories,42,West Virginia,M,Indigo,Winter,2.7,1,Store Pickup,1,1,24,Credit Card,Quarterly,4,1,Low,Growing,Low,0.2663,Silver,Low_Value_Promo_Dependent,45-54,0,0,3,0.2113,Transactional,0.3468,Transactional
297,25,Male,Sandals,Footwear,74,Indiana,S,Lavender,Spring,4.8,1,2-Day Shipping,1,1,19,Credit Card,Weekly,52,1,High,Growing,High,0.6819,Platinum,High_Value_Promo_Dependent,25-34,1,1,1,0.5469,Loyal,0.7408,Loyal
298,48,Male,Shoes,Footwear,26,Delaware,XL,Purple,Summer,4.4,1,Standard,1,1,4,Credit Card,Fortnightly,26,1,High,New,Low,0.2356,Bronze,Low_Value_Promo_Dependent,45-54,0,0,1,0.2206,Transactional,0.5348,Loyal
299,69,Male,T-shirt,Clothing,53,Maryland,M,Lavender,Winter,4.0,1,Standard,1,1,11,Venmo,Quarterly,4,1,High,Growing,Medium,0.1877,Bronze,Low_Value_Promo_Dependent,65+,0,0,1,0.1052,Transactional,0.5631,Loyal
300,25,Male,Sneakers,Footwear,80,Pennsylvania,M,Maroon,Summer,3.2,1,Next Day Air,1,1,28,PayPal,Fortnightly,26,1,Medium,Established,High,0.5665,Gold,High_Value_Promo_Dependent,25-34,1,1,2,0.4165,Developing,0.5355,Loyal
301,29,Male,Hat,Accessories,98,Iowa,M,Teal,Spring,4.4,1,Store Pickup,1,1,24,PayPal,Weekly,52,1,High,Growing,High,0.7828,Platinum,High_Value_Promo_Dependent,25-34,0,1,1,0.5878,Loyal,0.7598,Loyal
302,46,Male,Skirt,Clothing,95,Pennsylvania,M,Green,Spring,3.8,1,Standard,1,1,25,Credit Card,Quarterly,4,1,Medium,Established,High,0.4069,Silver,Low_Value_Promo_Dependent,45-54,0,0,2,0.2194,Transactional,0.6664,Loyal
303,37,Male,Sweater,Clothing,44,Delaware,L,Olive,Summer,3.6,1,Express,1,1,27,Bank Transfer,Quarterly,4,1,Medium,Established,Low,0.2958,Silver,Low_Value_Promo_Dependent,35-44,1,0,2,0.2358,Transactional,0.479,Developing
304,20,Male,Sandals,Footwear,60,Oregon,M,Turquoise,Summer,3.3,1,Next Day Air,1,1,49,Venmo,Weekly,52,1,Medium,Veteran,Medium,0.8918,Platinum,High_Value_Promo_Dependent,18-24,1,1,2,0.7918,Loyal,0.487,Developing
305,40,Male,Dress,Clothing,84,Oregon,M,Green,Winter,3.4,1,Next Day Air,1,1,45,Credit Card,Fortnightly,26,1,Medium,Veteran,High,0.7153,Platinum,High_Value_Promo_Dependent,35-44,1,1,2,0.5553,Loyal,0.576,Loyal
306,60,Male,Sweater,Clothing,59,Utah,M,Teal,Fall,3.5,1,2-Day Shipping,1,1,26,PayPal,Annually,1,1,Medium,Established,Medium,0.3016,Silver,Low_Value_Promo_Dependent,55-64,1,0,2,0.2041,Transactional,0.5119,Developing
307,26,Male,Jacket,Outerwear,49,North Dakota,S,White,Summer,3.6,1,Express,1,1,4,Cash,Annually,1,1,Medium,New,Medium,0.097,Bronze,Low_Value_Promo_Dependent,25-34,1,0,2,0.0245,Transactional,0.4946,Developing
308,29,Male,Gloves,Accessories,32,Florida,M,Orange,Winter,3.2,1,Free Shipping,1,1,3,Credit Card,Quarterly,4,1,Medium,New,Low,0.0699,Bronze,Low_Value_Promo_Dependent,25-34,0,0,2,0.0399,Transactional,0.3855,Transactional
309,66,Male,Handbag,Accessories,29,Maryland,M,Beige,Fall,3.7,1,Standard,1,1,45,Venmo,Fortnightly,26,1,Medium,Veteran,Low,0.5778,Gold,High_Value_Promo_Dependent,65+,0,1,2,0.5553,Loyal,0.4461,Developing
310,66,Male,Dress,Clothing,22,Minnesota,M,Yellow,Spring,4.5,1,Standard,1,1,21,Cash,Fortnightly,26,1,High,Growing,Low,0.3643,Silver,Low_Value_Promo_Dependent,65+,0,0,1,0.3593,Developing,0.5362,Loyal
311,56,Male,Pants,Clothing,85,Montana,M,Charcoal,Winter,4.6,1,Standard,1,1,50,Cash,Fortnightly,26,1,High,Veteran,High,0.7586,Platinum,High_Value_Promo_Dependent,55-64,0,1,1,0.5961,Loyal,0.7471,Loyal
312,69,Male,Jeans,Clothing,52,Rhode Island,L,Silver,Winter,4.1,1,Store Pickup,1,1,19,Bank Transfer,Monthly,12,1,High,Growing,Medium,0.3132,Silver,Low_Value_Promo_Dependent,65+,0,0,1,0.2332,Transactional,0.574,Loyal
313,38,Male,Pants,Clothing,89,Massachusetts,L,Green,Spring,3.4,1,Next Day Air,1,1,6,PayPal,Annually,1,1,Medium,New,High,0.2133,Bronze,Low_Value_Promo_Dependent,35-44,1,0,2,0.0408,Transactional,0.5916,Loyal
314,42,Male,Dress,Clothing,77,Vermont,M,Pink,Spring,3.7,1,Express,1,1,50,Credit Card,Quarterly,4,1,Medium,Veteran,High,0.566,Gold,High_Value_Promo_Dependent,35-44,1,1,2,0.4235,Developing,0.5961,Loyal
315,30,Male,Pants,Clothing,24,New Jersey,M,Purple,Summer,3.3,1,Store Pickup,1,1,17,Debit Card,Quarterly,4,1,Medium,Growing,Low,0.1641,Bronze,Low_Value_Promo_Dependent,25-34,0,0,2,0.1541,Transactional,0.3745,Transactional
316,66,Male,Jewelry,Accessories,24,Wisconsin,XL,Orange,Spring,4.5,1,Express,1,1,24,Debit Card,Annually,1,1,High,Growing,Low,0.1978,Bronze,Low_Value_Promo_Dependent,65+,1,0,1,0.1878,Transactional,0.5425,Loyal
317,36,Male,Handbag,Accessories,22,California,M,Charcoal,Fall,3.3,1,Free Shipping,1,1,46,Venmo,Monthly,12,1,Medium,Veteran,Low,0.4586,Gold,High_Value_Promo_Dependent,35-44,0,1,2,0.4536,Developing,0.3682,Transactional
318,58,Male,Sweater,Clothing,82,West Virginia,L,Teal,Fall,4.3,1,Standard,1,1,42,Cash,Quarterly,4,1,High,Veteran,High,0.5132,Gold,High_Value_Promo_Dependent,55-64,0,1,1,0.3582,Developing,0.6958,Loyal
319,45,Male,Backpack,Accessories,67,South Dakota,M,Beige,Winter,2.5,1,Standard,1,1,10,Cash,Annually,1,1,Low,Growing,Medium,0.191,Bronze,Low_Value_Promo_Dependent,45-54,0,0,3,0.0735,Transactional,0.3969,Developing
320,47,Male,Shorts,Clothing,74,Maine,XL,White,Spring,2.6,1,Standard,1,1,1,Cash,Quarterly,4,1,Low,New,High,0.1585,Bronze,Low_Value_Promo_Dependent,45-54,0,0,3,0.0235,Transactional,0.4328,Developing
321,66,Male,Jewelry,Accessories,72,Kansas,L,White,Summer,4.9,1,Standard,1,1,28,Debit Card,Quarterly,4,1,High,Established,Medium,0.3739,Silver,Low_Value_Promo_Dependent,65+,0,0,1,0.2439,Transactional,0.7485,Loyal
322,41,Male,Sneakers,Footwear,36,Vermont,L,Orange,Summer,4.7,1,Free Shipping,1,1,48,Debit Card,Quarterly,4,1,High,Veteran,Low,0.4472,Silver,Low_Value_Promo_Dependent,35-44,0,0,1,0.4072,Developing,0.608,Loyal
323,41,Male,Belt,Accessories,95,Tennessee,S,Cyan,Winter,3.0,1,Standard,1,1,47,Credit Card,Monthly,12,1,Medium,Veteran,High,0.6493,Gold,High_Value_Promo_Dependent,35-44,0,1,2,0.4618,Developing,0.5544,Loyal
324,66,Male,Hoodie,Clothing,78,Tennessee,M,Orange,Winter,3.5,1,Next Day Air,1,1,29,PayPal,Fortnightly,26,1,Medium,Established,High,0.5696,Gold,High_Value_Promo_Dependent,65+,1,1,2,0.4246,Developing,0.5712,Loyal
325,37,Male,Shirt,Clothing,82,Wyoming,M,Olive,Summer,4.8,1,Standard,1,1,37,Venmo,Quarterly,4,1,High,Established,High,0.4724,Gold,High_Value_Promo_Dependent,35-44,0,1,1,0.3174,Transactional,0.7657,Loyal
326,70,Male,Pants,Clothing,70,Vermont,M,Charcoal,Winter,4.3,1,Free Shipping,1,1,38,Debit Card,Annually,1,1,High,Established,Medium,0.427,Silver,Low_Value_Promo_Dependent,65+,0,0,1,0.302,Transactional,0.6582,Loyal
327,62,Male,Scarf,Accessories,41,New Jersey,M,White,Fall,3.2,1,Store Pickup,1,1,48,Bank Transfer,Weekly,52,1,Medium,Veteran,Low,0.8362,Platinum,High_Value_Promo_Dependent,55-64,0,1,2,0.7837,Loyal,0.4136,Developing
328,61,Male,Coat,Outerwear,42,Iowa,M,Teal,Summer,3.1,1,Free Shipping,1,1,36,PayPal,Weekly,52,1,Medium,Established,Low,0.7407,Platinum,High_Value_Promo_Dependent,55-64,0,1,2,0.6857,Loyal,0.4028,Developing
329,48,Male,Coat,Outerwear,50,Florida,M,Yellow,Fall,2.8,1,Free Shipping,1,1,9,Credit Card,Weekly,52,1,Low,New,Medium,0.5403,Gold,High_Value_Promo_Dependent,45-54,0,1,3,0.4653,Developing,0.3857,Transactional
330,70,Male,Socks,Clothing,31,Nevada,S,White,Summer,2.9,1,2-Day Shipping,1,1,34,Bank Transfer,Monthly,12,1,Low,Established,Low,0.3832,Silver,Low_Value_Promo_Dependent,65+,1,0,3,0.3557,Developing,0.3404,Transactional
331,46,Male,Sweater,Clothing,51,North Dakota,M,Beige,Winter,3.8,1,Express,1,1,43,Venmo,Fortnightly,26,1,Medium,Veteran,Medium,0.6164,Gold,High_Value_Promo_Dependent,45-54,1,1,2,0.5389,Loyal,0.5289,Loyal
332,31,Male,Shirt,Clothing,98,Florida,L,Beige,Fall,3.3,1,Store Pickup,1,1,46,PayPal,Quarterly,4,1,Medium,Veteran,High,0.5859,Gold,High_Value_Promo_Dependent,25-34,0,1,2,0.3909,Developing,0.6058,Loyal
333,19,Male,Shirt,Clothing,86,New York,M,Maroon,Winter,2.8,1,2-Day Shipping,1,1,5,Credit Card,Monthly,12,1,Low,New,High,0.2839,Silver,Low_Value_Promo_Dependent,18-24,1,0,3,0.1189,Transactional,0.4982,Developing
334,39,Male,Sweater,Clothing,64,Alaska,M,Teal,Winter,4.5,1,Standard,1,1,15,Bank Transfer,Fortnightly,26,1,High,Growing,Medium,0.4204,Silver,Low_Value_Promo_Dependent,35-44,0,0,1,0.3104,Transactional,0.6675,Loyal
335,41,Male,Blouse,Clothing,46,Kansas,M,Lavender,Fall,2.6,1,Next Day Air,1,1,30,Credit Card,Annually,1,1,Low,Established,Medium,0.3017,Silver,Low_Value_Promo_Dependent,35-44,1,0,3,0.2367,Transactional,0.3453,Transactional
336,20,Male,Sweater,Clothing,85,Oregon,L,Maroon,Spring,3.7,1,Standard,1,1,44,Venmo,Quarterly,4,1,Medium,Veteran,High,0.537,Gold,High_Value_Promo_Dependent,18-24,0,1,2,0.3745,Developing,0.6211,Loyal
337,36,Male,Hat,Accessories,81,Rhode Island,S,Orange,Fall,4.4,1,Express,1,1,16,PayPal,Annually,1,1,High,Growing,High,0.2749,Silver,Low_Value_Promo_Dependent,35-44,1,0,1,0.1224,Transactional,0.7066,Loyal
338,32,Male,Sweater,Clothing,59,New Mexico,M,Cyan,Winter,4.3,1,2-Day Shipping,1,1,16,Bank Transfer,Annually,1,1,High,Growing,Medium,0.2199,Bronze,Low_Value_Promo_Dependent,25-34,1,0,1,0.1224,Transactional,0.6239,Loyal
339,69,Male,Hoodie,Clothing,79,Massachusetts,M,Silver,Winter,3.5,1,Express,1,1,16,Cash,Weekly,52,1,Medium,Growing,High,0.6699,Platinum,High_Value_Promo_Dependent,65+,1,1,2,0.5224,Developing,0.5744,Loyal
340,40,Male,Shorts,Clothing,33,Pennsylvania,M,Teal,Spring,3.8,1,2-Day Shipping,1,1,21,Credit Card,Quarterly,4,1,Medium,Growing,Low,0.2193,Bronze,Low_Value_Promo_Dependent,35-44,1,0,2,0.1868,Transactional,0.4726,Developing
341,40,Male,Shorts,Clothing,47,New Jersey,L,Blue,Summer,3.5,1,Express,1,1,39,Venmo,Quarterly,4,1,Medium,Established,Medium,0.4012,Silver,Low_Value_Promo_Dependent,35-44,1,0,2,0.3337,Transactional,0.4744,Developing
342,20,Male,Hat,Accessories,20,Utah,S,Blue,Summer,4.6,1,Store Pickup,1,1,40,Debit Card,Fortnightly,26,1,High,Veteran,Low,0.5144,Gold,High_Value_Promo_Dependent,18-24,0,1,1,0.5144,Developing,0.544,Loyal
343,64,Male,Coat,Outerwear,36,Kentucky,M,Olive,Spring,2.6,1,Next Day Air,1,1,48,Credit Card,Quarterly,4,1,Low,Veteran,Low,0.4472,Silver,Low_Value_Promo_Dependent,55-64,1,0,3,0.4072,Developing,0.314,Transactional
344,27,Male,Sandals,Footwear,39,Nebraska,M,Purple,Summer,4.4,1,Next Day Air,1,1,26,Venmo,Monthly,12,1,High,Established,Low,0.3379,Silver,Low_Value_Promo_Dependent,25-34,1,0,1,0.2904,Transactional,0.5754,Loyal
345,24,Male,Skirt,Clothing,71,Virginia,M,Charcoal,Winter,4.0,1,Standard,1,1,46,Debit Card,Monthly,12,1,High,Veteran,Medium,0.5811,Gold,High_Value_Promo_Dependent,18-24,0,1,1,0.4536,Developing,0.6194,Loyal
346,48,Male,Shoes,Footwear,59,Wyoming,S,Olive,Winter,4.4,1,Next Day Air,1,1,27,Bank Transfer,Annually,1,1,High,Established,Medium,0.3097,Silver,Low_Value_Promo_Dependent,45-54,1,0,1,0.2122,Transactional,0.6379,Loyal
347,49,Male,Jeans,Clothing,50,New Mexico,L,Violet,Spring,4.7,1,Next Day Air,1,1,5,Cash,Weekly,52,1,High,New,Medium,0.5077,Gold,High_Value_Promo_Dependent,45-54,1,1,1,0.4327,Developing,0.6518,Loyal
348,36,Male,Sandals,Footwear,41,Oregon,L,Red,Fall,3.9,1,Store Pickup,1,1,43,PayPal,Fortnightly,26,1,Medium,Veteran,Low,0.5914,Gold,High_Value_Promo_Dependent,35-44,0,1,2,0.5389,Loyal,0.5116,Developing
349,56,Male,Blouse,Clothing,59,South Carolina,M,Beige,Fall,2.7,1,Free Shipping,1,1,17,PayPal,Fortnightly,26,1,Low,Growing,Medium,0.4242,Silver,Low_Value_Promo_Dependent,55-64,0,0,3,0.3267,Transactional,0.3999,Developing
350,37,Male,Hat,Accessories,87,Arizona,M,Green,Winter,3.7,1,2-Day Shipping,1,1,3,Bank Transfer,Fortnightly,26,1,Medium,New,High,0.3799,Silver,Low_Value_Promo_Dependent,35-44,1,0,2,0.2124,Transactional,0.6274,Loyal
351,42,Male,Sweater,Clothing,68,Kentucky,M,Violet,Spring,2.6,1,2-Day Shipping,1,1,47,Bank Transfer,Fortnightly,26,1,Low,Veteran,Medium,0.6916,Platinum,High_Value_Promo_Dependent,35-44,1,1,3,0.5716,Loyal,0.414,Developing
352,28,Male,Skirt,Clothing,90,New York,M,Teal,Winter,3.9,1,Standard,1,1,24,Debit Card,Fortnightly,26,1,Medium,Growing,High,0.5588,Gold,High_Value_Promo_Dependent,25-34,0,1,2,0.3838,Developing,0.6647,Loyal
353,27,Male,Jeans,Clothing,71,Texas,XL,Yellow,Fall,4.9,1,Next Day Air,1,1,12,Cash,Quarterly,4,1,High,Growing,Medium,0.2408,Bronze,Low_Value_Promo_Dependent,25-34,1,0,1,0.1133,Transactional,0.7454,Loyal
354,63,Male,Sneakers,Footwear,64,Missouri,L,Yellow,Fall,4.1,1,Store Pickup,1,1,35,Debit Card,Monthly,12,1,High,Established,Medium,0.4738,Gold,High_Value_Promo_Dependent,55-64,0,1,1,0.3638,Developing,0.6115,Loyal
355,58,Male,Jewelry,Accessories,76,Pennsylvania,S,Olive,Fall,3.0,1,Free Shipping,1,1,42,Venmo,Weekly,52,1,Medium,Veteran,High,0.8747,Platinum,High_Value_Promo_Dependent,55-64,0,1,2,0.7347,Loyal,0.495,Developing
356,37,Male,Jewelry,Accessories,42,Oregon,XL,Magenta,Fall,4.1,1,2-Day Shipping,1,1,1,PayPal,Quarterly,4,1,High,New,Low,0.0785,Bronze,Low_Value_Promo_Dependent,35-44,1,0,1,0.0235,Transactional,0.5428,Loyal
357,56,Male,Pants,Clothing,80,Nevada,L,Black,Spring,3.8,1,Standard,1,1,27,Cash,Weekly,52,1,Medium,Established,High,0.7622,Platinum,High_Value_Promo_Dependent,55-64,0,1,2,0.6122,Loyal,0.6195,Loyal
358,18,Male,Belt,Accessories,56,Arkansas,M,Olive,Spring,4.0,1,Standard,1,1,16,Credit Card,Fortnightly,26,1,High,Growing,Medium,0.4085,Silver,Low_Value_Promo_Dependent,18-24,0,0,1,0.3185,Transactional,0.5725,Loyal
359,48,Male,Hat,Accessories,25,Minnesota,XL,Magenta,Summer,3.6,1,Express,1,1,36,Credit Card,Quarterly,4,1,Medium,Established,Low,0.3217,Silver,Low_Value_Promo_Dependent,45-54,1,0,2,0.3092,Transactional,0.4196,Developing
360,31,Male,Sneakers,Footwear,74,Georgia,M,Olive,Winter,3.0,1,Store Pickup,1,1,30,Credit Card,Quarterly,4,1,Medium,Established,High,0.3953,Silver,Low_Value_Promo_Dependent,25-34,0,0,2,0.2603,Transactional,0.4888,Developing
361,51,Male,Pants,Clothing,30,Rhode Island,M,Teal,Summer,3.0,1,Standard,1,1,18,Debit Card,Fortnightly,26,1,Medium,Growing,Low,0.3599,Silver,Low_Value_Promo_Dependent,45-54,0,0,2,0.3349,Transactional,0.3513,Transactional
362,65,Male,T-shirt,Clothing,96,Nevada,M,White,Spring,2.6,1,Free Shipping,1,1,45,Cash,Annually,1,1,Low,Veteran,High,0.5492,Gold,High_Value_Promo_Dependent,65+,0,1,3,0.3592,Developing,0.5015,Developing
363,53,Male,Sneakers,Footwear,64,Texas,M,Charcoal,Fall,3.4,1,Free Shipping,1,1,1,Venmo,Fortnightly,26,1,Medium,New,Medium,0.3061,Silver,Low_Value_Promo_Dependent,45-54,0,0,2,0.1961,Transactional,0.5135,Developing
364,55,Male,Shorts,Clothing,88,Florida,L,Yellow,Winter,3.1,1,Free Shipping,1,1,42,Bank Transfer,Fortnightly,26,1,Medium,Veteran,High,0.7008,Platinum,High_Value_Promo_Dependent,55-64,0,1,2,0.5308,Loyal,0.5465,Loyal
365,62,Male,Shoes,Footwear,88,North Dakota,L,Charcoal,Summer,3.0,1,Free Shipping,1,1,7,Venmo,Quarterly,4,1,Medium,New,High,0.2425,Bronze,Low_Value_Promo_Dependent,55-64,0,0,2,0.0725,Transactional,0.5325,Loyal
366,55,Male,Gloves,Accessories,88,West Virginia,XL,Gray,Summer,3.7,1,Standard,1,1,50,PayPal,Quarterly,4,1,Medium,Veteran,High,0.5935,Gold,High_Value_Promo_Dependent,55-64,0,1,2,0.4235,Developing,0.6305,Loyal
367,64,Male,Socks,Clothing,36,Nebraska,M,Turquoise,Spring,3.5,1,Store Pickup,1,1,37,Venmo,Fortnightly,26,1,Medium,Established,Low,0.53,Gold,High_Value_Promo_Dependent,55-64,0,1,2,0.49,Developing,0.44,Developing
368,52,Male,Dress,Clothing,40,Tennessee,XL,Cyan,Spring,2.8,1,Store Pickup,1,1,18,Bank Transfer,Monthly,12,1,Low,Growing,Low,0.2751,Silver,Low_Value_Promo_Dependent,45-54,0,0,3,0.2251,Transactional,0.3545,Transactional
369,24,Male,Handbag,Accessories,39,Oklahoma,M,Charcoal,Spring,4.5,1,Standard,1,1,29,Cash,Monthly,12,1,High,Established,Low,0.3623,Silver,Low_Value_Promo_Dependent,18-24,0,0,1,0.3148,Transactional,0.5894,Loyal
370,38,Male,Belt,Accessories,40,Wisconsin,M,Silver,Summer,3.3,1,Store Pickup,1,1,45,PayPal,Quarterly,4,1,Medium,Veteran,Low,0.4327,Silver,Low_Value_Promo_Dependent,35-44,0,0,2,0.3827,Developing,0.4245,Developing
371,59,Male,Scarf,Accessories,34,Oregon,M,Olive,Winter,3.4,1,Express,1,1,13,PayPal,Weekly,52,1,Medium,Growing,Low,0.533,Gold,High_Value_Promo_Dependent,55-64,1,1,2,0.498,Developing,0.4198,Developing
372,27,Male,Sneakers,Footwear,83,North Carolina,S,Pink,Winter,3.2,1,2-Day Shipping,1,1,47,PayPal,Monthly,12,1,Medium,Veteran,High,0.6193,Gold,High_Value_Promo_Dependent,25-34,1,1,2,0.4618,Developing,0.5449,Loyal
373,24,Male,Sweater,Clothing,85,Pennsylvania,L,Orange,Summer,3.7,1,Standard,1,1,7,Debit Card,Weekly,52,1,Medium,New,High,0.6115,Gold,High_Value_Promo_Dependent,18-24,0,1,2,0.449,Developing,0.6211,Loyal
374,23,Male,Coat,Outerwear,27,North Dakota,L,White,Summer,4.6,1,Express,1,1,11,Venmo,Fortnightly,26,1,High,Growing,Low,0.2952,Silver,Low_Value_Promo_Dependent,18-24,1,0,1,0.2777,Transactional,0.5659,Loyal
375,69,Male,Jewelry,Accessories,78,Ohio,S,Purple,Spring,5.0,1,Store Pickup,1,1,39,Bank Transfer,Monthly,12,1,High,Established,High,0.5415,Gold,High_Value_Promo_Dependent,65+,0,1,1,0.3965,Developing,0.7812,Loyal
376,59,Male,Sunglasses,Accessories,32,Oklahoma,M,Olive,Summer,4.4,1,Standard,1,1,6,Debit Card,Quarterly,4,1,High,New,Low,0.0943,Bronze,Low_Value_Promo_Dependent,55-64,0,0,1,0.0643,Transactional,0.5535,Loyal
377,51,Male,Shoes,Footwear,51,South Carolina,S,Gray,Fall,4.9,1,Express,1,1,2,Venmo,Fortnightly,26,1,High,New,Medium,0.2817,Silver,Low_Value_Promo_Dependent,45-54,1,0,1,0.2042,Transactional,0.6829,Loyal
378,63,Male,Scarf,Accessories,32,Maine,M,Silver,Spring,4.1,1,Standard,1,1,39,Credit Card,Quarterly,4,1,High,Established,Low,0.3637,Silver,Low_Value_Promo_Dependent,55-64,0,0,1,0.3337,Transactional,0.5115,Developing
379,54,Male,Dress,Clothing,62,Nevada,L,Orange,Winter,4.9,1,Next Day Air,1,1,23,Credit Card,Monthly,12,1,High,Growing,Medium,0.3709,Silver,Low_Value_Promo_Dependent,45-54,1,0,1,0.2659,Transactional,0.7173,Loyal
380,32,Male,T-shirt,Clothing,29,Montana,S,Magenta,Fall,4.7,1,2-Day Shipping,1,1,46,Debit Card,Fortnightly,26,1,High,Veteran,Low,0.5859,Gold,High_Value_Promo_Dependent,25-34,1,1,1,0.5634,Loyal,0.5861,Loyal
381,39,Male,Backpack,Accessories,69,New Hampshire,XL,Beige,Fall,3.0,1,Store Pickup,1,1,19,Bank Transfer,Weekly,52,1,Medium,Growing,Medium,0.6694,Platinum,High_Value_Promo_Dependent,35-44,0,1,2,0.5469,Loyal,0.4731,Developing
382,66,Male,Jewelry,Accessories,25,Maine,L,Lavender,Winter,3.4,1,Store Pickup,1,1,3,Credit Card,Quarterly,4,1,Medium,New,Low,0.0524,Bronze,Low_Value_Promo_Dependent,65+,0,0,2,0.0399,Transactional,0.3916,Developing
383,28,Male,Jeans,Clothing,76,California,M,Peach,Winter,3.2,1,Store Pickup,1,1,47,PayPal,Quarterly,4,1,Medium,Veteran,High,0.539,Gold,High_Value_Promo_Dependent,25-34,0,1,2,0.399,Developing,0.523,Loyal
384,50,Male,Sunglasses,Accessories,77,West Virginia,S,Magenta,Fall,3.8,1,Standard,1,1,6,PayPal,Quarterly,4,1,Medium,New,High,0.2068,Bronze,Low_Value_Promo_Dependent,45-54,0,0,2,0.0643,Transactional,0.6101,Loyal
385,70,Male,Sweater,Clothing,33,California,M,Beige,Fall,4.5,1,2-Day Shipping,1,1,6,Venmo,Annually,1,1,High,New,Low,0.0733,Bronze,Low_Value_Promo_Dependent,65+,1,0,1,0.0408,Transactional,0.5706,Loyal
386,67,Male,Shorts,Clothing,93,West Virginia,S,Yellow,Fall,2.7,1,Next Day Air,1,1,12,Credit Card,Fortnightly,26,1,Low,Growing,High,0.4684,Gold,High_Value_Promo_Dependent,65+,1,1,3,0.2859,Transactional,0.5061,Developing
387,64,Male,Jewelry,Accessories,39,Louisiana,L,Brown,Spring,3.4,1,Express,1,1,40,PayPal,Quarterly,4,1,Medium,Veteran,Low,0.3894,Silver,Low_Value_Promo_Dependent,55-64,1,0,2,0.3419,Transactional,0.4354,Developing
388,45,Male,Coat,Outerwear,93,Georgia,L,Silver,Summer,4.6,1,Store Pickup,1,1,38,PayPal,Fortnightly,26,1,High,Established,High,0.6806,Platinum,High_Value_Promo_Dependent,45-54,0,1,1,0.4981,Developing,0.7721,Loyal
389,22,Male,Handbag,Accessories,82,Washington,M,Orange,Summer,2.7,1,Store Pickup,1,1,10,PayPal,Quarterly,4,1,Low,Growing,High,0.252,Silver,Low_Value_Promo_Dependent,18-24,0,0,3,0.097,Transactional,0.4718,Developing
390,27,Male,Boots,Footwear,42,Virginia,L,Purple,Spring,4.2,1,Standard,1,1,28,Bank Transfer,Monthly,12,1,High,Established,Low,0.3617,Silver,Low_Value_Promo_Dependent,25-34,0,0,1,0.3067,Transactional,0.5568,Loyal
391,25,Male,Gloves,Accessories,71,Indiana,M,Indigo,Winter,3.2,1,2-Day Shipping,1,1,19,PayPal,Annually,1,1,Medium,Growing,Medium,0.2744,Silver,Low_Value_Promo_Dependent,25-34,1,0,2,0.1469,Transactional,0.5074,Developing
392,37,Male,Sweater,Clothing,86,Minnesota,L,Gray,Spring,4.8,1,Standard,1,1,25,Cash,Fortnightly,26,1,High,Established,High,0.557,Gold,High_Value_Promo_Dependent,35-44,0,1,1,0.392,Developing,0.7782,Loyal
393,26,Male,T-shirt,Clothing,82,Idaho,XL,Black,Spring,3.3,1,Next Day Air,1,1,38,Credit Card,Annually,1,1,Medium,Established,High,0.457,Gold,High_Value_Promo_Dependent,25-34,1,1,2,0.302,Transactional,0.5558,Loyal
394,33,Male,Shoes,Footwear,65,Vermont,L,Maroon,Fall,4.2,1,Standard,1,1,6,PayPal,Fortnightly,26,1,High,New,Medium,0.3494,Silver,Low_Value_Promo_Dependent,25-34,0,0,1,0.2369,Transactional,0.6286,Loyal
395,43,Male,Scarf,Accessories,29,North Dakota,M,Beige,Spring,4.8,1,Store Pickup,1,1,7,Debit Card,Fortnightly,26,1,High,New,Low,0.2676,Silver,Low_Value_Promo_Dependent,35-44,0,0,1,0.2451,Transactional,0.6001,Loyal
396,37,Male,Sneakers,Footwear,65,Rhode Island,L,Brown,Winter,4.9,1,Store Pickup,1,1,2,PayPal,Annually,1,1,High,New,Medium,0.1207,Bronze,Low_Value_Promo_Dependent,35-44,0,0,1,0.0082,Transactional,0.7266,Loyal
397,46,Male,Dress,Clothing,88,South Carolina,S,Black,Fall,3.9,1,Standard,1,1,24,Bank Transfer,Annually,1,1,Medium,Growing,High,0.3578,Silver,Low_Value_Promo_Dependent,45-54,0,0,2,0.1878,Transactional,0.6585,Loyal
398,22,Male,Belt,Accessories,46,Mississippi,M,Indigo,Fall,3.0,1,Free Shipping,1,1,26,Cash,Annually,1,1,Medium,Established,Medium,0.2691,Silver,Low_Value_Promo_Dependent,18-24,0,0,2,0.2041,Transactional,0.4013,Developing
399,20,Male,Boots,Footwear,67,Montana,S,Silver,Winter,4.6,1,Free Shipping,1,1,25,Debit Card,Quarterly,4,1,High,Established,Medium,0.3369,Silver,Low_Value_Promo_Dependent,18-24,0,0,1,0.2194,Transactional,0.6909,Loyal
400,60,Male,Scarf,Accessories,35,Idaho,L,Blue,Fall,3.5,1,2-Day Shipping,1,1,10,Debit Card,Monthly,12,1,Medium,Growing,Low,0.1972,Bronze,Low_Value_Promo_Dependent,55-64,1,0,2,0.1597,Transactional,0.4369,Developing
401,39,Male,Boots,Footwear,66,Utah,M,Green,Winter,4.8,1,Free Shipping,1,1,14,PayPal,Fortnightly,26,1,High,Growing,Medium,0.4172,Silver,Low_Value_Promo_Dependent,35-44,0,0,1,0.3022,Transactional,0.7158,Loyal
402,43,Male,T-shirt,Clothing,91,Oklahoma,L,Orange,Fall,4.8,1,Standard,1,1,21,Cash,Quarterly,4,1,High,Growing,High,0.3643,Silver,Low_Value_Promo_Dependent,35-44,0,0,1,0.1868,Transactional,0.7939,Loyal
403,31,Male,Backpack,Accessories,78,California,L,Cyan,Fall,3.0,1,Express,1,1,26,PayPal,Monthly,12,1,Medium,Established,High,0.4354,Silver,Low_Value_Promo_Dependent,25-34,1,0,2,0.2904,Transactional,0.5013,Developing
404,19,Male,Sneakers,Footwear,45,Nevada,M,Orange,Winter,4.5,1,Next Day Air,1,1,12,Bank Transfer,Annually,1,1,High,Growing,Medium,0.1523,Bronze,Low_Value_Promo_Dependent,18-24,1,0,1,0.0898,Transactional,0.6081,Loyal
405,35,Male,T-shirt,Clothing,93,Delaware,M,Indigo,Spring,4.8,1,Store Pickup,1,1,11,Credit Card,Monthly,12,1,High,Growing,High,0.3504,Silver,Low_Value_Promo_Dependent,35-44,0,0,1,0.1679,Transactional,0.8001,Loyal
406,41,Male,Jeans,Clothing,74,South Carolina,S,Silver,Summer,3.8,1,Standard,1,1,15,Cash,Annually,1,1,Medium,Growing,High,0.2493,Bronze,Low_Value_Promo_Dependent,35-44,0,0,2,0.1143,Transactional,0.6008,Loyal
407,52,Male,Gloves,Accessories,55,Maryland,M,Peach,Spring,4.6,1,Express,1,1,13,Cash,Monthly,12,1,High,Growing,Medium,0.2717,Silver,Low_Value_Promo_Dependent,45-54,1,0,1,0.1842,Transactional,0.6534,Loyal
408,45,Male,Hoodie,Clothing,76,North Carolina,XL,Teal,Spring,3.1,1,Next Day Air,1,1,5,Credit Card,Fortnightly,26,1,Medium,New,High,0.3687,Silver,Low_Value_Promo_Dependent,45-54,1,0,2,0.2287,Transactional,0.509,Developing
409,34,Male,Sneakers,Footwear,66,Alabama,L,White,Spring,3.4,1,Express,1,1,36,Cash,Fortnightly,26,1,Medium,Established,Medium,0.5968,Gold,High_Value_Promo_Dependent,25-34,1,1,2,0.4818,Developing,0.5198,Loyal
410,35,Male,Shorts,Clothing,51,Minnesota,M,Brown,Winter,3.3,1,2-Day Shipping,1,1,32,Bank Transfer,Monthly,12,1,Medium,Established,Medium,0.4168,Silver,Low_Value_Promo_Dependent,35-44,1,0,2,0.3393,Transactional,0.4589,Developing
411,29,Male,Sweater,Clothing,26,Virginia,L,Lavender,Spring,4.8,1,2-Day Shipping,1,1,1,Credit Card,Quarterly,4,1,High,New,Low,0.0385,Bronze,Low_Value_Promo_Dependent,25-34,1,0,1,0.0235,Transactional,0.5908,Loyal
412,59,Male,Jeans,Clothing,29,Michigan,M,Indigo,Summer,2.8,1,Express,1,1,15,PayPal,Annually,1,1,Low,Growing,Low,0.1368,Bronze,Low_Value_Promo_Dependent,55-64,1,0,3,0.1143,Transactional,0.3201,Transactional
413,24,Male,Jacket,Outerwear,74,Maine,M,Yellow,Summer,3.1,1,Store Pickup,1,1,3,Bank Transfer,Weekly,52,1,Medium,New,High,0.5513,Gold,High_Value_Promo_Dependent,18-24,0,1,2,0.4163,Developing,0.5028,Developing
414,70,Male,Jewelry,Accessories,99,Nevada,S,White,Summer,4.6,1,Free Shipping,1,1,48,Cash,Monthly,12,1,High,Veteran,High,0.6674,Platinum,High_Value_Promo_Dependent,65+,0,1,1,0.4699,Developing,0.7909,Loyal
415,29,Male,Backpack,Accessories,88,Wyoming,L,Violet,Winter,2.6,1,Store Pickup,1,1,30,Debit Card,Weekly,52,1,Low,Established,High,0.8067,Platinum,High_Value_Promo_Dependent,25-34,0,1,3,0.6367,Loyal,0.4765,Developing
416,67,Male,Coat,Outerwear,31,Connecticut,M,Lavender,Winter,2.6,1,Express,1,1,40,Bank Transfer,Monthly,12,1,Low,Veteran,Low,0.4321,Silver,Low_Value_Promo_Dependent,65+,1,0,3,0.4046,Developing,0.2984,Transactional
417,36,Male,Belt,Accessories,55,Oregon,L,Olive,Spring,3.8,1,Free Shipping,1,1,24,Bank Transfer,Fortnightly,26,1,Medium,Growing,Medium,0.4713,Gold,High_Value_Promo_Dependent,35-44,0,1,2,0.3838,Developing,0.5414,Loyal
418,23,Male,Sandals,Footwear,81,Mississippi,L,Beige,Fall,4.5,1,Free Shipping,1,1,48,Debit Card,Quarterly,4,1,High,Veteran,High,0.5597,Gold,High_Value_Promo_Dependent,18-24,0,1,1,0.4072,Developing,0.7206,Loyal
419,18,Male,Sweater,Clothing,73,Illinois,L,Purple,Spring,3.0,1,Standard,1,1,27,Venmo,Fortnightly,26,1,Medium,Established,High,0.5408,Gold,High_Value_Promo_Dependent,18-24,0,1,2,0.4083,Developing,0.4856,Developing
420,53,Male,Shorts,Clothing,91,Utah,S,Teal,Winter,3.8,1,Free Shipping,1,1,14,Credit Card,Quarterly,4,1,Medium,Growing,High,0.3072,Silver,Low_Value_Promo_Dependent,45-54,0,0,2,0.1297,Transactional,0.6539,Loyal
421,32,Male,Socks,Clothing,54,North Carolina,S,Peach,Spring,3.8,1,Free Shipping,1,1,18,Debit Card,Fortnightly,26,1,Medium,Growing,Medium,0.4199,Silver,Low_Value_Promo_Dependent,25-34,0,0,2,0.3349,Transactional,0.5382,Loyal
422,38,Male,Shirt,Clothing,40,Kentucky,M,Violet,Winter,3.5,1,Standard,1,1,48,Cash,Fortnightly,26,1,Medium,Veteran,Low,0.6298,Gold,High_Value_Promo_Dependent,35-44,0,1,2,0.5798,Loyal,0.4525,Developing
423,47,Male,Pants,Clothing,59,Minnesota,M,Purple,Fall,3.1,1,Store Pickup,1,1,32,Debit Card,Annually,1,1,Medium,Established,Medium,0.3506,Silver,Low_Value_Promo_Dependent,45-54,0,0,2,0.2531,Transactional,0.4559,Developing
424,46,Male,Scarf,Accessories,26,New York,L,Teal,Spring,3.0,1,Store Pickup,1,1,21,Credit Card,Fortnightly,26,1,Medium,Growing,Low,0.3743,Silver,Low_Value_Promo_Dependent,45-54,0,0,2,0.3593,Developing,0.3388,Transactional
425,66,Male,Sweater,Clothing,23,Illinois,M,Gold,Winter,4.3,1,Standard,1,1,42,PayPal,Fortnightly,26,1,High,Veteran,Low,0.5383,Gold,High_Value_Promo_Dependent,65+,0,1,1,0.5308,Loyal,0.5114,Developing
426,40,Male,Jeans,Clothing,87,North Dakota,S,Teal,Winter,3.3,1,Store Pickup,1,1,4,Credit Card,Quarterly,4,1,Medium,New,High,0.2155,Bronze,Low_Value_Promo_Dependent,35-44,0,0,2,0.048,Transactional,0.5714,Loyal
427,43,Male,Pants,Clothing,71,Louisiana,M,Violet,Winter,4.7,1,Express,1,1,19,Credit Card,Quarterly,4,1,High,Growing,Medium,0.298,Silver,Low_Value_Promo_Dependent,35-44,1,0,1,0.1705,Transactional,0.7174,Loyal
428,58,Male,Backpack,Accessories,91,Illinois,L,Black,Winter,4.5,1,Store Pickup,1,1,6,Credit Card,Quarterly,4,1,High,New,High,0.2418,Bronze,Low_Value_Promo_Dependent,55-64,0,0,1,0.0643,Transactional,0.7519,Loyal
429,21,Male,Coat,Outerwear,64,Wyoming,XL,Gold,Winter,2.9,1,Free Shipping,1,1,2,Debit Card,Fortnightly,26,1,Low,New,Medium,0.3142,Silver,Low_Value_Promo_Dependent,18-24,0,0,3,0.2042,Transactional,0.4435,Developing
430,42,Male,Sandals,Footwear,94,Washington,M,Gold,Winter,4.1,1,2-Day Shipping,1,1,21,Cash,Fortnightly,26,1,High,Growing,High,0.5443,Gold,High_Value_Promo_Dependent,35-44,1,1,1,0.3593,Developing,0.7052,Loyal
431,24,Male,Shirt,Clothing,40,Texas,M,Brown,Summer,3.5,1,Store Pickup,1,1,40,Debit Card,Annually,1,1,Medium,Veteran,Low,0.3684,Silver,Low_Value_Promo_Dependent,18-24,0,0,2,0.3184,Transactional,0.4525,Developing
432,43,Male,Hat,Accessories,76,New Hampshire,L,Cyan,Winter,3.4,1,Store Pickup,1,1,33,Cash,Fortnightly,26,1,Medium,Established,High,0.5973,Gold,High_Value_Promo_Dependent,35-44,0,1,2,0.4573,Developing,0.551,Loyal
433,47,Male,Shirt,Clothing,86,Indiana,S,Indigo,Fall,3.3,1,Free Shipping,1,1,26,Venmo,Weekly,52,1,Medium,Established,High,0.7691,Platinum,High_Value_Promo_Dependent,45-54,0,1,2,0.6041,Loyal,0.5682,Loyal
434,49,Male,Skirt,Clothing,92,Alabama,M,Orange,Fall,3.2,1,Store Pickup,1,1,23,Credit Card,Fortnightly,26,1,Medium,Growing,High,0.5557,Gold,High_Value_Promo_Dependent,45-54,0,1,2,0.3757,Developing,0.573,Loyal
435,50,Male,Shoes,Footwear,52,Oklahoma,L,Pink,Spring,4.0,1,Store Pickup,1,1,39,PayPal,Quarterly,4,1,High,Established,Medium,0.4137,Silver,Low_Value_Promo_Dependent,45-54,0,0,1,0.3337,Transactional,0.56,Loyal
436,51,Male,Coat,Outerwear,28,Montana,XL,Olive,Winter,3.6,1,Next Day Air,1,1,42,Bank Transfer,Monthly,12,1,Medium,Veteran,Low,0.441,Silver,Low_Value_Promo_Dependent,45-54,1,0,2,0.421,Developing,0.429,Developing
437,40,Male,Pants,Clothing,46,Tennessee,L,Cyan,Summer,4.6,1,Free Shipping,1,1,41,Bank Transfer,Weekly,52,1,High,Veteran,Medium,0.7915,Platinum,High_Value_Promo_Dependent,35-44,0,1,1,0.7265,Loyal,0.6252,Loyal
438,45,Male,Jewelry,Accessories,50,New Mexico,M,Peach,Summer,2.6,1,Next Day Air,1,1,41,PayPal,Annually,1,1,Low,Veteran,Medium,0.4015,Silver,Low_Value_Promo_Dependent,45-54,1,0,3,0.3265,Transactional,0.3578,Transactional
439,52,Male,Belt,Accessories,23,Iowa,M,Turquoise,Winter,4.3,1,Express,1,1,12,Credit Card,Fortnightly,26,1,High,Growing,Low,0.2934,Silver,Low_Value_Promo_Dependent,45-54,1,0,1,0.2859,Transactional,0.5114,Developing
440,62,Male,Jacket,Outerwear,50,Idaho,M,Turquoise,Summer,3.4,1,Free Shipping,1,1,31,Cash,Monthly,12,1,Medium,Established,Medium,0.4062,Silver,Low_Value_Promo_Dependent,55-64,0,0,2,0.3312,Transactional,0.4698,Developing
441,20,Male,Shirt,Clothing,89,Oklahoma,XL,Maroon,Winter,3.5,1,Store Pickup,1,1,34,Debit Card,Fortnightly,26,1,Medium,Established,High,0.638,Gold,High_Value_Promo_Dependent,18-24,0,1,2,0.4655,Developing,0.6056,Loyal
442,43,Male,Hoodie,Clothing,81,Florida,M,Maroon,Winter,4.2,1,Standard,1,1,32,Credit Card,Annually,1,1,High,Established,High,0.4056,Silver,Low_Value_Promo_Dependent,35-44,0,0,1,0.2531,Transactional,0.6786,Loyal
443,29,Male,Sunglasses,Accessories,69,Michigan,M,Olive,Fall,3.8,1,Store Pickup,1,1,31,Credit Card,Quarterly,4,1,Medium,Established,Medium,0.3909,Silver,Low_Value_Promo_Dependent,25-34,0,0,2,0.2684,Transactional,0.5851,Loyal
444,22,Male,Sunglasses,Accessories,67,Hawaii,M,Magenta,Summer,3.6,1,Free Shipping,1,1,24,PayPal,Annually,1,1,Medium,Growing,Medium,0.3053,Silver,Low_Value_Promo_Dependent,18-24,0,0,2,0.1878,Transactional,0.5509,Loyal
445,48,Male,Dress,Clothing,20,California,M,Red,Summer,4.3,1,Store Pickup,1,1,31,Debit Card,Annually,1,1,High,Established,Low,0.2449,Bronze,Low_Value_Promo_Dependent,45-54,0,0,1,0.2449,Transactional,0.502,Developing
446,42,Male,Boots,Footwear,29,Iowa,M,Olive,Fall,4.9,1,Standard,1,1,18,Venmo,Annually,1,1,High,Growing,Low,0.1613,Bronze,Low_Value_Promo_Dependent,35-44,0,0,1,0.1388,Transactional,0.6141,Loyal
447,19,Male,Shirt,Clothing,74,West Virginia,M,Silver,Summer,4.1,1,Store Pickup,1,1,15,Venmo,Monthly,12,1,High,Growing,High,0.3356,Silver,Low_Value_Promo_Dependent,18-24,0,0,1,0.2006,Transactional,0.6427,Loyal
448,60,Male,Shorts,Clothing,82,Washington,S,Turquoise,Spring,3.6,1,Standard,1,1,7,Bank Transfer,Quarterly,4,1,Medium,New,High,0.2275,Bronze,Low_Value_Promo_Dependent,55-64,0,0,2,0.0725,Transactional,0.5978,Loyal
449,32,Male,Gloves,Accessories,23,Missouri,M,Yellow,Summer,3.4,1,Next Day Air,1,1,35,Bank Transfer,Fortnightly,26,1,Medium,Established,Low,0.4811,Gold,High_Value_Promo_Dependent,25-34,1,1,2,0.4736,Developing,0.3854,Transactional
450,26,Male,Jewelry,Accessories,45,New York,L,Peach,Summer,2.9,1,2-Day Shipping,1,1,35,Bank Transfer,Monthly,12,1,Low,Established,Medium,0.4263,Silver,Low_Value_Promo_Dependent,25-34,1,0,3,0.3638,Developing,0.3841,Transactional
451,25,Male,Boots,Footwear,21,Connecticut,L,Beige,Summer,2.7,1,Store Pickup,1,1,19,Credit Card,Monthly,12,1,Low,Growing,Low,0.2357,Bronze,Low_Value_Promo_Dependent,25-34,0,0,3,0.2332,Transactional,0.2811,Transactional
452,66,Male,Jewelry,Accessories,31,Virginia,M,Pink,Summer,4.3,1,Express,1,1,26,Credit Card,Fortnightly,26,1,High,Established,Low,0.4277,Silver,Low_Value_Promo_Dependent,65+,1,0,1,0.4002,Developing,0.5364,Loyal
453,45,Male,Pants,Clothing,45,Missouri,M,Violet,Summer,3.8,1,Express,1,1,39,PayPal,Fortnightly,26,1,Medium,Established,Medium,0.5688,Gold,High_Value_Promo_Dependent,45-54,1,1,2,0.5063,Developing,0.5101,Developing
454,54,Male,Jewelry,Accessories,56,Nebraska,XL,Peach,Winter,2.8,1,Next Day Air,1,1,22,Credit Card,Weekly,52,1,Low,Growing,Medium,0.6614,Platinum,High_Value_Promo_Dependent,45-54,1,1,3,0.5714,Loyal,0.4045,Developing
455,37,Male,Jacket,Outerwear,97,New Jersey,S,Gold,Summer,3.2,1,Next Day Air,1,1,14,Cash,Fortnightly,26,1,Medium,Growing,High,0.4947,Gold,High_Value_Promo_Dependent,35-44,1,1,2,0.3022,Transactional,0.5886,Loyal
456,54,Male,Blouse,Clothing,100,Utah,XL,Gold,Fall,3.6,1,Store Pickup,1,1,50,Debit Card,Fortnightly,26,1,Medium,Veteran,High,0.7961,Platinum,High_Value_Promo_Dependent,45-54,0,1,2,0.5961,Loyal,0.654,Loyal
457,50,Male,Blouse,Clothing,96,North Carolina,S,Indigo,Fall,4.0,1,2-Day Shipping,1,1,33,Credit Card,Quarterly,4,1,High,Established,High,0.4748,Gold,High_Value_Promo_Dependent,45-54,1,1,1,0.2848,Transactional,0.6975,Loyal
458,25,Male,Gloves,Accessories,99,Rhode Island,M,Blue,Spring,4.9,1,Next Day Air,1,1,48,Debit Card,Quarterly,4,1,High,Veteran,High,0.6047,Gold,High_Value_Promo_Dependent,25-34,1,1,1,0.4072,Developing,0.8329,Loyal
459,47,Male,Shorts,Clothing,91,Arkansas,L,Black,Winter,4.0,1,2-Day Shipping,1,1,48,PayPal,Monthly,12,1,High,Veteran,High,0.6474,Gold,High_Value_Promo_Dependent,45-54,1,1,1,0.4699,Developing,0.6819,Loyal
460,63,Male,Hat,Accessories,30,Maryland,L,Black,Winter,3.8,1,Standard,1,1,27,PayPal,Fortnightly,26,1,Medium,Established,Low,0.4333,Silver,Low_Value_Promo_Dependent,55-64,0,0,2,0.4083,Developing,0.4632,Developing
461,64,Male,Shoes,Footwear,65,South Carolina,L,Teal,Summer,3.8,1,Store Pickup,1,1,27,Bank Transfer,Weekly,52,1,Medium,Established,Medium,0.7247,Platinum,High_Value_Promo_Dependent,55-64,0,1,2,0.6122,Loyal,0.5726,Loyal
462,18,Male,Boots,Footwear,93,Ohio,M,Yellow,Winter,3.9,1,Express,1,1,20,Venmo,Weekly,52,1,Medium,Growing,High,0.7376,Platinum,High_Value_Promo_Dependent,18-24,1,1,2,0.5551,Loyal,0.6741,Loyal
463,59,Male,Jacket,Outerwear,81,Illinois,M,White,Fall,3.3,1,Express,1,1,48,Venmo,Quarterly,4,1,Medium,Veteran,High,0.5597,Gold,High_Value_Promo_Dependent,55-64,1,1,2,0.4072,Developing,0.5526,Loyal
464,37,Male,Jewelry,Accessories,81,Georgia,S,Orange,Summer,2.7,1,Standard,1,1,29,Venmo,Weekly,52,1,Low,Established,High,0.7811,Platinum,High_Value_Promo_Dependent,35-44,0,1,3,0.6286,Loyal,0.4686,Developing
465,23,Male,Sunglasses,Accessories,52,Alabama,M,Silver,Winter,4.7,1,Next Day Air,1,1,45,PayPal,Monthly,12,1,High,Veteran,Medium,0.5255,Gold,High_Value_Promo_Dependent,18-24,1,1,1,0.4455,Developing,0.658,Loyal
466,54,Male,Skirt,Clothing,88,Oklahoma,M,Pink,Summer,2.8,1,Next Day Air,1,1,25,Cash,Quarterly,4,1,Low,Established,High,0.3894,Silver,Low_Value_Promo_Dependent,45-54,1,0,3,0.2194,Transactional,0.5045,Developing
467,38,Male,Jeans,Clothing,24,Vermont,L,Turquoise,Winter,4.6,1,Free Shipping,1,1,25,PayPal,Weekly,52,1,High,Established,Low,0.6059,Gold,High_Value_Promo_Dependent,35-44,0,1,1,0.5959,Loyal,0.5565,Loyal
468,19,Male,Backpack,Accessories,51,Nebraska,S,Orange,Spring,4.5,1,2-Day Shipping,1,1,37,Debit Card,Quarterly,4,1,High,Established,Medium,0.3949,Silver,Low_Value_Promo_Dependent,18-24,1,0,1,0.3174,Transactional,0.6269,Loyal
469,34,Male,Backpack,Accessories,38,Georgia,S,Peach,Fall,5.0,1,Free Shipping,1,1,16,Cash,Quarterly,4,1,High,Growing,Low,0.191,Bronze,Low_Value_Promo_Dependent,25-34,0,0,1,0.146,Transactional,0.6562,Loyal
470,21,Male,Shorts,Clothing,46,Alabama,L,Pink,Fall,4.1,1,2-Day Shipping,1,1,30,Debit Card,Fortnightly,26,1,High,Established,Medium,0.4978,Gold,High_Value_Promo_Dependent,18-24,1,1,1,0.4328,Developing,0.5552,Loyal
471,50,Male,Dress,Clothing,63,Minnesota,L,Teal,Summer,4.6,1,Express,1,1,6,Cash,Quarterly,4,1,High,New,Medium,0.1718,Bronze,Low_Value_Promo_Dependent,45-54,1,0,1,0.0643,Transactional,0.6784,Loyal
472,55,Male,Scarf,Accessories,72,Missouri,XL,White,Winter,4.9,1,2-Day Shipping,1,1,36,Bank Transfer,Quarterly,4,1,High,Established,Medium,0.4392,Silver,Low_Value_Promo_Dependent,55-64,1,0,1,0.3092,Transactional,0.7485,Loyal
473,20,Male,Jeans,Clothing,39,Georgia,L,Gray,Winter,3.9,1,Free Shipping,1,1,3,Bank Transfer,Quarterly,4,1,Medium,New,Low,0.0874,Bronze,Low_Value_Promo_Dependent,18-24,0,0,2,0.0399,Transactional,0.5054,Developing
474,34,Male,Coat,Outerwear,42,West Virginia,L,Olive,Spring,3.9,1,Store Pickup,1,1,29,PayPal,Quarterly,4,1,Medium,Established,Low,0.3071,Silver,Low_Value_Promo_Dependent,25-34,0,0,2,0.2521,Transactional,0.5148,Developing
475,62,Male,Sweater,Clothing,76,Arkansas,XL,Maroon,Summer,2.6,1,2-Day Shipping,1,1,15,Cash,Quarterly,4,1,Low,Growing,High,0.2778,Silver,Low_Value_Promo_Dependent,55-64,1,0,3,0.1378,Transactional,0.439,Developing
476,21,Male,Sneakers,Footwear,66,Ohio,L,Magenta,Summer,2.7,1,Free Shipping,1,1,18,Debit Card,Annually,1,1,Low,Growing,Medium,0.2538,Silver,Low_Value_Promo_Dependent,18-24,0,0,3,0.1388,Transactional,0.4218,Developing
477,21,Male,Scarf,Accessories,90,Connecticut,M,Magenta,Spring,3.5,1,Free Shipping,1,1,2,Debit Card,Fortnightly,26,1,Medium,New,High,0.3792,Silver,Low_Value_Promo_Dependent,18-24,0,0,2,0.2042,Transactional,0.6088,Loyal
478,42,Male,Sweater,Clothing,56,North Dakota,M,Green,Summer,3.7,1,Free Shipping,1,1,49,Debit Card,Weekly,52,1,Medium,Veteran,Medium,0.8818,Platinum,High_Value_Promo_Dependent,35-44,0,1,2,0.7918,Loyal,0.5305,Loyal
479,35,Male,Jewelry,Accessories,43,Kansas,XL,Turquoise,Winter,3.2,1,Free Shipping,1,1,48,Venmo,Annually,1,1,Medium,Veteran,Low,0.4412,Silver,Low_Value_Promo_Dependent,35-44,0,0,2,0.3837,Developing,0.4199,Developing
480,39,Male,Handbag,Accessories,84,Iowa,L,Yellow,Winter,3.3,1,Store Pickup,1,1,43,Venmo,Monthly,12,1,Medium,Veteran,High,0.5891,Gold,High_Value_Promo_Dependent,35-44,0,1,2,0.4291,Developing,0.562,Loyal
481,68,Male,Hoodie,Clothing,88,Vermont,M,Gray,Summer,4.8,1,Standard,1,1,30,Debit Card,Fortnightly,26,1,High,Established,High,0.6028,Gold,High_Value_Promo_Dependent,65+,0,1,1,0.4328,Developing,0.7845,Loyal
482,46,Male,Hat,Accessories,88,Wisconsin,L,Peach,Fall,3.2,1,2-Day Shipping,1,1,10,PayPal,Fortnightly,26,1,Medium,Growing,High,0.4395,Silver,Low_Value_Promo_Dependent,45-54,1,0,2,0.2695,Transactional,0.5605,Loyal
483,41,Male,Belt,Accessories,42,Connecticut,M,Yellow,Winter,2.5,1,2-Day Shipping,1,1,11,Venmo,Annually,1,1,Low,Growing,Low,0.1366,Bronze,Low_Value_Promo_Dependent,35-44,1,0,3,0.0816,Transactional,0.3188,Transactional
484,23,Male,Hoodie,Clothing,73,Oklahoma,M,White,Fall,3.9,1,Store Pickup,1,1,12,Debit Card,Weekly,52,1,Medium,Growing,High,0.6223,Gold,High_Value_Promo_Dependent,18-24,0,1,2,0.4898,Developing,0.6116,Loyal
485,68,Male,Hat,Accessories,73,Missouri,L,Lavender,Summer,4.7,1,Free Shipping,1,1,28,Bank Transfer,Quarterly,4,1,High,Established,High,0.3764,Silver,Low_Value_Promo_Dependent,65+,0,0,1,0.2439,Transactional,0.7236,Loyal
486,48,Male,Shoes,Footwear,44,Tennessee,S,Blue,Spring,2.6,1,Next Day Air,1,1,36,Debit Card,Fortnightly,26,1,Low,Established,Low,0.5418,Gold,High_Value_Promo_Dependent,45-54,1,1,3,0.4818,Developing,0.339,Transactional
487,38,Male,Sandals,Footwear,63,New Mexico,M,Charcoal,Fall,2.8,1,Store Pickup,1,1,37,Venmo,Quarterly,4,1,Low,Established,Medium,0.4249,Silver,Low_Value_Promo_Dependent,35-44,0,0,3,0.3174,Transactional,0.4264,Developing
488,41,Male,Jacket,Outerwear,68,Iowa,L,Red,Winter,4.4,1,Store Pickup,1,1,22,Credit Card,Quarterly,4,1,High,Growing,Medium,0.315,Silver,Low_Value_Promo_Dependent,35-44,0,0,1,0.195,Transactional,0.666,Loyal
489,58,Male,Sweater,Clothing,29,Maine,L,Olive,Spring,4.6,1,Standard,1,1,32,Venmo,Weekly,52,1,High,Established,Low,0.6756,Platinum,High_Value_Promo_Dependent,55-64,0,1,1,0.6531,Loyal,0.5721,Loyal
490,49,Male,Socks,Clothing,85,South Dakota,M,Green,Summer,3.2,1,Standard,1,1,40,PayPal,Annually,1,1,Medium,Veteran,High,0.4809,Gold,High_Value_Promo_Dependent,45-54,0,1,2,0.3184,Transactional,0.5511,Loyal
491,57,Male,Sneakers,Footwear,42,Colorado,M,Silver,Winter,4.2,1,2-Day Shipping,1,1,47,Cash,Monthly,12,1,High,Veteran,Low,0.5168,Gold,High_Value_Promo_Dependent,55-64,1,1,1,0.4618,Developing,0.5568,Loyal
492,49,Male,Coat,Outerwear,69,Vermont,M,Silver,Summer,3.8,1,2-Day Shipping,1,1,24,Credit Card,Fortnightly,26,1,Medium,Growing,Medium,0.5063,Gold,High_Value_Promo_Dependent,45-54,1,1,2,0.3838,Developing,0.5851,Loyal
493,50,Male,Shirt,Clothing,62,Michigan,M,Black,Fall,3.9,1,Standard,1,1,11,Debit Card,Weekly,52,1,Medium,Growing,Medium,0.5866,Gold,High_Value_Promo_Dependent,45-54,0,1,2,0.4816,Developing,0.5772,Loyal
494,28,Male,Backpack,Accessories,48,Nevada,XL,Red,Summer,4.7,1,Store Pickup,1,1,19,Cash,Fortnightly,26,1,High,Growing,Medium,0.413,Silver,Low_Value_Promo_Dependent,25-34,0,0,1,0.343,Transactional,0.6455,Loyal
495,38,Male,Boots,Footwear,68,Indiana,M,Indigo,Winter,4.5,1,Express,1,1,42,Debit Card,Weekly,52,1,High,Veteran,Medium,0.8547,Platinum,High_Value_Promo_Dependent,35-44,1,1,1,0.7347,Loyal,0.68,Loyal
496,33,Male,Handbag,Accessories,36,Michigan,XL,Cyan,Fall,3.3,1,Free Shipping,1,1,6,Debit Card,Fortnightly,26,1,Medium,New,Low,0.2769,Silver,Low_Value_Promo_Dependent,25-34,0,0,2,0.2369,Transactional,0.412,Developing
497,30,Male,Dress,Clothing,63,California,S,Maroon,Fall,3.3,1,Express,1,1,31,Venmo,Fortnightly,26,1,Medium,Established,Medium,0.5485,Gold,High_Value_Promo_Dependent,25-34,1,1,2,0.441,Developing,0.4964,Developing
498,43,Male,Sneakers,Footwear,39,Oklahoma,S,Silver,Winter,4.6,1,Free Shipping,1,1,31,Cash,Weekly,52,1,High,Established,Low,0.6924,Platinum,High_Value_Promo_Dependent,35-44,0,1,1,0.6449,Loyal,0.6034,Loyal
499,43,Male,Boots,Footwear,78,Iowa,M,Lavender,Spring,3.6,1,Free Shipping,1,1,27,Bank Transfer,Monthly,12,1,Medium,Established,High,0.4435,Silver,Low_Value_Promo_Dependent,35-44,0,0,2,0.2985,Transactional,0.5853,Loyal
500,36,Male,Shoes,Footwear,99,Rhode Island,L,Silver,Winter,4.8,1,Express,1,1,24,PayPal,Monthly,12,1,High,Growing,High,0.4715,Gold,High_Value_Promo_Dependent,35-44,1,1,1,0.274,Transactional,0.8189,Loyal
501,36,Male,T-shirt,Clothing,31,Washington,L,Purple,Fall,4.8,1,Next Day Air,1,1,35,Venmo,Quarterly,4,1,High,Established,Low,0.3286,Silver,Low_Value_Promo_Dependent,35-44,1,0,1,0.3011,Transactional,0.6064,Loyal
502,64,Male,Boots,Footwear,45,Florida,M,Cyan,Spring,2.9,1,Next Day Air,1,1,21,Venmo,Annually,1,1,Low,Growing,Medium,0.2258,Bronze,Low_Value_Promo_Dependent,55-64,1,0,3,0.1633,Transactional,0.3841,Transactional
503,59,Male,Pants,Clothing,30,South Carolina,S,Cyan,Fall,2.8,1,Express,1,1,8,PayPal,Fortnightly,26,1,Low,New,Low,0.2782,Silver,Low_Value_Promo_Dependent,55-64,1,0,3,0.2532,Transactional,0.3232,Transactional
504,55,Male,Shoes,Footwear,24,West Virginia,M,Lavender,Summer,3.2,1,Next Day Air,1,1,26,Bank Transfer,Quarterly,4,1,Medium,Established,Low,0.2376,Bronze,Low_Value_Promo_Dependent,55-64,1,0,2,0.2276,Transactional,0.3605,Transactional
505,42,Male,Shoes,Footwear,22,Missouri,M,Maroon,Winter,3.9,1,Free Shipping,1,1,26,PayPal,Annually,1,1,Medium,Established,Low,0.2091,Bronze,Low_Value_Promo_Dependent,35-44,0,0,2,0.2041,Transactional,0.4522,Developing
506,61,Male,T-shirt,Clothing,63,Maine,L,Gray,Spring,4.3,1,Express,1,1,9,Cash,Fortnightly,26,1,High,New,Medium,0.3689,Silver,Low_Value_Promo_Dependent,55-64,1,0,1,0.2614,Transactional,0.6364,Loyal
507,28,Male,Scarf,Accessories,40,Georgia,M,Olive,Fall,2.7,1,2-Day Shipping,1,1,48,Debit Card,Annually,1,1,Low,Veteran,Low,0.4337,Silver,Low_Value_Promo_Dependent,25-34,1,0,3,0.3837,Developing,0.3405,Transactional
508,65,Male,Shorts,Clothing,20,Maine,M,Magenta,Spring,5.0,1,Store Pickup,1,1,33,Debit Card,Fortnightly,26,1,High,Established,Low,0.4573,Gold,High_Value_Promo_Dependent,65+,0,1,1,0.4573,Developing,0.6,Loyal
509,27,Male,Jewelry,Accessories,20,Illinois,S,Yellow,Winter,3.7,1,Store Pickup,1,1,31,PayPal,Quarterly,4,1,Medium,Established,Low,0.2684,Silver,Low_Value_Promo_Dependent,25-34,0,0,2,0.2684,Transactional,0.418,Developing
510,41,Male,T-shirt,Clothing,80,Delaware,L,Cyan,Summer,3.9,1,Free Shipping,1,1,17,Debit Card,Weekly,52,1,Medium,Growing,High,0.6806,Platinum,High_Value_Promo_Dependent,35-44,0,1,2,0.5306,Loyal,0.6335,Loyal
511,21,Male,Shirt,Clothing,87,West Virginia,M,Teal,Fall,3.9,1,2-Day Shipping,1,1,22,Venmo,Annually,1,1,Medium,Growing,High,0.3389,Silver,Low_Value_Promo_Dependent,18-24,1,0,2,0.1714,Transactional,0.6554,Loyal
512,61,Male,Shirt,Clothing,46,Hawaii,L,Yellow,Fall,3.1,1,Free Shipping,1,1,8,PayPal,Annually,1,1,Medium,New,Medium,0.1221,Bronze,Low_Value_Promo_Dependent,55-64,0,0,2,0.0571,Transactional,0.4153,Developing
513,19,Male,Gloves,Accessories,49,New York,L,Peach,Winter,3.8,1,Next Day Air,1,1,2,Bank Transfer,Monthly,12,1,Medium,New,Medium,0.1669,Bronze,Low_Value_Promo_Dependent,18-24,1,0,2,0.0944,Transactional,0.5226,Loyal
514,22,Male,Scarf,Accessories,65,New Mexico,M,Peach,Fall,3.6,1,Store Pickup,1,1,45,Venmo,Annually,1,1,Medium,Veteran,Medium,0.4717,Gold,High_Value_Promo_Dependent,18-24,0,1,2,0.3592,Developing,0.5446,Loyal
515,64,Male,Skirt,Clothing,62,Indiana,S,Olive,Winter,4.3,1,Standard,1,1,47,PayPal,Quarterly,4,1,High,Veteran,Medium,0.504,Gold,High_Value_Promo_Dependent,55-64,0,1,1,0.399,Developing,0.6332,Loyal
516,28,Male,Hat,Accessories,67,Kentucky,L,Charcoal,Spring,4.5,1,Next Day Air,1,1,7,Cash,Monthly,12,1,High,New,Medium,0.2528,Silver,Low_Value_Promo_Dependent,25-34,1,0,1,0.1353,Transactional,0.6769,Loyal
517,34,Male,Hoodie,Clothing,41,West Virginia,L,Indigo,Fall,2.8,1,2-Day Shipping,1,1,19,Debit Card,Fortnightly,26,1,Low,Growing,Low,0.3955,Silver,Low_Value_Promo_Dependent,25-34,1,0,3,0.343,Transactional,0.3576,Transactional
518,61,Male,Boots,Footwear,49,North Dakota,L,Silver,Fall,2.7,1,Free Shipping,1,1,44,Cash,Quarterly,4,1,Low,Veteran,Medium,0.447,Silver,Low_Value_Promo_Dependent,55-64,0,0,3,0.3745,Developing,0.3686,Transactional
519,24,Male,Blouse,Clothing,100,Oregon,M,Beige,Fall,2.9,1,Next Day Air,1,1,16,Venmo,Quarterly,4,1,Low,Growing,High,0.346,Silver,Low_Value_Promo_Dependent,18-24,1,0,3,0.146,Transactional,0.556,Loyal
520,19,Male,Belt,Accessories,54,Minnesota,L,Blue,Summer,4.4,1,2-Day Shipping,1,1,17,Bank Transfer,Quarterly,4,1,High,Growing,Medium,0.2391,Bronze,Low_Value_Promo_Dependent,18-24,1,0,1,0.1541,Transactional,0.6222,Loyal
521,51,Male,Sunglasses,Accessories,84,South Carolina,M,White,Spring,3.9,1,Free Shipping,1,1,20,Debit Card,Quarterly,4,1,Medium,Growing,High,0.3386,Silver,Low_Value_Promo_Dependent,45-54,0,0,2,0.1786,Transactional,0.646,Loyal
522,36,Male,Shorts,Clothing,41,Vermont,L,Gold,Winter,3.5,1,Standard,1,1,50,Bank Transfer,Annually,1,1,Medium,Veteran,Low,0.4525,Gold,High_Value_Promo_Dependent,35-44,0,1,2,0.4,Developing,0.4556,Developing
523,65,Male,Gloves,Accessories,88,Minnesota,M,Blue,Spring,2.5,1,Store Pickup,1,1,37,Cash,Quarterly,4,1,Low,Established,High,0.4874,Gold,High_Value_Promo_Dependent,65+,0,1,3,0.3174,Transactional,0.4625,Developing
524,46,Male,Sandals,Footwear,40,Delaware,M,Orange,Spring,4.9,1,Express,1,1,5,PayPal,Quarterly,4,1,High,New,Low,0.1062,Bronze,Low_Value_Promo_Dependent,45-54,1,0,1,0.0562,Transactional,0.6485,Loyal
525,59,Male,Shirt,Clothing,39,Pennsylvania,M,Gold,Summer,4.8,1,Free Shipping,1,1,44,PayPal,Annually,1,1,High,Veteran,Low,0.3985,Silver,Low_Value_Promo_Dependent,55-64,0,0,1,0.351,Developing,0.6314,Loyal
526,51,Male,Coat,Outerwear,37,Iowa,M,Cyan,Spring,3.2,1,Next Day Air,1,1,41,Debit Card,Monthly,12,1,Medium,Veteran,Low,0.4553,Gold,High_Value_Promo_Dependent,45-54,1,1,2,0.4128,Developing,0.4011,Developing
527,51,Male,Pants,Clothing,52,New Jersey,S,Red,Winter,4.9,1,Standard,1,1,19,Cash,Monthly,12,1,High,Growing,Medium,0.3132,Silver,Low_Value_Promo_Dependent,45-54,0,0,1,0.2332,Transactional,0.686,Loyal
528,21,Male,T-shirt,Clothing,23,South Carolina,L,Yellow,Winter,4.3,1,Next Day Air,1,1,47,Bank Transfer,Quarterly,4,1,High,Veteran,Low,0.4065,Silver,Low_Value_Promo_Dependent,18-24,1,0,1,0.399,Developing,0.5114,Developing
529,34,Male,Sneakers,Footwear,88,Maryland,S,Beige,Winter,3.2,1,Express,1,1,40,Cash,Annually,1,1,Medium,Veteran,High,0.4884,Gold,High_Value_Promo_Dependent,25-34,1,1,2,0.3184,Transactional,0.5605,Loyal
530,32,Male,Shorts,Clothing,84,California,M,Orange,Fall,3.7,1,Standard,1,1,6,Credit Card,Monthly,12,1,Medium,New,High,0.2871,Silver,Low_Value_Promo_Dependent,25-34,0,0,2,0.1271,Transactional,0.618,Loyal
531,48,Male,Coat,Outerwear,37,Montana,XL,Magenta,Winter,3.2,1,Store Pickup,1,1,25,Credit Card,Fortnightly,26,1,Medium,Established,Low,0.4345,Silver,Low_Value_Promo_Dependent,45-54,0,0,2,0.392,Developing,0.4011,Developing
532,50,Male,Sandals,Footwear,51,Vermont,L,Purple,Fall,3.4,1,Next Day Air,1,1,42,Cash,Weekly,52,1,Medium,Veteran,Medium,0.8122,Platinum,High_Value_Promo_Dependent,45-54,1,1,2,0.7347,Loyal,0.4729,Developing
533,26,Male,Pants,Clothing,76,Texas,L,Black,Winter,4.1,1,Express,1,1,35,Bank Transfer,Quarterly,4,1,High,Established,High,0.4411,Silver,Low_Value_Promo_Dependent,25-34,1,0,1,0.3011,Transactional,0.649,Loyal
534,57,Male,Sandals,Footwear,60,North Carolina,L,Pink,Spring,4.5,1,Next Day Air,1,1,17,Debit Card,Weekly,52,1,High,Growing,Medium,0.6306,Gold,High_Value_Promo_Dependent,55-64,1,1,1,0.5306,Loyal,0.655,Loyal
535,65,Male,Gloves,Accessories,72,Florida,L,Pink,Fall,4.5,1,Next Day Air,1,1,4,PayPal,Quarterly,4,1,High,New,Medium,0.178,Bronze,Low_Value_Promo_Dependent,65+,1,0,1,0.048,Transactional,0.6925,Loyal
536,56,Male,T-shirt,Clothing,45,West Virginia,L,Maroon,Spring,3.2,1,Free Shipping,1,1,24,Bank Transfer,Weekly,52,1,Medium,Growing,Medium,0.6503,Platinum,High_Value_Promo_Dependent,55-64,0,1,2,0.5878,Loyal,0.4261,Developing
537,44,Male,Jacket,Outerwear,84,Illinois,S,Maroon,Fall,4.4,1,Store Pickup,1,1,16,Debit Card,Quarterly,4,1,High,Growing,High,0.306,Silver,Low_Value_Promo_Dependent,35-44,0,0,1,0.146,Transactional,0.716,Loyal
538,50,Male,Blouse,Clothing,49,Virginia,S,Turquoise,Summer,3.0,1,Store Pickup,1,1,14,Debit Card,Annually,1,1,Medium,Growing,Medium,0.1786,Bronze,Low_Value_Promo_Dependent,45-54,0,0,2,0.1061,Transactional,0.4106,Developing
539,27,Male,Socks,Clothing,22,Virginia,XL,Green,Spring,3.2,1,Free Shipping,1,1,43,Cash,Weekly,52,1,Medium,Veteran,Low,0.7479,Platinum,High_Value_Promo_Dependent,25-34,0,1,2,0.7429,Loyal,0.3543,Transactional
540,49,Male,Coat,Outerwear,48,Wyoming,M,Violet,Winter,4.0,1,Store Pickup,1,1,49,Debit Card,Weekly,52,1,High,Veteran,Medium,0.8618,Platinum,High_Value_Promo_Dependent,45-54,0,1,1,0.7918,Loyal,0.5475,Loyal
541,49,Male,Dress,Clothing,37,South Carolina,M,Lavender,Spring,3.1,1,Next Day Air,1,1,33,Cash,Quarterly,4,1,Medium,Established,Low,0.3273,Silver,Low_Value_Promo_Dependent,45-54,1,0,2,0.2848,Transactional,0.3871,Developing
542,52,Male,Jacket,Outerwear,27,Connecticut,L,Gray,Fall,2.8,1,Next Day Air,1,1,45,Cash,Fortnightly,26,1,Low,Veteran,Low,0.5728,Gold,High_Value_Promo_Dependent,45-54,1,1,3,0.5553,Loyal,0.3139,Transactional
543,27,Male,Boots,Footwear,79,Illinois,XL,Teal,Spring,4.6,1,Next Day Air,1,1,35,Cash,Fortnightly,26,1,High,Established,High,0.6211,Gold,High_Value_Promo_Dependent,25-34,1,1,1,0.4736,Developing,0.7284,Loyal
544,53,Male,Skirt,Clothing,98,Alabama,S,Red,Spring,4.3,1,Express,1,1,11,Credit Card,Monthly,12,1,High,Growing,High,0.3629,Silver,Low_Value_Promo_Dependent,45-54,1,0,1,0.1679,Transactional,0.7458,Loyal
545,34,Male,Sandals,Footwear,64,Washington,S,Yellow,Summer,3.3,1,Standard,1,1,30,Bank Transfer,Quarterly,4,1,Medium,Established,Medium,0.3703,Silver,Low_Value_Promo_Dependent,25-34,0,0,2,0.2603,Transactional,0.4995,Developing
546,33,Male,Coat,Outerwear,32,Alabama,L,Magenta,Summer,3.5,1,2-Day Shipping,1,1,48,Debit Card,Annually,1,1,Medium,Veteran,Low,0.4137,Silver,Low_Value_Promo_Dependent,25-34,1,0,2,0.3837,Developing,0.4275,Developing
547,62,Male,Hoodie,Clothing,74,New Mexico,M,Brown,Winter,3.4,1,Free Shipping,1,1,45,Venmo,Fortnightly,26,1,Medium,Veteran,High,0.6903,Platinum,High_Value_Promo_Dependent,55-64,0,1,2,0.5553,Loyal,0.5448,Loyal
548,38,Male,Jacket,Outerwear,50,Nevada,M,Blue,Winter,2.8,1,Free Shipping,1,1,26,Venmo,Weekly,52,1,Low,Established,Medium,0.6791,Platinum,High_Value_Promo_Dependent,35-44,0,1,3,0.6041,Loyal,0.3857,Transactional
549,36,Male,Backpack,Accessories,64,Nebraska,M,Black,Winter,4.6,1,Store Pickup,1,1,41,Debit Card,Quarterly,4,1,High,Veteran,Medium,0.4601,Gold,High_Value_Promo_Dependent,35-44,0,1,1,0.3501,Developing,0.6815,Loyal
550,31,Male,Backpack,Accessories,29,Arizona,S,Olive,Fall,3.6,1,Express,1,1,37,Venmo,Fortnightly,26,1,Medium,Established,Low,0.5125,Gold,High_Value_Promo_Dependent,25-34,1,1,2,0.49,Developing,0.4321,Developing
551,62,Male,Belt,Accessories,62,Georgia,M,Olive,Summer,3.3,1,Store Pickup,1,1,12,PayPal,Weekly,52,1,Medium,Growing,Medium,0.5948,Gold,High_Value_Promo_Dependent,55-64,0,1,2,0.4898,Developing,0.4932,Developing
552,29,Male,Coat,Outerwear,78,Idaho,XL,Green,Fall,3.1,1,2-Day Shipping,1,1,27,Cash,Fortnightly,26,1,Medium,Established,High,0.5533,Gold,High_Value_Promo_Dependent,25-34,1,1,2,0.4083,Developing,0.5153,Developing
553,24,Male,T-shirt,Clothing,94,Missouri,M,Peach,Fall,3.5,1,Express,1,1,18,Bank Transfer,Weekly,52,1,Medium,Growing,High,0.7238,Platinum,High_Value_Promo_Dependent,18-24,1,1,2,0.5388,Loyal,0.6213,Loyal
554,63,Male,Sunglasses,Accessories,59,Florida,M,White,Winter,3.2,1,Express,1,1,15,Credit Card,Quarterly,4,1,Medium,Growing,Medium,0.2353,Bronze,Low_Value_Promo_Dependent,55-64,1,0,2,0.1378,Transactional,0.4699,Developing
555,56,Male,Sneakers,Footwear,47,Minnesota,M,Red,Summer,3.0,1,Express,1,1,34,Bank Transfer,Weekly,52,1,Medium,Established,Medium,0.7369,Platinum,High_Value_Promo_Dependent,55-64,1,1,2,0.6694,Loyal,0.4044,Developing
556,63,Male,Gloves,Accessories,57,Maine,M,White,Fall,4.8,1,Express,1,1,37,Venmo,Annually,1,1,High,Established,Medium,0.3864,Silver,Low_Value_Promo_Dependent,55-64,1,0,1,0.2939,Transactional,0.6876,Loyal
557,40,Male,Coat,Outerwear,90,Montana,L,Indigo,Winter,5.0,1,Store Pickup,1,1,21,Cash,Fortnightly,26,1,High,Growing,High,0.5343,Gold,High_Value_Promo_Dependent,35-44,0,1,1,0.3593,Developing,0.8188,Loyal
558,18,Male,Shirt,Clothing,60,Alaska,M,White,Spring,2.9,1,Free Shipping,1,1,31,Debit Card,Weekly,52,1,Low,Established,Medium,0.7449,Platinum,High_Value_Promo_Dependent,18-24,0,1,3,0.6449,Loyal,0.431,Developing
559,50,Male,Sneakers,Footwear,77,Iowa,L,Teal,Fall,3.2,1,Express,1,1,43,Debit Card,Quarterly,4,1,Medium,Veteran,High,0.5089,Gold,High_Value_Promo_Dependent,45-54,1,1,2,0.3664,Developing,0.5261,Loyal
560,66,Male,Scarf,Accessories,41,Arizona,M,Indigo,Fall,2.9,1,Store Pickup,1,1,22,Bank Transfer,Monthly,12,1,Low,Growing,Low,0.3102,Silver,Low_Value_Promo_Dependent,65+,0,0,3,0.2577,Transactional,0.3716,Transactional
561,25,Male,Jewelry,Accessories,48,Louisiana,L,Red,Fall,3.8,1,Free Shipping,1,1,12,Debit Card,Annually,1,1,Medium,Growing,Medium,0.1598,Bronze,Low_Value_Promo_Dependent,25-34,0,0,2,0.0898,Transactional,0.5195,Loyal
562,65,Male,Jacket,Outerwear,65,Alabama,M,Blue,Fall,2.6,1,Next Day Air,1,1,25,PayPal,Fortnightly,26,1,Low,Established,Medium,0.5045,Gold,High_Value_Promo_Dependent,65+,1,1,3,0.392,Developing,0.4046,Developing
563,53,Male,Jeans,Clothing,62,Missouri,M,Blue,Summer,3.5,1,Standard,1,1,40,Debit Card,Annually,1,1,Medium,Veteran,Medium,0.4234,Silver,Low_Value_Promo_Dependent,45-54,0,0,2,0.3184,Transactional,0.5212,Loyal
564,61,Male,Shoes,Footwear,99,Idaho,M,Black,Fall,4.4,1,Standard,1,1,16,Debit Card,Quarterly,4,1,High,Growing,High,0.3435,Silver,Low_Value_Promo_Dependent,55-64,0,0,1,0.146,Transactional,0.7629,Loyal
565,67,Male,Hoodie,Clothing,58,Florida,M,Olive,Winter,3.4,1,Next Day Air,1,1,30,Bank Transfer,Weekly,52,1,Medium,Established,Medium,0.7317,Platinum,High_Value_Promo_Dependent,65+,1,1,2,0.6367,Loyal,0.4948,Developing
566,59,Male,Backpack,Accessories,43,Idaho,L,Lavender,Fall,4.2,1,Store Pickup,1,1,10,Venmo,Weekly,52,1,High,Growing,Low,0.531,Gold,High_Value_Promo_Dependent,55-64,0,1,1,0.4735,Developing,0.5599,Loyal
567,55,Male,Sneakers,Footwear,93,Alabama,M,Indigo,Spring,3.6,1,Store Pickup,1,1,1,Debit Card,Fortnightly,26,1,Medium,New,High,0.3786,Silver,Low_Value_Promo_Dependent,55-64,0,0,2,0.1961,Transactional,0.6321,Loyal
568,21,Male,Blouse,Clothing,50,New Hampshire,S,Red,Winter,3.0,1,Next Day Air,1,1,24,Venmo,Fortnightly,26,1,Medium,Growing,Medium,0.4588,Gold,High_Value_Promo_Dependent,18-24,1,1,2,0.3838,Developing,0.4138,Developing
569,44,Male,Pants,Clothing,88,Utah,L,Red,Summer,4.0,1,Free Shipping,1,1,36,PayPal,Monthly,12,1,High,Established,High,0.542,Gold,High_Value_Promo_Dependent,35-44,0,1,1,0.372,Developing,0.6725,Loyal
570,65,Male,Skirt,Clothing,33,Alabama,M,Pink,Fall,4.4,1,Express,1,1,46,Credit Card,Quarterly,4,1,High,Veteran,Low,0.4234,Silver,Low_Value_Promo_Dependent,65+,1,0,1,0.3909,Developing,0.5566,Loyal
571,65,Male,T-shirt,Clothing,99,Iowa,XL,Purple,Fall,4.1,1,Standard,1,1,20,Cash,Annually,1,1,High,Growing,High,0.3526,Silver,Low_Value_Promo_Dependent,65+,0,0,1,0.1551,Transactional,0.7209,Loyal
572,54,Male,Jacket,Outerwear,76,Kentucky,XL,Cyan,Spring,3.6,1,Free Shipping,1,1,37,Venmo,Weekly,52,1,Medium,Established,High,0.8339,Platinum,High_Value_Promo_Dependent,45-54,0,1,2,0.6939,Loyal,0.579,Loyal
573,56,Male,Scarf,Accessories,97,South Carolina,XL,Cyan,Summer,4.6,1,Next Day Air,1,1,26,Bank Transfer,Annually,1,1,High,Established,High,0.3966,Silver,Low_Value_Promo_Dependent,55-64,1,0,1,0.2041,Transactional,0.7846,Loyal
574,58,Male,Pants,Clothing,68,California,M,Charcoal,Summer,3.2,1,2-Day Shipping,1,1,23,Credit Card,Fortnightly,26,1,Medium,Growing,Medium,0.4957,Gold,High_Value_Promo_Dependent,55-64,1,1,2,0.3757,Developing,0.498,Developing
575,54,Male,Sneakers,Footwear,79,Maine,L,Red,Fall,4.8,1,Free Shipping,1,1,20,Bank Transfer,Fortnightly,26,1,High,Growing,High,0.4987,Gold,High_Value_Promo_Dependent,45-54,0,1,1,0.3512,Developing,0.7564,Loyal
576,58,Male,Jeans,Clothing,86,Nebraska,M,Peach,Fall,4.8,1,Express,1,1,38,PayPal,Monthly,12,1,High,Established,High,0.5533,Gold,High_Value_Promo_Dependent,55-64,1,1,1,0.3883,Developing,0.7782,Loyal
577,48,Male,Hat,Accessories,68,Washington,M,Black,Winter,5.0,1,2-Day Shipping,1,1,5,Credit Card,Quarterly,4,1,High,New,Medium,0.1762,Bronze,Low_Value_Promo_Dependent,45-54,1,0,1,0.0562,Transactional,0.75,Loyal
578,19,Male,Skirt,Clothing,52,Alabama,M,Black,Fall,3.7,1,Store Pickup,1,1,41,Venmo,Annually,1,1,Medium,Veteran,Medium,0.4065,Silver,Low_Value_Promo_Dependent,18-24,0,0,2,0.3265,Transactional,0.518,Loyal
579,69,Male,Sandals,Footwear,90,Maine,M,Purple,Fall,4.6,1,Next Day Air,1,1,22,Credit Card,Fortnightly,26,1,High,Growing,High,0.5425,Gold,High_Value_Promo_Dependent,65+,1,1,1,0.3675,Developing,0.7627,Loyal
580,58,Male,Sandals,Footwear,41,California,M,Violet,Winter,3.7,1,Free Shipping,1,1,48,Credit Card,Annually,1,1,Medium,Veteran,Low,0.4362,Silver,Low_Value_Promo_Dependent,55-64,0,0,2,0.3837,Developing,0.4836,Developing
581,49,Male,Sweater,Clothing,80,Iowa,M,Orange,Spring,4.1,1,Free Shipping,1,1,10,PayPal,Weekly,52,1,High,Growing,High,0.6235,Gold,High_Value_Promo_Dependent,45-54,0,1,1,0.4735,Developing,0.6615,Loyal
582,32,Male,Sweater,Clothing,100,Iowa,XL,Charcoal,Winter,2.7,1,Store Pickup,1,1,12,Bank Transfer,Quarterly,4,1,Low,Growing,High,0.3133,Silver,Low_Value_Promo_Dependent,25-34,0,0,3,0.1133,Transactional,0.528,Loyal
583,40,Male,Jacket,Outerwear,77,Colorado,L,Turquoise,Spring,4.9,1,Store Pickup,1,1,2,Bank Transfer,Quarterly,4,1,High,New,High,0.1742,Bronze,Low_Value_Promo_Dependent,35-44,0,0,1,0.0317,Transactional,0.7641,Loyal
584,25,Male,Shorts,Clothing,78,California,L,Yellow,Spring,4.0,1,Store Pickup,1,1,38,PayPal,Monthly,12,1,High,Established,High,0.5333,Gold,High_Value_Promo_Dependent,25-34,0,1,1,0.3883,Developing,0.6413,Loyal
585,70,Male,Socks,Clothing,94,Indiana,M,White,Spring,4.7,1,Free Shipping,1,1,20,Debit Card,Monthly,12,1,High,Growing,High,0.4264,Silver,Low_Value_Promo_Dependent,65+,0,0,1,0.2414,Transactional,0.7892,Loyal
586,69,Male,Socks,Clothing,23,South Carolina,M,Gray,Fall,2.8,1,Next Day Air,1,1,5,Cash,Quarterly,4,1,Low,New,Low,0.0637,Bronze,Low_Value_Promo_Dependent,65+,1,0,3,0.0562,Transactional,0.3014,Transactional
587,45,Male,Hoodie,Clothing,20,Wisconsin,S,Blue,Winter,4.9,1,2-Day Shipping,1,1,9,Venmo,Annually,1,1,High,New,Low,0.0653,Bronze,Low_Value_Promo_Dependent,45-54,1,0,1,0.0653,Transactional,0.586,Loyal
588,29,Male,Socks,Clothing,86,Washington,S,Maroon,Fall,4.2,1,Express,1,1,48,Debit Card,Quarterly,4,1,High,Veteran,High,0.5722,Gold,High_Value_Promo_Dependent,25-34,1,1,1,0.4072,Developing,0.6942,Loyal
589,47,Male,Boots,Footwear,60,South Dakota,M,Violet,Fall,3.0,1,Standard,1,1,9,Debit Card,Quarterly,4,1,Medium,New,Medium,0.1888,Bronze,Low_Value_Promo_Dependent,45-54,0,0,2,0.0888,Transactional,0.445,Developing
590,28,Male,Shirt,Clothing,70,Minnesota,M,Orange,Fall,3.4,1,2-Day Shipping,1,1,40,PayPal,Annually,1,1,Medium,Veteran,Medium,0.4434,Silver,Low_Value_Promo_Dependent,25-34,1,0,2,0.3184,Transactional,0.5322,Loyal
591,64,Male,Belt,Accessories,39,Alaska,S,Turquoise,Fall,4.6,1,Standard,1,1,30,Venmo,Fortnightly,26,1,High,Established,Low,0.4803,Gold,High_Value_Promo_Dependent,55-64,0,1,1,0.4328,Developing,0.6034,Loyal
592,47,Male,Backpack,Accessories,37,Kentucky,L,Olive,Fall,4.2,1,Store Pickup,1,1,6,Debit Card,Fortnightly,26,1,High,New,Low,0.2794,Silver,Low_Value_Promo_Dependent,45-54,0,0,1,0.2369,Transactional,0.5411,Loyal
593,60,Male,Boots,Footwear,29,North Dakota,M,Brown,Fall,3.2,1,Free Shipping,1,1,42,Venmo,Quarterly,4,1,Medium,Veteran,Low,0.3807,Silver,Low_Value_Promo_Dependent,55-64,0,0,2,0.3582,Developing,0.3761,Transactional
594,67,Male,Coat,Outerwear,35,Alaska,S,Green,Winter,4.4,1,Store Pickup,1,1,9,PayPal,Quarterly,4,1,High,New,Low,0.1263,Bronze,Low_Value_Promo_Dependent,65+,0,0,1,0.0888,Transactional,0.5629,Loyal
595,35,Male,Hoodie,Clothing,83,Oklahoma,S,Brown,Winter,2.5,1,Next Day Air,1,1,6,Debit Card,Monthly,12,1,Low,New,High,0.2846,Silver,Low_Value_Promo_Dependent,35-44,1,0,3,0.1271,Transactional,0.4469,Developing
596,30,Male,Shoes,Footwear,77,Delaware,M,Silver,Summer,3.6,1,Next Day Air,1,1,47,PayPal,Quarterly,4,1,Medium,Veteran,High,0.5415,Gold,High_Value_Promo_Dependent,25-34,1,1,2,0.399,Developing,0.5821,Loyal
597,23,Male,Shoes,Footwear,37,Montana,XL,White,Summer,4.5,1,Store Pickup,1,1,36,Venmo,Annually,1,1,High,Established,Low,0.3282,Silver,Low_Value_Promo_Dependent,18-24,0,0,1,0.2857,Transactional,0.5831,Loyal
598,70,Male,Jewelry,Accessories,69,Alaska,L,Gold,Summer,3.4,1,Standard,1,1,19,Bank Transfer,Fortnightly,26,1,Medium,Growing,Medium,0.4655,Gold,High_Value_Promo_Dependent,65+,0,1,2,0.343,Transactional,0.5291,Loyal
599,21,Male,Dress,Clothing,66,California,L,Green,Winter,3.2,1,2-Day Shipping,1,1,30,Cash,Quarterly,4,1,Medium,Established,Medium,0.3753,Silver,Low_Value_Promo_Dependent,18-24,1,0,2,0.2603,Transactional,0.4918,Developing
600,51,Male,Boots,Footwear,26,Massachusetts,L,Teal,Spring,4.2,1,Standard,1,1,27,Debit Card,Quarterly,4,1,High,Established,Low,0.2508,Silver,Low_Value_Promo_Dependent,45-54,0,0,1,0.2358,Transactional,0.5068,Developing
601,22,Male,Hat,Accessories,63,South Carolina,M,Charcoal,Spring,5.0,1,2-Day Shipping,1,1,25,Venmo,Monthly,12,1,High,Established,Medium,0.3897,Silver,Low_Value_Promo_Dependent,18-24,1,0,1,0.2822,Transactional,0.7344,Loyal
602,32,Male,Backpack,Accessories,38,West Virginia,M,Maroon,Summer,4.7,1,Store Pickup,1,1,5,Cash,Fortnightly,26,1,High,New,Low,0.2737,Silver,Low_Value_Promo_Dependent,25-34,0,0,1,0.2287,Transactional,0.6143,Loyal
603,37,Male,Shoes,Footwear,58,Oregon,L,Lavender,Summer,4.2,1,Next Day Air,1,1,10,Cash,Quarterly,4,1,High,Growing,Medium,0.192,Bronze,Low_Value_Promo_Dependent,35-44,1,0,1,0.097,Transactional,0.6068,Loyal
604,31,Male,Handbag,Accessories,46,Massachusetts,L,Green,Winter,3.4,1,2-Day Shipping,1,1,26,PayPal,Quarterly,4,1,Medium,Established,Medium,0.2926,Silver,Low_Value_Promo_Dependent,25-34,1,0,2,0.2276,Transactional,0.4572,Developing
605,44,Male,Sunglasses,Accessories,92,West Virginia,S,Pink,Fall,4.4,1,Store Pickup,1,1,11,Credit Card,Quarterly,4,1,High,Growing,High,0.2852,Silver,Low_Value_Promo_Dependent,35-44,0,0,1,0.1052,Transactional,0.741,Loyal
606,40,Male,Hat,Accessories,32,California,XL,Charcoal,Winter,4.2,1,Standard,1,1,17,Bank Transfer,Weekly,52,1,High,Growing,Low,0.5606,Gold,High_Value_Promo_Dependent,35-44,0,1,1,0.5306,Loyal,0.5255,Loyal
607,27,Male,Scarf,Accessories,90,Colorado,M,Blue,Spring,4.5,1,Standard,1,1,44,PayPal,Monthly,12,1,High,Veteran,High,0.6123,Gold,High_Value_Promo_Dependent,25-34,0,1,1,0.4373,Developing,0.7488,Loyal
608,47,Male,Hoodie,Clothing,23,Indiana,L,Purple,Fall,2.8,1,Next Day Air,1,1,44,Cash,Monthly,12,1,Low,Veteran,Low,0.4448,Silver,Low_Value_Promo_Dependent,45-54,1,0,3,0.4373,Developing,0.3014,Transactional
609,41,Male,Backpack,Accessories,25,Delaware,S,Gold,Fall,3.3,1,Next Day Air,1,1,21,Venmo,Quarterly,4,1,Medium,Growing,Low,0.1993,Bronze,Low_Value_Promo_Dependent,35-44,1,0,2,0.1868,Transactional,0.3776,Transactional
610,51,Male,Sweater,Clothing,54,Ohio,L,Purple,Fall,4.6,1,Next Day Air,1,1,49,Credit Card,Fortnightly,26,1,High,Veteran,Medium,0.6729,Platinum,High_Value_Promo_Dependent,45-54,1,1,1,0.5879,Loyal,0.6502,Loyal
611,53,Male,Shorts,Clothing,72,Oklahoma,M,Charcoal,Summer,2.5,1,Free Shipping,1,1,27,Bank Transfer,Quarterly,4,1,Low,Established,Medium,0.3658,Silver,Low_Value_Promo_Dependent,45-54,0,0,3,0.2358,Transactional,0.4125,Developing
612,43,Male,Scarf,Accessories,33,California,M,Black,Winter,4.7,1,Store Pickup,1,1,19,Cash,Monthly,12,1,High,Growing,Low,0.2657,Silver,Low_Value_Promo_Dependent,35-44,0,0,1,0.2332,Transactional,0.5986,Loyal
613,67,Male,Hat,Accessories,43,New Hampshire,L,Lavender,Fall,4.6,1,Express,1,1,33,Credit Card,Quarterly,4,1,High,Established,Low,0.3423,Silver,Low_Value_Promo_Dependent,65+,1,0,1,0.2848,Transactional,0.6159,Loyal
614,61,Male,Coat,Outerwear,51,Pennsylvania,L,Lavender,Fall,2.6,1,Standard,1,1,46,Cash,Fortnightly,26,1,Low,Veteran,Medium,0.6409,Gold,High_Value_Promo_Dependent,55-64,0,1,3,0.5634,Loyal,0.3609,Transactional
615,68,Male,Jewelry,Accessories,85,Idaho,M,Lavender,Winter,4.0,1,Standard,1,1,21,Credit Card,Fortnightly,26,1,High,Growing,High,0.5218,Gold,High_Value_Promo_Dependent,65+,0,1,1,0.3593,Developing,0.6631,Loyal
616,67,Male,Sandals,Footwear,100,Maryland,L,Olive,Summer,2.6,1,Next Day Air,1,1,23,Venmo,Annually,1,1,Low,Growing,High,0.3796,Silver,Low_Value_Promo_Dependent,65+,1,0,3,0.1796,Transactional,0.514,Developing
617,29,Male,Gloves,Accessories,72,Pennsylvania,L,Teal,Spring,4.6,1,Free Shipping,1,1,38,Credit Card,Quarterly,4,1,High,Established,Medium,0.4556,Gold,High_Value_Promo_Dependent,25-34,0,1,1,0.3256,Transactional,0.7065,Loyal
618,50,Male,Backpack,Accessories,57,Colorado,M,Maroon,Fall,2.6,1,Standard,1,1,2,Bank Transfer,Quarterly,4,1,Low,New,Medium,0.1242,Bronze,Low_Value_Promo_Dependent,45-54,0,0,3,0.0317,Transactional,0.3796,Transactional
619,61,Male,Jacket,Outerwear,94,Indiana,L,Cyan,Spring,4.0,1,Express,1,1,21,Debit Card,Fortnightly,26,1,High,Growing,High,0.5443,Gold,High_Value_Promo_Dependent,55-64,1,1,1,0.3593,Developing,0.6912,Loyal
620,19,Male,Backpack,Accessories,34,Nebraska,M,Charcoal,Summer,4.6,1,Store Pickup,1,1,1,Debit Card,Quarterly,4,1,High,New,Low,0.0585,Bronze,Low_Value_Promo_Dependent,18-24,0,0,1,0.0235,Transactional,0.5878,Loyal
621,33,Male,Backpack,Accessories,89,Rhode Island,M,Black,Fall,3.7,1,2-Day Shipping,1,1,10,Venmo,Quarterly,4,1,Medium,Growing,High,0.2695,Silver,Low_Value_Promo_Dependent,25-34,1,0,2,0.097,Transactional,0.6336,Loyal
622,51,Male,Sunglasses,Accessories,27,Kansas,S,Red,Fall,4.4,1,Store Pickup,1,1,45,Credit Card,Weekly,52,1,High,Veteran,Low,0.7767,Platinum,High_Value_Promo_Dependent,45-54,0,1,1,0.7592,Loyal,0.5379,Loyal
623,69,Male,Socks,Clothing,63,Georgia,S,Peach,Spring,4.0,1,Next Day Air,1,1,44,Bank Transfer,Fortnightly,26,1,High,Veteran,Medium,0.6546,Platinum,High_Value_Promo_Dependent,65+,1,1,1,0.5471,Loyal,0.5944,Loyal
624,19,Male,Shoes,Footwear,70,Nevada,M,White,Fall,4.7,1,Standard,1,1,48,PayPal,Fortnightly,26,1,High,Veteran,Medium,0.7048,Platinum,High_Value_Promo_Dependent,18-24,0,1,1,0.5798,Loyal,0.7143,Loyal
625,55,Male,Pants,Clothing,87,South Carolina,XL,Pink,Fall,3.4,1,Express,1,1,21,PayPal,Annually,1,1,Medium,Growing,High,0.3308,Silver,Low_Value_Promo_Dependent,55-64,1,0,2,0.1633,Transactional,0.5854,Loyal
626,49,Male,Jewelry,Accessories,79,Delaware,M,Red,Fall,4.0,1,Next Day Air,1,1,1,Venmo,Weekly,52,1,High,New,High,0.5475,Gold,High_Value_Promo_Dependent,45-54,1,1,1,0.4,Developing,0.6444,Loyal
627,31,Male,Sunglasses,Accessories,79,New Hampshire,M,Indigo,Spring,3.9,1,Standard,1,1,10,Venmo,Annually,1,1,Medium,Growing,High,0.221,Bronze,Low_Value_Promo_Dependent,25-34,0,0,2,0.0735,Transactional,0.6304,Loyal
628,42,Male,Sandals,Footwear,44,Oregon,L,Black,Winter,4.1,1,Express,1,1,24,PayPal,Monthly,12,1,High,Growing,Low,0.334,Silver,Low_Value_Promo_Dependent,35-44,1,0,1,0.274,Transactional,0.549,Loyal
629,69,Male,Sweater,Clothing,85,Massachusetts,M,White,Fall,3.8,1,2-Day Shipping,1,1,29,Credit Card,Monthly,12,1,Medium,Established,High,0.4773,Gold,High_Value_Promo_Dependent,65+,1,1,2,0.3148,Transactional,0.6351,Loyal
630,26,Male,Shoes,Footwear,90,Vermont,L,Beige,Spring,4.7,1,Standard,1,1,11,Debit Card,Annually,1,1,High,Growing,High,0.2566,Silver,Low_Value_Promo_Dependent,25-34,0,0,1,0.0816,Transactional,0.7768,Loyal
631,41,Male,Jewelry,Accessories,94,Mississippi,S,Silver,Fall,4.3,1,2-Day Shipping,1,1,33,Debit Card,Annually,1,1,High,Established,High,0.4462,Silver,Low_Value_Promo_Dependent,35-44,1,0,1,0.2612,Transactional,0.7332,Loyal
632,55,Male,Boots,Footwear,68,Washington,S,Violet,Summer,4.1,1,Store Pickup,1,1,27,Cash,Fortnightly,26,1,High,Established,Medium,0.5283,Gold,High_Value_Promo_Dependent,55-64,0,1,1,0.4083,Developing,0.624,Loyal
633,35,Male,Backpack,Accessories,51,Wyoming,M,Red,Winter,3.9,1,Next Day Air,1,1,19,Venmo,Fortnightly,26,1,Medium,Growing,Medium,0.4205,Silver,Low_Value_Promo_Dependent,35-44,1,0,2,0.343,Transactional,0.5429,Loyal
634,66,Male,Sandals,Footwear,33,Minnesota,M,Orange,Spring,2.9,1,Express,1,1,50,Debit Card,Quarterly,4,1,Low,Veteran,Low,0.456,Gold,High_Value_Promo_Dependent,65+,1,1,3,0.4235,Developing,0.3466,Transactional
635,36,Male,Sneakers,Footwear,60,Ohio,M,Teal,Summer,3.9,1,Standard,1,1,46,PayPal,Weekly,52,1,Medium,Veteran,Medium,0.8673,Platinum,High_Value_Promo_Dependent,35-44,0,1,2,0.7673,Loyal,0.571,Loyal
636,27,Male,Hoodie,Clothing,59,South Carolina,M,Brown,Fall,4.3,1,2-Day Shipping,1,1,28,Cash,Quarterly,4,1,High,Established,Medium,0.3414,Silver,Low_Value_Promo_Dependent,25-34,1,0,1,0.2439,Transactional,0.6239,Loyal
637,41,Male,Handbag,Accessories,30,Wisconsin,M,Indigo,Summer,2.8,1,Store Pickup,1,1,14,Bank Transfer,Quarterly,4,1,Low,Growing,Low,0.1547,Bronze,Low_Value_Promo_Dependent,35-44,0,0,3,0.1297,Transactional,0.3232,Transactional
638,21,Male,Sweater,Clothing,20,Tennessee,M,Cyan,Winter,3.4,1,2-Day Shipping,1,1,46,Cash,Fortnightly,26,1,Medium,Veteran,Low,0.5634,Gold,High_Value_Promo_Dependent,18-24,1,1,2,0.5634,Loyal,0.376,Transactional
639,53,Male,Sandals,Footwear,20,Maryland,S,Blue,Summer,2.7,1,Express,1,1,41,PayPal,Monthly,12,1,Low,Veteran,Low,0.4128,Silver,Low_Value_Promo_Dependent,45-54,1,0,3,0.4128,Developing,0.278,Transactional
640,54,Male,Dress,Clothing,24,Mississippi,L,Olive,Spring,4.0,1,2-Day Shipping,1,1,50,Credit Card,Annually,1,1,High,Veteran,Low,0.41,Silver,Low_Value_Promo_Dependent,45-54,1,0,1,0.4,Developing,0.4725,Developing
641,53,Male,Skirt,Clothing,88,Minnesota,M,Gray,Summer,4.4,1,Store Pickup,1,1,28,Debit Card,Fortnightly,26,1,High,Established,High,0.5865,Gold,High_Value_Promo_Dependent,45-54,0,1,1,0.4165,Developing,0.7285,Loyal
642,47,Male,Blouse,Clothing,78,Alaska,M,Red,Winter,3.9,1,2-Day Shipping,1,1,23,Credit Card,Quarterly,4,1,Medium,Growing,High,0.3481,Silver,Low_Value_Promo_Dependent,45-54,1,0,2,0.2031,Transactional,0.6273,Loyal
643,64,Male,Skirt,Clothing,25,Arkansas,L,Red,Spring,2.8,1,2-Day Shipping,1,1,14,Debit Card,Fortnightly,26,1,Low,Growing,Low,0.3147,Silver,Low_Value_Promo_Dependent,55-64,1,0,3,0.3022,Transactional,0.3076,Transactional
644,18,Male,Sweater,Clothing,57,Oregon,XL,Green,Winter,3.2,1,Next Day Air,1,1,10,Bank Transfer,Quarterly,4,1,Medium,Growing,Medium,0.1895,Bronze,Low_Value_Promo_Dependent,18-24,1,0,2,0.097,Transactional,0.4636,Developing
645,68,Male,Backpack,Accessories,93,Louisiana,S,Blue,Summer,4.3,1,Next Day Air,1,1,37,Cash,Weekly,52,1,High,Established,High,0.8764,Platinum,High_Value_Promo_Dependent,65+,1,1,1,0.6939,Loyal,0.7301,Loyal
646,62,Male,Hoodie,Clothing,42,Oklahoma,S,Purple,Summer,4.2,1,Express,1,1,15,Venmo,Fortnightly,26,1,High,Growing,Low,0.3654,Silver,Low_Value_Promo_Dependent,55-64,1,0,1,0.3104,Transactional,0.5568,Loyal
647,51,Male,Boots,Footwear,54,Indiana,XL,Pink,Spring,4.9,1,Standard,1,1,19,Venmo,Fortnightly,26,1,High,Growing,Medium,0.428,Silver,Low_Value_Promo_Dependent,45-54,0,0,1,0.343,Transactional,0.6922,Loyal
648,54,Male,Blouse,Clothing,70,Mississippi,XL,Charcoal,Summer,3.7,1,Express,1,1,23,Credit Card,Fortnightly,26,1,Medium,Growing,Medium,0.5007,Gold,High_Value_Promo_Dependent,45-54,1,1,2,0.3757,Developing,0.5742,Loyal
649,22,Male,Hoodie,Clothing,31,Michigan,M,Brown,Winter,4.1,1,Store Pickup,1,1,35,Credit Card,Weekly,52,1,High,Established,Low,0.7051,Platinum,High_Value_Promo_Dependent,18-24,0,1,1,0.6776,Loyal,0.5084,Developing
650,53,Male,Pants,Clothing,93,Delaware,L,Orange,Spring,4.2,1,Store Pickup,1,1,33,PayPal,Quarterly,4,1,High,Established,High,0.4673,Gold,High_Value_Promo_Dependent,45-54,0,1,1,0.2848,Transactional,0.7161,Loyal
651,34,Male,Gloves,Accessories,40,Florida,M,Magenta,Spring,3.9,1,Next Day Air,1,1,12,Bank Transfer,Annually,1,1,Medium,Growing,Low,0.1398,Bronze,Low_Value_Promo_Dependent,25-34,1,0,2,0.0898,Transactional,0.5085,Developing
652,32,Male,Hat,Accessories,32,Arkansas,L,Yellow,Summer,2.9,1,Next Day Air,1,1,41,Venmo,Fortnightly,26,1,Low,Veteran,Low,0.5526,Gold,High_Value_Promo_Dependent,25-34,1,1,3,0.5226,Developing,0.3435,Transactional
653,64,Male,Sunglasses,Accessories,27,Minnesota,M,Beige,Winter,3.1,1,Free Shipping,1,1,27,Venmo,Weekly,52,1,Medium,Established,Low,0.6297,Gold,High_Value_Promo_Dependent,55-64,0,1,2,0.6122,Loyal,0.3559,Transactional
654,20,Male,Scarf,Accessories,68,North Dakota,M,Olive,Winter,3.6,1,2-Day Shipping,1,1,45,Cash,Fortnightly,26,1,Medium,Veteran,Medium,0.6753,Platinum,High_Value_Promo_Dependent,18-24,1,1,2,0.5553,Loyal,0.554,Loyal
655,24,Male,Handbag,Accessories,59,California,L,Gray,Summer,4.4,1,2-Day Shipping,1,1,23,Venmo,Annually,1,1,High,Growing,Medium,0.2771,Silver,Low_Value_Promo_Dependent,18-24,1,0,1,0.1796,Transactional,0.6379,Loyal
656,20,Male,Handbag,Accessories,36,Mississippi,S,Purple,Fall,3.1,1,Free Shipping,1,1,19,Venmo,Monthly,12,1,Medium,Growing,Low,0.2732,Silver,Low_Value_Promo_Dependent,18-24,0,0,2,0.2332,Transactional,0.384,Transactional
657,42,Male,Jeans,Clothing,23,Pennsylvania,M,Beige,Summer,3.9,1,Standard,1,1,6,PayPal,Quarterly,4,1,Medium,New,Low,0.0718,Bronze,Low_Value_Promo_Dependent,35-44,0,0,2,0.0643,Transactional,0.4554,Developing
658,48,Male,Jacket,Outerwear,80,Arizona,M,White,Winter,4.3,1,Free Shipping,1,1,6,PayPal,Quarterly,4,1,High,New,High,0.2143,Bronze,Low_Value_Promo_Dependent,45-54,0,0,1,0.0643,Transactional,0.6895,Loyal
659,62,Male,Backpack,Accessories,37,Louisiana,S,White,Fall,4.9,1,Store Pickup,1,1,20,Venmo,Weekly,52,1,High,Growing,Low,0.5976,Gold,High_Value_Promo_Dependent,55-64,0,1,1,0.5551,Loyal,0.6391,Loyal
660,62,Male,Shorts,Clothing,52,Virginia,S,Gold,Spring,3.6,1,2-Day Shipping,1,1,8,Cash,Weekly,52,1,Medium,New,Medium,0.5371,Gold,High_Value_Promo_Dependent,55-64,1,1,2,0.4571,Developing,0.504,Developing
661,50,Male,Coat,Outerwear,79,Montana,M,Olive,Fall,5.0,1,2-Day Shipping,1,1,39,Credit Card,Quarterly,4,1,High,Established,High,0.4812,Gold,High_Value_Promo_Dependent,45-54,1,1,1,0.3337,Transactional,0.7844,Loyal
662,57,Male,Shirt,Clothing,68,Iowa,XL,Green,Fall,4.1,1,Store Pickup,1,1,39,Credit Card,Quarterly,4,1,High,Established,Medium,0.4537,Gold,High_Value_Promo_Dependent,55-64,0,1,1,0.3337,Transactional,0.624,Loyal
663,24,Male,Gloves,Accessories,98,Illinois,L,Magenta,Fall,2.8,1,Express,1,1,39,Venmo,Fortnightly,26,1,Low,Established,High,0.7013,Platinum,High_Value_Promo_Dependent,18-24,1,1,3,0.5063,Developing,0.5357,Loyal
664,59,Male,Dress,Clothing,83,Alaska,M,Charcoal,Fall,4.7,1,Express,1,1,23,Credit Card,Monthly,12,1,High,Growing,High,0.4234,Silver,Low_Value_Promo_Dependent,55-64,1,0,1,0.2659,Transactional,0.7549,Loyal
665,63,Male,Pants,Clothing,83,Colorado,M,Indigo,Winter,4.4,1,Express,1,1,41,PayPal,Fortnightly,26,1,High,Veteran,High,0.6801,Platinum,High_Value_Promo_Dependent,55-64,1,1,1,0.5226,Developing,0.7129,Loyal
666,41,Male,Pants,Clothing,55,New Mexico,M,Peach,Spring,4.9,1,2-Day Shipping,1,1,50,Credit Card,Annually,1,1,High,Veteran,Medium,0.4875,Gold,High_Value_Promo_Dependent,35-44,1,1,1,0.4,Developing,0.6954,Loyal
667,35,Male,Hoodie,Clothing,26,Colorado,L,Turquoise,Winter,3.1,1,Free Shipping,1,1,30,Debit Card,Quarterly,4,1,Medium,Established,Low,0.2753,Silver,Low_Value_Promo_Dependent,35-44,0,0,2,0.2603,Transactional,0.3528,Transactional
668,34,Male,Sunglasses,Accessories,76,Arizona,S,Blue,Winter,2.6,1,Standard,1,1,32,Bank Transfer,Quarterly,4,1,Low,Established,High,0.4166,Silver,Low_Value_Promo_Dependent,25-34,0,0,3,0.2766,Transactional,0.439,Developing
669,49,Male,T-shirt,Clothing,85,Hawaii,S,Turquoise,Fall,2.9,1,Express,1,1,35,Bank Transfer,Monthly,12,1,Low,Established,High,0.5263,Gold,High_Value_Promo_Dependent,45-54,1,1,3,0.3638,Developing,0.5091,Developing
670,43,Male,Jacket,Outerwear,89,Illinois,M,Gray,Spring,3.3,1,Free Shipping,1,1,45,Venmo,Fortnightly,26,1,Medium,Veteran,High,0.7278,Platinum,High_Value_Promo_Dependent,35-44,0,1,2,0.5553,Loyal,0.5776,Loyal
671,63,Male,Sweater,Clothing,41,Louisiana,XL,Purple,Spring,4.8,1,Next Day Air,1,1,37,Cash,Fortnightly,26,1,High,Established,Low,0.5425,Gold,High_Value_Promo_Dependent,55-64,1,1,1,0.49,Developing,0.6376,Loyal
672,38,Male,Jacket,Outerwear,30,Iowa,L,Black,Winter,4.7,1,Express,1,1,45,Cash,Weekly,52,1,High,Veteran,Low,0.7842,Platinum,High_Value_Promo_Dependent,35-44,1,1,1,0.7592,Loyal,0.5893,Loyal
673,59,Male,Socks,Clothing,53,Washington,M,Peach,Winter,3.3,1,2-Day Shipping,1,1,29,Cash,Quarterly,4,1,Medium,Established,Medium,0.3346,Silver,Low_Value_Promo_Dependent,55-64,1,0,2,0.2521,Transactional,0.4651,Developing
674,35,Male,Shirt,Clothing,66,Oklahoma,M,Indigo,Spring,4.2,1,Free Shipping,1,1,27,Venmo,Fortnightly,26,1,High,Established,Medium,0.5233,Gold,High_Value_Promo_Dependent,35-44,0,1,1,0.4083,Developing,0.6318,Loyal
675,48,Male,Jewelry,Accessories,33,Washington,XL,Beige,Winter,4.7,1,Store Pickup,1,1,36,Bank Transfer,Annually,1,1,High,Established,Low,0.3182,Silver,Low_Value_Promo_Dependent,45-54,0,0,1,0.2857,Transactional,0.5986,Loyal
676,64,Male,Sunglasses,Accessories,86,Arkansas,M,Yellow,Spring,2.6,1,2-Day Shipping,1,1,9,Cash,Annually,1,1,Low,New,High,0.2303,Bronze,Low_Value_Promo_Dependent,55-64,1,0,3,0.0653,Transactional,0.4702,Developing
677,28,Male,Pants,Clothing,60,Connecticut,M,Peach,Winter,2.9,1,2-Day Shipping,1,1,38,Venmo,Fortnightly,26,1,Low,Established,Medium,0.5981,Gold,High_Value_Promo_Dependent,25-34,1,1,3,0.4981,Developing,0.431,Developing
678,60,Male,Socks,Clothing,62,Washington,S,Turquoise,Summer,2.7,1,Express,1,1,41,PayPal,Annually,1,1,Low,Veteran,Medium,0.4315,Silver,Low_Value_Promo_Dependent,55-64,1,0,3,0.3265,Transactional,0.4092,Developing
679,27,Male,Blouse,Clothing,74,Maine,M,Teal,Fall,3.3,1,Store Pickup,1,1,25,Debit Card,Quarterly,4,1,Medium,Established,High,0.3544,Silver,Low_Value_Promo_Dependent,25-34,0,0,2,0.2194,Transactional,0.5308,Loyal
680,56,Male,Sandals,Footwear,95,Michigan,M,Turquoise,Fall,3.4,1,Express,1,1,37,Venmo,Fortnightly,26,1,Medium,Established,High,0.6775,Platinum,High_Value_Promo_Dependent,55-64,1,1,2,0.49,Developing,0.6104,Loyal
681,58,Male,Sneakers,Footwear,25,Tennessee,M,Magenta,Spring,4.2,1,Express,1,1,3,PayPal,Annually,1,1,High,New,Low,0.0288,Bronze,Low_Value_Promo_Dependent,55-64,1,0,1,0.0163,Transactional,0.5036,Developing
682,30,Male,Shirt,Clothing,59,Louisiana,XL,Purple,Winter,3.8,1,2-Day Shipping,1,1,24,Credit Card,Quarterly,4,1,Medium,Growing,Medium,0.3088,Silver,Low_Value_Promo_Dependent,25-34,1,0,2,0.2113,Transactional,0.5539,Loyal
683,23,Male,Jacket,Outerwear,29,Missouri,M,Brown,Summer,4.0,1,Standard,1,1,49,Credit Card,Fortnightly,26,1,High,Veteran,Low,0.6104,Gold,High_Value_Promo_Dependent,18-24,0,1,1,0.5879,Loyal,0.4881,Developing
684,33,Male,Sandals,Footwear,36,Michigan,S,Violet,Winter,2.7,1,Free Shipping,1,1,3,Bank Transfer,Monthly,12,1,Low,New,Low,0.1426,Bronze,Low_Value_Promo_Dependent,25-34,0,0,3,0.1026,Transactional,0.328,Transactional
685,63,Male,Hat,Accessories,82,Alabama,M,Yellow,Summer,4.7,1,Express,1,1,42,Debit Card,Monthly,12,1,High,Veteran,High,0.576,Gold,High_Value_Promo_Dependent,55-64,1,1,1,0.421,Developing,0.7518,Loyal
686,70,Male,Blouse,Clothing,71,Massachusetts,XL,Magenta,Winter,3.5,1,Standard,1,1,32,Cash,Fortnightly,26,1,Medium,Established,Medium,0.5766,Gold,High_Value_Promo_Dependent,65+,0,1,2,0.4491,Developing,0.5494,Loyal
687,70,Male,Sweater,Clothing,35,Indiana,L,Beige,Fall,3.0,1,2-Day Shipping,1,1,33,Venmo,Fortnightly,26,1,Medium,Established,Low,0.4948,Gold,High_Value_Promo_Dependent,65+,1,1,2,0.4573,Developing,0.3669,Transactional
688,19,Male,Gloves,Accessories,38,West Virginia,XL,Turquoise,Winter,3.3,1,Free Shipping,1,1,46,Bank Transfer,Quarterly,4,1,Medium,Veteran,Low,0.4359,Silver,Low_Value_Promo_Dependent,18-24,0,0,2,0.3909,Developing,0.4182,Developing
689,25,Male,Scarf,Accessories,59,Michigan,S,Peach,Summer,4.7,1,Store Pickup,1,1,44,Venmo,Monthly,12,1,High,Veteran,Medium,0.5348,Gold,High_Value_Promo_Dependent,25-34,0,1,1,0.4373,Developing,0.6799,Loyal
690,19,Male,Hoodie,Clothing,91,Pennsylvania,M,Orange,Summer,4.7,1,Express,1,1,35,Credit Card,Quarterly,4,1,High,Established,High,0.4786,Gold,High_Value_Promo_Dependent,18-24,1,1,1,0.3011,Transactional,0.7799,Loyal
691,25,Male,Shorts,Clothing,68,Alaska,XL,Red,Spring,4.8,1,Standard,1,1,45,Bank Transfer,Weekly,52,1,High,Veteran,Medium,0.8792,Platinum,High_Value_Promo_Dependent,25-34,0,1,1,0.7592,Loyal,0.722,Loyal
692,60,Male,Backpack,Accessories,21,Massachusetts,L,Silver,Summer,2.9,1,Standard,1,1,37,PayPal,Fortnightly,26,1,Low,Established,Low,0.4925,Gold,High_Value_Promo_Dependent,55-64,0,1,3,0.49,Developing,0.3091,Transactional
693,35,Male,Sunglasses,Accessories,95,North Dakota,M,Cyan,Spring,4.0,1,2-Day Shipping,1,1,40,Debit Card,Quarterly,4,1,High,Veteran,High,0.5294,Gold,High_Value_Promo_Dependent,35-44,1,1,1,0.3419,Transactional,0.6944,Loyal
694,46,Male,Shorts,Clothing,52,Vermont,L,Turquoise,Spring,3.1,1,Free Shipping,1,1,30,Cash,Quarterly,4,1,Medium,Established,Medium,0.3403,Silver,Low_Value_Promo_Dependent,45-54,0,0,2,0.2603,Transactional,0.434,Developing
695,41,Male,Dress,Clothing,21,Kentucky,S,Charcoal,Fall,3.5,1,2-Day Shipping,1,1,38,Venmo,Quarterly,4,1,Medium,Established,Low,0.3281,Silver,Low_Value_Promo_Dependent,35-44,1,0,2,0.3256,Transactional,0.3931,Developing
696,30,Male,Shorts,Clothing,67,Nevada,XL,Peach,Summer,3.7,1,Next Day Air,1,1,15,Debit Card,Quarterly,4,1,Medium,Growing,Medium,0.2553,Silver,Low_Value_Promo_Dependent,25-34,1,0,2,0.1378,Transactional,0.5649,Loyal
697,44,Male,Belt,Accessories,42,Utah,L,Green,Fall,2.8,1,Standard,1,1,49,Cash,Monthly,12,1,Low,Veteran,Low,0.5331,Gold,High_Value_Promo_Dependent,35-44,0,1,3,0.4781,Developing,0.3607,Transactional
698,61,Male,Scarf,Accessories,63,North Dakota,XL,Brown,Summer,4.6,1,Free Shipping,1,1,40,Debit Card,Quarterly,4,1,High,Veteran,Medium,0.4494,Silver,Low_Value_Promo_Dependent,55-64,0,0,1,0.3419,Transactional,0.6784,Loyal
699,55,Male,Boots,Footwear,41,Iowa,M,Yellow,Winter,3.8,1,Standard,1,1,40,Debit Card,Weekly,52,1,Medium,Veteran,Low,0.7709,Platinum,High_Value_Promo_Dependent,55-64,0,1,2,0.7184,Loyal,0.4976,Developing
700,50,Male,Handbag,Accessories,46,Connecticut,M,Charcoal,Fall,2.6,1,2-Day Shipping,1,1,5,PayPal,Weekly,52,1,Low,New,Medium,0.4977,Gold,High_Value_Promo_Dependent,45-54,1,1,3,0.4327,Developing,0.3453,Transactional
701,57,Male,Pants,Clothing,79,Wisconsin,L,Olive,Winter,4.1,1,Standard,1,1,5,PayPal,Monthly,12,1,High,New,High,0.2664,Silver,Low_Value_Promo_Dependent,55-64,0,0,1,0.1189,Transactional,0.6584,Loyal
702,51,Male,Boots,Footwear,90,Idaho,L,Red,Fall,3.3,1,Next Day Air,1,1,5,Debit Card,Quarterly,4,1,Medium,New,High,0.2312,Bronze,Low_Value_Promo_Dependent,45-54,1,0,2,0.0562,Transactional,0.5808,Loyal
703,18,Male,Shirt,Clothing,71,Montana,M,White,Winter,3.4,1,Store Pickup,1,1,1,Cash,Weekly,52,1,Medium,New,Medium,0.5275,Gold,High_Value_Promo_Dependent,18-24,0,1,2,0.4,Developing,0.5354,Loyal
704,63,Male,Dress,Clothing,87,Connecticut,L,Pink,Summer,3.0,1,Standard,1,1,21,Venmo,Weekly,52,1,Medium,Growing,High,0.7308,Platinum,High_Value_Promo_Dependent,55-64,0,1,2,0.5633,Loyal,0.5294,Loyal
705,34,Male,Hoodie,Clothing,66,Idaho,S,Black,Spring,3.2,1,Express,1,1,18,PayPal,Annually,1,1,Medium,Growing,Medium,0.2538,Silver,Low_Value_Promo_Dependent,25-34,1,0,2,0.1388,Transactional,0.4918,Developing
706,25,Male,Pants,Clothing,90,Arkansas,XL,Indigo,Summer,4.5,1,Free Shipping,1,1,49,Cash,Quarterly,4,1,High,Veteran,High,0.5904,Gold,High_Value_Promo_Dependent,25-34,0,1,1,0.4154,Developing,0.7488,Loyal
707,46,Male,Jeans,Clothing,47,Iowa,L,Turquoise,Summer,4.8,1,Express,1,1,27,Debit Card,Weekly,52,1,High,Established,Medium,0.6797,Platinum,High_Value_Promo_Dependent,45-54,1,1,1,0.6122,Loyal,0.6564,Loyal
708,59,Male,Shirt,Clothing,38,Louisiana,L,Purple,Spring,3.7,1,Next Day Air,1,1,21,Venmo,Annually,1,1,Medium,Growing,Low,0.2083,Bronze,Low_Value_Promo_Dependent,55-64,1,0,2,0.1633,Transactional,0.4743,Developing
709,37,Male,Backpack,Accessories,50,Kentucky,L,Beige,Summer,3.4,1,Store Pickup,1,1,19,Cash,Fortnightly,26,1,Medium,Growing,Medium,0.418,Silver,Low_Value_Promo_Dependent,35-44,0,0,2,0.343,Transactional,0.4698,Developing
710,49,Male,Jacket,Outerwear,79,Massachusetts,L,Charcoal,Summer,4.6,1,Standard,1,1,23,Debit Card,Monthly,12,1,High,Growing,High,0.4134,Silver,Low_Value_Promo_Dependent,45-54,0,0,1,0.2659,Transactional,0.7284,Loyal
711,22,Male,Scarf,Accessories,91,Virginia,L,Turquoise,Spring,4.1,1,Standard,1,1,26,PayPal,Fortnightly,26,1,High,Established,High,0.5777,Gold,High_Value_Promo_Dependent,18-24,0,1,1,0.4002,Developing,0.6959,Loyal
712,64,Male,Boots,Footwear,60,New Hampshire,M,Maroon,Spring,3.5,1,2-Day Shipping,1,1,13,Bank Transfer,Fortnightly,26,1,Medium,Growing,Medium,0.394,Silver,Low_Value_Promo_Dependent,55-64,1,0,2,0.294,Transactional,0.515,Developing
713,42,Male,Blouse,Clothing,81,New Hampshire,XL,Black,Summer,3.8,1,Next Day Air,1,1,36,Bank Transfer,Quarterly,4,1,Medium,Established,High,0.4617,Gold,High_Value_Promo_Dependent,35-44,1,1,2,0.3092,Transactional,0.6226,Loyal
714,37,Male,Hoodie,Clothing,90,Oregon,M,Lavender,Summer,2.6,1,Express,1,1,39,Bank Transfer,Fortnightly,26,1,Low,Established,High,0.6813,Platinum,High_Value_Promo_Dependent,35-44,1,1,3,0.5063,Developing,0.4828,Developing
715,26,Male,Jacket,Outerwear,70,South Dakota,M,Magenta,Fall,4.4,1,Store Pickup,1,1,40,Debit Card,Fortnightly,26,1,High,Veteran,Medium,0.6394,Gold,High_Value_Promo_Dependent,25-34,0,1,1,0.5144,Developing,0.6722,Loyal
716,33,Male,Jeans,Clothing,63,Delaware,L,Green,Spring,2.6,1,Express,1,1,37,Debit Card,Quarterly,4,1,Low,Established,Medium,0.4249,Silver,Low_Value_Promo_Dependent,25-34,1,0,3,0.3174,Transactional,0.3984,Developing
717,30,Male,Jewelry,Accessories,29,Missouri,M,Olive,Spring,3.6,1,Express,1,1,9,Venmo,Fortnightly,26,1,Medium,New,Low,0.2839,Silver,Low_Value_Promo_Dependent,25-34,1,0,2,0.2614,Transactional,0.4321,Developing
718,21,Male,Socks,Clothing,90,Alaska,L,Green,Spring,4.2,1,Express,1,1,7,Venmo,Quarterly,4,1,High,New,High,0.2475,Bronze,Low_Value_Promo_Dependent,18-24,1,0,1,0.0725,Transactional,0.7068,Loyal
719,22,Male,Shirt,Clothing,22,Florida,M,Peach,Summer,4.6,1,Standard,1,1,25,Bank Transfer,Annually,1,1,High,Established,Low,0.2009,Bronze,Low_Value_Promo_Dependent,18-24,0,0,1,0.1959,Transactional,0.5502,Loyal
720,63,Male,Shorts,Clothing,22,Mississippi,L,Turquoise,Summer,3.3,1,Next Day Air,1,1,42,Venmo,Fortnightly,26,1,Medium,Veteran,Low,0.5358,Gold,High_Value_Promo_Dependent,55-64,1,1,2,0.5308,Loyal,0.3682,Transactional
721,33,Male,Jewelry,Accessories,62,New Mexico,L,Orange,Fall,3.4,1,Free Shipping,1,1,19,Debit Card,Weekly,52,1,Medium,Growing,Medium,0.6519,Platinum,High_Value_Promo_Dependent,25-34,0,1,2,0.5469,Loyal,0.5072,Developing
722,43,Male,Blouse,Clothing,57,California,L,Silver,Summer,4.4,1,Next Day Air,1,1,41,Debit Card,Quarterly,4,1,High,Veteran,Medium,0.4426,Silver,Low_Value_Promo_Dependent,35-44,1,0,1,0.3501,Developing,0.6316,Loyal
723,27,Male,Sweater,Clothing,32,Wyoming,S,Blue,Summer,4.3,1,Store Pickup,1,1,50,Cash,Fortnightly,26,1,High,Veteran,Low,0.6261,Gold,High_Value_Promo_Dependent,25-34,0,1,1,0.5961,Loyal,0.5395,Loyal
724,35,Male,Jewelry,Accessories,53,Missouri,L,Cyan,Fall,3.5,1,Express,1,1,43,PayPal,Monthly,12,1,Medium,Veteran,Medium,0.5116,Gold,High_Value_Promo_Dependent,35-44,1,1,2,0.4291,Developing,0.4931,Developing
725,37,Male,T-shirt,Clothing,79,New Hampshire,XL,Green,Fall,4.7,1,Store Pickup,1,1,36,Venmo,Quarterly,4,1,High,Established,High,0.4567,Gold,High_Value_Promo_Dependent,35-44,0,1,1,0.3092,Transactional,0.7424,Loyal
726,61,Male,Hat,Accessories,61,Texas,L,Silver,Winter,3.1,1,Standard,1,1,33,Debit Card,Fortnightly,26,1,Medium,Established,Medium,0.5598,Gold,High_Value_Promo_Dependent,55-64,0,1,2,0.4573,Developing,0.4621,Developing
727,32,Male,Shorts,Clothing,78,North Dakota,L,Yellow,Summer,3.6,1,Next Day Air,1,1,20,Bank Transfer,Quarterly,4,1,Medium,Growing,High,0.3236,Silver,Low_Value_Promo_Dependent,25-34,1,0,2,0.1786,Transactional,0.5853,Loyal
728,62,Male,Sweater,Clothing,97,Arkansas,S,Gray,Winter,4.8,1,Next Day Air,1,1,37,Venmo,Quarterly,4,1,High,Established,High,0.5099,Gold,High_Value_Promo_Dependent,55-64,1,1,1,0.3174,Transactional,0.8126,Loyal
729,29,Male,Jeans,Clothing,78,Nebraska,M,Pink,Winter,3.7,1,Next Day Air,1,1,12,PayPal,Quarterly,4,1,Medium,Growing,High,0.2583,Silver,Low_Value_Promo_Dependent,25-34,1,0,2,0.1133,Transactional,0.5993,Loyal
730,41,Male,Sunglasses,Accessories,56,Minnesota,L,Beige,Summer,3.2,1,Express,1,1,46,PayPal,Quarterly,4,1,Medium,Veteran,Medium,0.4809,Gold,High_Value_Promo_Dependent,35-44,1,1,2,0.3909,Developing,0.4605,Developing
731,48,Male,Boots,Footwear,25,Massachusetts,M,Indigo,Summer,3.9,1,Standard,1,1,28,Venmo,Fortnightly,26,1,Medium,Established,Low,0.429,Silver,Low_Value_Promo_Dependent,45-54,0,0,2,0.4165,Developing,0.4616,Developing
732,43,Male,Coat,Outerwear,28,Arkansas,M,Red,Spring,3.5,1,Free Shipping,1,1,30,PayPal,Fortnightly,26,1,Medium,Established,Low,0.4528,Gold,High_Value_Promo_Dependent,35-44,0,1,2,0.4328,Developing,0.415,Developing
733,34,Male,Shirt,Clothing,57,New Hampshire,L,Blue,Spring,2.8,1,Express,1,1,28,Cash,Fortnightly,26,1,Low,Established,Medium,0.509,Gold,High_Value_Promo_Dependent,25-34,1,1,3,0.4165,Developing,0.4076,Developing
734,45,Male,Dress,Clothing,36,Rhode Island,L,Cyan,Fall,2.7,1,2-Day Shipping,1,1,20,Debit Card,Fortnightly,26,1,Low,Growing,Low,0.3912,Silver,Low_Value_Promo_Dependent,45-54,1,0,3,0.3512,Developing,0.328,Transactional
735,65,Male,Shirt,Clothing,69,New Jersey,S,Violet,Winter,3.1,1,Express,1,1,39,Bank Transfer,Quarterly,4,1,Medium,Established,Medium,0.4562,Gold,High_Value_Promo_Dependent,65+,1,1,2,0.3337,Transactional,0.4871,Developing
736,61,Male,Sunglasses,Accessories,48,Montana,M,Orange,Fall,3.6,1,2-Day Shipping,1,1,48,Cash,Fortnightly,26,1,Medium,Veteran,Medium,0.6498,Gold,High_Value_Promo_Dependent,55-64,1,1,2,0.5798,Loyal,0.4915,Developing
737,18,Male,Dress,Clothing,58,Colorado,L,Maroon,Spring,2.9,1,2-Day Shipping,1,1,32,Credit Card,Quarterly,4,1,Low,Established,Medium,0.3716,Silver,Low_Value_Promo_Dependent,18-24,1,0,3,0.2766,Transactional,0.4248,Developing
738,47,Male,Sunglasses,Accessories,24,Nebraska,M,Teal,Spring,3.6,1,Store Pickup,1,1,28,PayPal,Annually,1,1,Medium,Established,Low,0.2304,Bronze,Low_Value_Promo_Dependent,45-54,0,0,2,0.2204,Transactional,0.4165,Developing
739,56,Male,Sunglasses,Accessories,31,Minnesota,L,Orange,Winter,3.5,1,2-Day Shipping,1,1,27,Venmo,Quarterly,4,1,Medium,Established,Low,0.2633,Silver,Low_Value_Promo_Dependent,55-64,1,0,2,0.2358,Transactional,0.4244,Developing
740,64,Male,Shorts,Clothing,29,Minnesota,S,Purple,Summer,3.5,1,Free Shipping,1,1,26,Venmo,Fortnightly,26,1,Medium,Established,Low,0.4227,Silver,Low_Value_Promo_Dependent,55-64,0,0,2,0.4002,Developing,0.4181,Developing
741,26,Male,Jeans,Clothing,69,South Dakota,M,Orange,Summer,2.8,1,Next Day Air,1,1,22,Credit Card,Fortnightly,26,1,Low,Growing,Medium,0.49,Gold,High_Value_Promo_Dependent,25-34,1,1,3,0.3675,Developing,0.4451,Developing
742,22,Male,T-shirt,Clothing,79,West Virginia,XL,Yellow,Summer,4.7,1,Free Shipping,1,1,23,Bank Transfer,Quarterly,4,1,High,Growing,High,0.3506,Silver,Low_Value_Promo_Dependent,18-24,0,0,1,0.2031,Transactional,0.7424,Loyal
743,64,Male,Pants,Clothing,39,Nevada,M,Charcoal,Summer,3.1,1,Express,1,1,21,Debit Card,Quarterly,4,1,Medium,Growing,Low,0.2343,Bronze,Low_Value_Promo_Dependent,55-64,1,0,2,0.1868,Transactional,0.3934,Developing
744,21,Male,Sunglasses,Accessories,84,North Carolina,L,Gray,Fall,4.9,1,Free Shipping,1,1,36,Cash,Weekly,52,1,High,Established,High,0.8457,Platinum,High_Value_Promo_Dependent,18-24,0,1,1,0.6857,Loyal,0.786,Loyal
745,67,Male,Boots,Footwear,66,Illinois,S,Charcoal,Spring,4.1,1,Next Day Air,1,1,42,Debit Card,Fortnightly,26,1,High,Veteran,Medium,0.6458,Gold,High_Value_Promo_Dependent,65+,1,1,1,0.5308,Loyal,0.6178,Loyal
746,46,Male,T-shirt,Clothing,92,Michigan,L,Orange,Fall,4.7,1,Standard,1,1,4,Venmo,Monthly,12,1,High,New,High,0.2908,Silver,Low_Value_Promo_Dependent,45-54,0,0,1,0.1108,Transactional,0.783,Loyal
747,40,Male,Sandals,Footwear,45,Michigan,M,Red,Winter,2.5,1,Free Shipping,1,1,47,Credit Card,Annually,1,1,Low,Veteran,Medium,0.438,Silver,Low_Value_Promo_Dependent,35-44,0,0,3,0.3755,Developing,0.3281,Transactional
748,51,Male,Shorts,Clothing,74,Oklahoma,L,Gold,Spring,4.4,1,Next Day Air,1,1,13,Bank Transfer,Weekly,52,1,High,Growing,High,0.633,Gold,High_Value_Promo_Dependent,45-54,1,1,1,0.498,Developing,0.6848,Loyal
749,35,Male,Hat,Accessories,39,South Dakota,L,Brown,Fall,3.9,1,Free Shipping,1,1,8,Bank Transfer,Quarterly,4,1,Medium,New,Low,0.1282,Bronze,Low_Value_Promo_Dependent,35-44,0,0,2,0.0807,Transactional,0.5054,Developing
750,56,Male,Scarf,Accessories,71,Oklahoma,M,Olive,Winter,3.7,1,Standard,1,1,11,Debit Card,Quarterly,4,1,Medium,Growing,Medium,0.2327,Bronze,Low_Value_Promo_Dependent,55-64,0,0,2,0.1052,Transactional,0.5774,Loyal
751,25,Male,T-shirt,Clothing,95,Maryland,L,Violet,Fall,3.4,1,Free Shipping,1,1,5,Venmo,Annually,1,1,Medium,New,High,0.2202,Bronze,Low_Value_Promo_Dependent,25-34,0,0,2,0.0327,Transactional,0.6104,Loyal
752,65,Male,Gloves,Accessories,72,Ohio,L,Indigo,Fall,4.8,1,Free Shipping,1,1,1,Credit Card,Monthly,12,1,High,New,Medium,0.2163,Bronze,Low_Value_Promo_Dependent,65+,0,0,1,0.0863,Transactional,0.7345,Loyal
753,39,Male,Scarf,Accessories,85,Ohio,L,Yellow,Fall,4.2,1,2-Day Shipping,1,1,17,PayPal,Quarterly,4,1,High,Growing,High,0.3166,Silver,Low_Value_Promo_Dependent,35-44,1,0,1,0.1541,Transactional,0.6911,Loyal
754,47,Male,Boots,Footwear,54,Massachusetts,M,Teal,Fall,3.4,1,Store Pickup,1,1,27,Venmo,Quarterly,4,1,Medium,Established,Medium,0.3208,Silver,Low_Value_Promo_Dependent,45-54,0,0,2,0.2358,Transactional,0.4822,Developing
755,36,Male,Gloves,Accessories,41,North Carolina,L,Pink,Spring,2.9,1,Store Pickup,1,1,3,Debit Card,Quarterly,4,1,Low,New,Low,0.0924,Bronze,Low_Value_Promo_Dependent,35-44,0,0,3,0.0399,Transactional,0.3716,Transactional
756,66,Male,Coat,Outerwear,24,Florida,M,Violet,Spring,3.3,1,Free Shipping,1,1,22,PayPal,Weekly,52,1,Medium,Growing,Low,0.5814,Gold,High_Value_Promo_Dependent,65+,0,1,2,0.5714,Loyal,0.3745,Transactional
757,62,Male,Belt,Accessories,99,Montana,S,Orange,Summer,4.8,1,Standard,1,1,24,Cash,Fortnightly,26,1,High,Growing,High,0.5813,Gold,High_Value_Promo_Dependent,55-64,0,1,1,0.3838,Developing,0.8189,Loyal
758,41,Male,Hoodie,Clothing,32,Minnesota,M,Red,Fall,3.8,1,Store Pickup,1,1,18,Debit Card,Quarterly,4,1,Medium,Growing,Low,0.1923,Bronze,Low_Value_Promo_Dependent,35-44,0,0,2,0.1623,Transactional,0.4695,Developing
759,66,Male,Shoes,Footwear,71,Massachusetts,L,Peach,Summer,4.6,1,2-Day Shipping,1,1,39,Bank Transfer,Quarterly,4,1,High,Established,Medium,0.4612,Gold,High_Value_Promo_Dependent,65+,1,1,1,0.3337,Transactional,0.7034,Loyal
760,51,Male,Dress,Clothing,49,Rhode Island,XL,Green,Winter,2.6,1,Next Day Air,1,1,25,Credit Card,Fortnightly,26,1,Low,Established,Medium,0.4645,Gold,High_Value_Promo_Dependent,45-54,1,1,3,0.392,Developing,0.3546,Transactional
761,33,Male,Gloves,Accessories,50,Minnesota,XL,Violet,Fall,3.4,1,Free Shipping,1,1,6,Cash,Annually,1,1,Medium,New,Medium,0.1158,Bronze,Low_Value_Promo_Dependent,25-34,0,0,2,0.0408,Transactional,0.4698,Developing
762,57,Male,Jewelry,Accessories,91,Nevada,L,Yellow,Fall,4.2,1,Express,1,1,26,Bank Transfer,Weekly,52,1,High,Established,High,0.7816,Platinum,High_Value_Promo_Dependent,55-64,1,1,1,0.6041,Loyal,0.7099,Loyal
763,45,Male,Belt,Accessories,46,New Mexico,M,Pink,Fall,3.9,1,Standard,1,1,43,Debit Card,Fortnightly,26,1,Medium,Veteran,Medium,0.6039,Gold,High_Value_Promo_Dependent,45-54,0,1,2,0.5389,Loyal,0.5272,Loyal
764,61,Male,Sweater,Clothing,50,North Carolina,M,Brown,Spring,2.9,1,2-Day Shipping,1,1,6,Credit Card,Monthly,12,1,Low,New,Medium,0.2021,Bronze,Low_Value_Promo_Dependent,55-64,1,0,3,0.1271,Transactional,0.3997,Developing
765,55,Male,Skirt,Clothing,39,Virginia,XL,Silver,Fall,4.2,1,Free Shipping,1,1,6,Debit Card,Quarterly,4,1,High,New,Low,0.1118,Bronze,Low_Value_Promo_Dependent,55-64,0,0,1,0.0643,Transactional,0.5474,Loyal
766,54,Male,Sneakers,Footwear,99,Alaska,M,Pink,Summer,3.0,1,Store Pickup,1,1,13,Cash,Quarterly,4,1,Medium,Growing,High,0.319,Silver,Low_Value_Promo_Dependent,45-54,0,0,2,0.1215,Transactional,0.5669,Loyal
767,57,Male,Gloves,Accessories,48,Nevada,M,Cyan,Winter,3.6,1,Next Day Air,1,1,13,PayPal,Monthly,12,1,Medium,Growing,Medium,0.2542,Silver,Low_Value_Promo_Dependent,55-64,1,0,2,0.1842,Transactional,0.4915,Developing
768,27,Male,Coat,Outerwear,77,Pennsylvania,M,Brown,Fall,2.5,1,Next Day Air,1,1,11,Cash,Annually,1,1,Low,Growing,High,0.2241,Bronze,Low_Value_Promo_Dependent,25-34,1,0,3,0.0816,Transactional,0.4281,Developing
769,64,Male,Backpack,Accessories,95,Illinois,XL,Red,Spring,2.6,1,Express,1,1,45,Venmo,Weekly,52,1,Low,Veteran,High,0.9467,Platinum,High_Value_Promo_Dependent,55-64,1,1,3,0.7592,Loyal,0.4984,Developing
770,52,Male,Socks,Clothing,100,Delaware,M,Silver,Spring,4.3,1,Store Pickup,1,1,8,PayPal,Monthly,12,1,High,New,High,0.3434,Silver,Low_Value_Promo_Dependent,45-54,0,0,1,0.1434,Transactional,0.752,Loyal
771,19,Male,Sneakers,Footwear,54,Vermont,M,Gray,Spring,3.3,1,Express,1,1,8,Credit Card,Annually,1,1,Medium,New,Medium,0.1421,Bronze,Low_Value_Promo_Dependent,18-24,1,0,2,0.0571,Transactional,0.4682,Developing
772,22,Male,Sweater,Clothing,68,Hawaii,L,Cyan,Fall,2.6,1,Next Day Air,1,1,34,Bank Transfer,Fortnightly,26,1,Low,Established,Medium,0.5855,Gold,High_Value_Promo_Dependent,18-24,1,1,3,0.4655,Developing,0.414,Developing
773,18,Male,Jeans,Clothing,22,Illinois,L,Teal,Fall,3.6,1,Free Shipping,1,1,40,Debit Card,Fortnightly,26,1,Medium,Veteran,Low,0.5194,Gold,High_Value_Promo_Dependent,18-24,0,1,2,0.5144,Developing,0.4102,Developing
774,29,Male,Hat,Accessories,84,California,L,Indigo,Winter,2.6,1,Express,1,1,14,Debit Card,Fortnightly,26,1,Low,Growing,High,0.4622,Gold,High_Value_Promo_Dependent,25-34,1,1,3,0.3022,Transactional,0.464,Developing
775,42,Male,Hat,Accessories,46,Nevada,M,Yellow,Summer,3.5,1,Standard,1,1,11,Credit Card,Quarterly,4,1,Medium,Growing,Medium,0.1702,Bronze,Low_Value_Promo_Dependent,35-44,0,0,2,0.1052,Transactional,0.4713,Developing
776,49,Male,Handbag,Accessories,53,Kentucky,S,Gold,Winter,3.0,1,Store Pickup,1,1,8,PayPal,Monthly,12,1,Medium,New,Medium,0.2259,Bronze,Low_Value_Promo_Dependent,45-54,0,0,2,0.1434,Transactional,0.4231,Developing
777,49,Male,Shirt,Clothing,60,Alabama,M,Maroon,Spring,5.0,1,Standard,1,1,8,Venmo,Quarterly,4,1,High,New,Medium,0.1807,Bronze,Low_Value_Promo_Dependent,45-54,0,0,1,0.0807,Transactional,0.725,Loyal
778,55,Male,Socks,Clothing,32,Wyoming,XL,Silver,Spring,2.5,1,Express,1,1,37,Venmo,Weekly,52,1,Low,Established,Low,0.7239,Platinum,High_Value_Promo_Dependent,55-64,1,1,3,0.6939,Loyal,0.2875,Transactional
779,29,Male,Socks,Clothing,50,Massachusetts,M,Yellow,Summer,2.9,1,Store Pickup,1,1,23,Debit Card,Annually,1,1,Low,Growing,Medium,0.2546,Silver,Low_Value_Promo_Dependent,25-34,0,0,3,0.1796,Transactional,0.3997,Developing
780,60,Male,Dress,Clothing,94,Utah,M,Blue,Spring,4.6,1,Express,1,1,38,Cash,Annually,1,1,High,Established,High,0.487,Gold,High_Value_Promo_Dependent,55-64,1,1,1,0.302,Transactional,0.7752,Loyal
781,34,Male,Shoes,Footwear,26,New York,M,Turquoise,Spring,3.6,1,Free Shipping,1,1,38,Cash,Quarterly,4,1,Medium,Established,Low,0.3406,Silver,Low_Value_Promo_Dependent,25-34,0,0,2,0.3256,Transactional,0.4228,Developing
782,30,Male,Scarf,Accessories,44,Vermont,L,Indigo,Winter,3.0,1,Store Pickup,1,1,12,Credit Card,Fortnightly,26,1,Medium,Growing,Low,0.3459,Silver,Low_Value_Promo_Dependent,25-34,0,0,2,0.2859,Transactional,0.395,Developing
783,28,Male,Hoodie,Clothing,57,Hawaii,M,Green,Summer,4.5,1,Standard,1,1,15,Cash,Weekly,52,1,High,Growing,Medium,0.6068,Gold,High_Value_Promo_Dependent,25-34,0,1,1,0.5143,Developing,0.6456,Loyal
784,63,Male,T-shirt,Clothing,65,Louisiana,L,Purple,Winter,4.5,1,Next Day Air,1,1,38,PayPal,Fortnightly,26,1,High,Established,Medium,0.6106,Gold,High_Value_Promo_Dependent,55-64,1,1,1,0.4981,Developing,0.6706,Loyal
785,31,Male,Jeans,Clothing,72,Alabama,M,Peach,Winter,3.2,1,Store Pickup,1,1,41,Bank Transfer,Quarterly,4,1,Medium,Veteran,Medium,0.4801,Gold,High_Value_Promo_Dependent,25-34,0,1,2,0.3501,Developing,0.5105,Developing
786,46,Male,Shorts,Clothing,62,Louisiana,S,Purple,Spring,4.0,1,Next Day Air,1,1,37,PayPal,Fortnightly,26,1,High,Established,Medium,0.595,Gold,High_Value_Promo_Dependent,45-54,1,1,1,0.49,Developing,0.5913,Loyal
787,70,Male,Hat,Accessories,21,Indiana,S,Teal,Winter,4.8,1,Express,1,1,16,Bank Transfer,Quarterly,4,1,High,Growing,Low,0.1485,Bronze,Low_Value_Promo_Dependent,65+,1,0,1,0.146,Transactional,0.5751,Loyal
788,53,Male,Handbag,Accessories,85,Michigan,S,Green,Spring,3.7,1,Free Shipping,1,1,25,Venmo,Weekly,52,1,Medium,Established,High,0.7584,Platinum,High_Value_Promo_Dependent,45-54,0,1,2,0.5959,Loyal,0.6211,Loyal
789,50,Male,Pants,Clothing,51,Rhode Island,XL,Yellow,Summer,3.8,1,Store Pickup,1,1,18,Bank Transfer,Quarterly,4,1,Medium,Growing,Medium,0.2398,Bronze,Low_Value_Promo_Dependent,45-54,0,0,2,0.1623,Transactional,0.5289,Loyal
790,33,Male,Handbag,Accessories,84,Idaho,S,Purple,Fall,2.7,1,Standard,1,1,4,Credit Card,Fortnightly,26,1,Low,New,High,0.3806,Silver,Low_Value_Promo_Dependent,25-34,0,0,3,0.2206,Transactional,0.478,Developing
791,22,Male,Sweater,Clothing,37,Louisiana,M,Indigo,Summer,4.9,1,Store Pickup,1,1,12,Bank Transfer,Quarterly,4,1,High,Growing,Low,0.1558,Bronze,Low_Value_Promo_Dependent,18-24,0,0,1,0.1133,Transactional,0.6391,Loyal
792,50,Male,Scarf,Accessories,44,North Carolina,S,Magenta,Summer,3.1,1,2-Day Shipping,1,1,35,PayPal,Fortnightly,26,1,Medium,Established,Low,0.5336,Gold,High_Value_Promo_Dependent,45-54,1,1,2,0.4736,Developing,0.409,Developing
793,34,Male,Sneakers,Footwear,45,New Jersey,M,Violet,Spring,4.2,1,Next Day Air,1,1,45,Venmo,Weekly,52,1,High,Veteran,Medium,0.8217,Platinum,High_Value_Promo_Dependent,25-34,1,1,1,0.7592,Loyal,0.5661,Loyal
794,24,Male,Pants,Clothing,35,Alabama,L,Maroon,Summer,3.8,1,Free Shipping,1,1,16,Credit Card,Monthly,12,1,Medium,Growing,Low,0.2462,Bronze,Low_Value_Promo_Dependent,18-24,0,0,2,0.2087,Transactional,0.4789,Developing
795,69,Male,Backpack,Accessories,50,Kentucky,XL,Yellow,Winter,4.2,1,Store Pickup,1,1,10,Debit Card,Fortnightly,26,1,High,Growing,Medium,0.3445,Silver,Low_Value_Promo_Dependent,65+,0,0,1,0.2695,Transactional,0.5818,Loyal
796,39,Male,Sandals,Footwear,26,New York,M,Beige,Summer,4.6,1,Store Pickup,1,1,34,Venmo,Annually,1,1,High,Established,Low,0.2844,Silver,Low_Value_Promo_Dependent,35-44,0,0,1,0.2694,Transactional,0.5628,Loyal
797,42,Male,Socks,Clothing,78,Arizona,XL,Black,Fall,4.0,1,2-Day Shipping,1,1,43,Credit Card,Annually,1,1,High,Veteran,High,0.4879,Gold,High_Value_Promo_Dependent,35-44,1,1,1,0.3429,Transactional,0.6413,Loyal
798,42,Male,Coat,Outerwear,82,Maryland,M,Violet,Fall,4.0,1,2-Day Shipping,1,1,38,Debit Card,Weekly,52,1,High,Established,High,0.857,Platinum,High_Value_Promo_Dependent,35-44,1,1,1,0.702,Loyal,0.6538,Loyal
799,29,Male,Socks,Clothing,39,Alaska,M,Violet,Spring,3.8,1,2-Day Shipping,1,1,48,PayPal,Quarterly,4,1,Medium,Veteran,Low,0.4547,Gold,High_Value_Promo_Dependent,25-34,1,1,2,0.4072,Developing,0.4914,Developing
800,55,Male,Belt,Accessories,55,Nevada,L,Brown,Summer,3.8,1,Free Shipping,1,1,31,PayPal,Annually,1,1,Medium,Established,Medium,0.3324,Silver,Low_Value_Promo_Dependent,55-64,0,0,2,0.2449,Transactional,0.5414,Loyal
801,32,Male,Socks,Clothing,20,Utah,S,Gold,Summer,2.6,1,Free Shipping,1,1,20,Cash,Quarterly,4,1,Low,Growing,Low,0.1786,Bronze,Low_Value_Promo_Dependent,25-34,0,0,3,0.1786,Transactional,0.264,Transactional
802,25,Male,Belt,Accessories,29,New Mexico,L,Blue,Fall,4.9,1,Express,1,1,12,Credit Card,Fortnightly,26,1,High,Growing,Low,0.3084,Silver,Low_Value_Promo_Dependent,25-34,1,0,1,0.2859,Transactional,0.6141,Loyal
803,38,Male,Pants,Clothing,41,Delaware,M,Teal,Winter,3.5,1,Next Day Air,1,1,2,Bank Transfer,Weekly,52,1,Medium,New,Low,0.4607,Gold,High_Value_Promo_Dependent,35-44,1,1,2,0.4082,Developing,0.4556,Developing
804,32,Male,Shorts,Clothing,38,Connecticut,L,Silver,Winter,2.8,1,Express,1,1,30,Venmo,Quarterly,4,1,Low,Established,Low,0.3053,Silver,Low_Value_Promo_Dependent,25-34,1,0,3,0.2603,Transactional,0.3482,Transactional
805,43,Male,Boots,Footwear,47,Mississippi,M,Maroon,Summer,2.6,1,Store Pickup,1,1,28,Venmo,Quarterly,4,1,Low,Established,Medium,0.3114,Silver,Low_Value_Promo_Dependent,35-44,0,0,3,0.2439,Transactional,0.3484,Transactional
806,41,Male,Dress,Clothing,30,Connecticut,L,White,Summer,3.7,1,Next Day Air,1,1,40,Debit Card,Monthly,12,1,Medium,Veteran,Low,0.4296,Silver,Low_Value_Promo_Dependent,35-44,1,0,2,0.4046,Developing,0.4492,Developing
807,56,Male,Jeans,Clothing,56,Florida,L,Charcoal,Summer,2.7,1,Standard,1,1,46,PayPal,Quarterly,4,1,Low,Veteran,Medium,0.4809,Gold,High_Value_Promo_Dependent,55-64,0,1,3,0.3909,Developing,0.3905,Developing
808,27,Male,T-shirt,Clothing,89,New York,S,Brown,Winter,3.3,1,Express,1,1,15,Credit Card,Weekly,52,1,Medium,Growing,High,0.6868,Platinum,High_Value_Promo_Dependent,25-34,1,1,2,0.5143,Developing,0.5776,Loyal
809,46,Male,Shoes,Footwear,96,Wisconsin,L,Lavender,Fall,4.6,1,Next Day Air,1,1,38,Cash,Quarterly,4,1,High,Established,High,0.5156,Gold,High_Value_Promo_Dependent,45-54,1,1,1,0.3256,Transactional,0.7815,Loyal
810,48,Male,Boots,Footwear,81,South Carolina,M,Violet,Fall,4.9,1,Next Day Air,1,1,30,PayPal,Fortnightly,26,1,High,Established,High,0.5853,Gold,High_Value_Promo_Dependent,45-54,1,1,1,0.4328,Developing,0.7766,Loyal
811,52,Male,Scarf,Accessories,83,South Dakota,S,Lavender,Fall,4.9,1,Store Pickup,1,1,32,Debit Card,Fortnightly,26,1,High,Established,High,0.6066,Gold,High_Value_Promo_Dependent,45-54,0,1,1,0.4491,Developing,0.7829,Loyal
812,18,Male,Sneakers,Footwear,35,Illinois,M,Green,Winter,2.7,1,Free Shipping,1,1,36,Venmo,Quarterly,4,1,Low,Established,Low,0.3467,Silver,Low_Value_Promo_Dependent,18-24,0,0,3,0.3092,Transactional,0.3249,Transactional
813,64,Male,Boots,Footwear,56,Alaska,M,Olive,Summer,3.2,1,Standard,1,1,32,Credit Card,Weekly,52,1,Medium,Established,Medium,0.7431,Platinum,High_Value_Promo_Dependent,55-64,0,1,2,0.6531,Loyal,0.4605,Developing
814,54,Male,Handbag,Accessories,45,Montana,S,Olive,Summer,2.9,1,Store Pickup,1,1,14,Debit Card,Annually,1,1,Low,Growing,Medium,0.1686,Bronze,Low_Value_Promo_Dependent,45-54,0,0,3,0.1061,Transactional,0.3841,Transactional
815,31,Male,Shirt,Clothing,62,Minnesota,M,Pink,Winter,3.8,1,Express,1,1,8,PayPal,Monthly,12,1,Medium,New,Medium,0.2484,Bronze,Low_Value_Promo_Dependent,25-34,1,0,2,0.1434,Transactional,0.5632,Loyal
816,30,Male,Hat,Accessories,84,West Virginia,L,Teal,Spring,3.0,1,Next Day Air,1,1,27,Venmo,Fortnightly,26,1,Medium,Established,High,0.5683,Gold,High_Value_Promo_Dependent,25-34,1,1,2,0.4083,Developing,0.52,Loyal
817,26,Male,Sweater,Clothing,24,Illinois,L,Cyan,Summer,3.9,1,Store Pickup,1,1,24,Debit Card,Monthly,12,1,Medium,Growing,Low,0.284,Silver,Low_Value_Promo_Dependent,25-34,0,0,2,0.274,Transactional,0.4585,Developing
818,25,Male,Handbag,Accessories,21,Nevada,S,Gray,Spring,4.7,1,Store Pickup,1,1,30,PayPal,Fortnightly,26,1,High,Established,Low,0.4353,Silver,Low_Value_Promo_Dependent,25-34,0,0,1,0.4328,Developing,0.5611,Loyal
819,59,Male,Shirt,Clothing,91,Idaho,M,Peach,Winter,4.9,1,Store Pickup,1,1,34,Debit Card,Monthly,12,1,High,Established,High,0.5332,Gold,High_Value_Promo_Dependent,55-64,0,1,1,0.3557,Developing,0.8079,Loyal
820,55,Male,Sunglasses,Accessories,36,Colorado,S,Teal,Winter,4.8,1,Next Day Air,1,1,28,Debit Card,Quarterly,4,1,High,Established,Low,0.2839,Silver,Low_Value_Promo_Dependent,55-64,1,0,1,0.2439,Transactional,0.622,Loyal
821,56,Male,Sneakers,Footwear,39,Louisiana,M,Turquoise,Spring,2.5,1,2-Day Shipping,1,1,27,Debit Card,Monthly,12,1,Low,Established,Low,0.346,Silver,Low_Value_Promo_Dependent,55-64,1,0,3,0.2985,Transactional,0.3094,Transactional
822,62,Male,Hoodie,Clothing,39,Vermont,M,Green,Spring,3.9,1,Standard,1,1,31,Credit Card,Fortnightly,26,1,Medium,Established,Low,0.4885,Gold,High_Value_Promo_Dependent,55-64,0,1,2,0.441,Developing,0.5054,Developing
823,35,Male,Shirt,Clothing,59,Mississippi,L,Magenta,Winter,3.4,1,Standard,1,1,23,Bank Transfer,Annually,1,1,Medium,Growing,Medium,0.2771,Silver,Low_Value_Promo_Dependent,35-44,0,0,2,0.1796,Transactional,0.4979,Developing
824,51,Male,Sunglasses,Accessories,27,Georgia,M,Green,Winter,2.5,1,Free Shipping,1,1,11,Credit Card,Quarterly,4,1,Low,Growing,Low,0.1227,Bronze,Low_Value_Promo_Dependent,45-54,0,0,3,0.1052,Transactional,0.2719,Transactional
825,61,Male,Blouse,Clothing,94,Georgia,M,White,Spring,3.0,1,Store Pickup,1,1,48,Cash,Quarterly,4,1,Medium,Veteran,High,0.5922,Gold,High_Value_Promo_Dependent,55-64,0,1,2,0.4072,Developing,0.5512,Loyal
826,27,Male,Belt,Accessories,94,Nebraska,XL,Brown,Fall,3.6,1,Next Day Air,1,1,17,Cash,Monthly,12,1,Medium,Growing,High,0.4019,Silver,Low_Value_Promo_Dependent,25-34,1,0,2,0.2169,Transactional,0.6353,Loyal
827,54,Male,Dress,Clothing,94,Massachusetts,M,Purple,Winter,3.6,1,Standard,1,1,36,PayPal,Weekly,52,1,Medium,Established,High,0.8707,Platinum,High_Value_Promo_Dependent,45-54,0,1,2,0.6857,Loyal,0.6353,Loyal
828,31,Male,Shoes,Footwear,51,Colorado,S,Green,Fall,4.1,1,Free Shipping,1,1,33,Bank Transfer,Fortnightly,26,1,High,Established,Medium,0.5348,Gold,High_Value_Promo_Dependent,25-34,0,1,1,0.4573,Developing,0.5709,Loyal
829,24,Male,Socks,Clothing,62,Nevada,M,Peach,Fall,3.7,1,2-Day Shipping,1,1,27,PayPal,Fortnightly,26,1,Medium,Established,Medium,0.5133,Gold,High_Value_Promo_Dependent,18-24,1,1,2,0.4083,Developing,0.5492,Loyal
830,42,Male,Socks,Clothing,57,Idaho,S,Silver,Spring,3.8,1,2-Day Shipping,1,1,14,Credit Card,Fortnightly,26,1,Medium,Growing,Medium,0.3947,Silver,Low_Value_Promo_Dependent,35-44,1,0,2,0.3022,Transactional,0.5476,Loyal
831,41,Male,Shorts,Clothing,76,Wyoming,M,Maroon,Fall,4.2,1,Express,1,1,5,Credit Card,Annually,1,1,High,New,High,0.1727,Bronze,Low_Value_Promo_Dependent,35-44,1,0,1,0.0327,Transactional,0.663,Loyal
832,66,Male,Gloves,Accessories,63,Washington,M,Red,Summer,4.3,1,Express,1,1,47,Cash,Quarterly,4,1,High,Veteran,Medium,0.5065,Gold,High_Value_Promo_Dependent,65+,1,1,1,0.399,Developing,0.6364,Loyal
833,58,Male,Jacket,Outerwear,80,California,L,Blue,Fall,2.5,1,Express,1,1,28,Cash,Fortnightly,26,1,Low,Established,High,0.5665,Gold,High_Value_Promo_Dependent,55-64,1,1,3,0.4165,Developing,0.4375,Developing
834,43,Male,Handbag,Accessories,68,Oklahoma,M,Purple,Fall,3.5,1,Standard,1,1,11,Credit Card,Annually,1,1,Medium,Growing,Medium,0.2016,Bronze,Low_Value_Promo_Dependent,35-44,0,0,2,0.0816,Transactional,0.54,Loyal
835,52,Male,Backpack,Accessories,89,Nevada,M,Indigo,Summer,3.1,1,Free Shipping,1,1,18,Credit Card,Weekly,52,1,Medium,Growing,High,0.7113,Platinum,High_Value_Promo_Dependent,45-54,0,1,2,0.5388,Loyal,0.5496,Loyal
836,35,Male,Boots,Footwear,26,Maryland,L,Indigo,Summer,2.5,1,Next Day Air,1,1,21,Debit Card,Weekly,52,1,Low,Growing,Low,0.5783,Gold,High_Value_Promo_Dependent,35-44,1,1,3,0.5633,Loyal,0.2688,Transactional
837,23,Male,Gloves,Accessories,90,West Virginia,L,Violet,Winter,3.9,1,Store Pickup,1,1,22,Cash,Fortnightly,26,1,Medium,Growing,High,0.5425,Gold,High_Value_Promo_Dependent,18-24,0,1,2,0.3675,Developing,0.6647,Loyal
838,25,Male,Hoodie,Clothing,28,Illinois,L,Brown,Spring,4.9,1,Express,1,1,33,Cash,Quarterly,4,1,High,Established,Low,0.3048,Silver,Low_Value_Promo_Dependent,25-34,1,0,1,0.2848,Transactional,0.611,Loyal
839,33,Male,Coat,Outerwear,29,Kentucky,M,Gray,Spring,4.3,1,Express,1,1,49,Credit Card,Annually,1,1,High,Veteran,Low,0.4143,Silver,Low_Value_Promo_Dependent,25-34,1,0,1,0.3918,Developing,0.5301,Loyal
840,48,Male,Shirt,Clothing,31,Illinois,L,Teal,Spring,2.6,1,Free Shipping,1,1,10,Debit Card,Quarterly,4,1,Low,Growing,Low,0.1245,Bronze,Low_Value_Promo_Dependent,45-54,0,0,3,0.097,Transactional,0.2984,Transactional
841,42,Male,Shirt,Clothing,24,Alabama,L,Teal,Summer,4.2,1,2-Day Shipping,1,1,18,PayPal,Weekly,52,1,High,Growing,Low,0.5488,Gold,High_Value_Promo_Dependent,35-44,1,1,1,0.5388,Loyal,0.5005,Developing
842,55,Male,Sweater,Clothing,88,Texas,M,Beige,Summer,2.6,1,Store Pickup,1,1,28,PayPal,Fortnightly,26,1,Low,Established,High,0.5865,Gold,High_Value_Promo_Dependent,55-64,0,1,3,0.4165,Developing,0.4765,Developing
843,59,Male,Shirt,Clothing,87,Missouri,M,Violet,Spring,3.6,1,Express,1,1,25,PayPal,Weekly,52,1,Medium,Established,High,0.7634,Platinum,High_Value_Promo_Dependent,55-64,1,1,2,0.5959,Loyal,0.6134,Loyal
844,65,Male,Hoodie,Clothing,80,Pennsylvania,S,Beige,Summer,3.2,1,Express,1,1,6,PayPal,Weekly,52,1,Medium,New,High,0.5908,Gold,High_Value_Promo_Dependent,65+,1,1,2,0.4408,Developing,0.5355,Loyal
845,59,Male,Sandals,Footwear,48,Missouri,L,Purple,Winter,4.4,1,Express,1,1,44,Venmo,Fortnightly,26,1,High,Veteran,Medium,0.6171,Gold,High_Value_Promo_Dependent,55-64,1,1,1,0.5471,Loyal,0.6035,Loyal
846,31,Male,Belt,Accessories,21,Michigan,XL,Charcoal,Winter,3.7,1,Standard,1,1,30,Venmo,Monthly,12,1,Medium,Established,Low,0.3255,Silver,Low_Value_Promo_Dependent,25-34,0,0,2,0.323,Transactional,0.4211,Developing
847,49,Male,Boots,Footwear,72,Kentucky,M,Pink,Spring,3.7,1,Express,1,1,42,Debit Card,Quarterly,4,1,Medium,Veteran,Medium,0.4882,Gold,High_Value_Promo_Dependent,45-54,1,1,2,0.3582,Developing,0.5805,Loyal
848,53,Male,Hoodie,Clothing,44,New Jersey,L,Blue,Fall,4.1,1,Standard,1,1,30,PayPal,Monthly,12,1,High,Established,Low,0.383,Silver,Low_Value_Promo_Dependent,45-54,0,0,1,0.323,Transactional,0.549,Loyal
849,48,Male,Sandals,Footwear,73,Delaware,M,Lavender,Fall,3.6,1,Store Pickup,1,1,33,Credit Card,Fortnightly,26,1,Medium,Established,High,0.5898,Gold,High_Value_Promo_Dependent,45-54,0,1,2,0.4573,Developing,0.5696,Loyal
850,23,Male,Jeans,Clothing,61,Missouri,S,Charcoal,Spring,4.3,1,Express,1,1,24,PayPal,Quarterly,4,1,High,Growing,Medium,0.3138,Silver,Low_Value_Promo_Dependent,18-24,1,0,1,0.2113,Transactional,0.6301,Loyal
851,68,Male,Shoes,Footwear,20,Connecticut,L,Turquoise,Winter,2.6,1,Store Pickup,1,1,13,Venmo,Monthly,12,1,Low,Growing,Low,0.1842,Bronze,Low_Value_Promo_Dependent,65+,0,0,3,0.1842,Transactional,0.264,Transactional
852,35,Male,Sandals,Footwear,86,Massachusetts,M,Red,Summer,2.9,1,Express,1,1,19,Debit Card,Monthly,12,1,Low,Growing,High,0.3982,Silver,Low_Value_Promo_Dependent,35-44,1,0,3,0.2332,Transactional,0.5122,Developing
853,34,Male,Dress,Clothing,60,Florida,L,Yellow,Spring,4.2,1,Next Day Air,1,1,23,Debit Card,Quarterly,4,1,High,Growing,Medium,0.3031,Silver,Low_Value_Promo_Dependent,25-34,1,0,1,0.2031,Transactional,0.613,Loyal
854,62,Male,Hat,Accessories,43,Delaware,L,Orange,Winter,4.0,1,Free Shipping,1,1,35,Cash,Monthly,12,1,High,Established,Low,0.4213,Silver,Low_Value_Promo_Dependent,55-64,0,0,1,0.3638,Developing,0.5319,Loyal
855,21,Male,Pants,Clothing,44,California,L,Blue,Spring,4.3,1,Free Shipping,1,1,22,Venmo,Monthly,12,1,High,Growing,Low,0.3177,Silver,Low_Value_Promo_Dependent,18-24,0,0,1,0.2577,Transactional,0.577,Loyal
856,70,Male,Socks,Clothing,76,Oregon,L,Gold,Spring,3.0,1,2-Day Shipping,1,1,14,Credit Card,Quarterly,4,1,Medium,Growing,High,0.2697,Silver,Low_Value_Promo_Dependent,65+,1,0,2,0.1297,Transactional,0.495,Developing
857,55,Male,Shirt,Clothing,33,Alaska,M,Gold,Summer,3.5,1,Express,1,1,47,Debit Card,Fortnightly,26,1,Medium,Veteran,Low,0.6041,Gold,High_Value_Promo_Dependent,55-64,1,1,2,0.5716,Loyal,0.4306,Developing
858,43,Male,Shorts,Clothing,60,Missouri,L,Cyan,Fall,3.0,1,Standard,1,1,50,Debit Card,Quarterly,4,1,Medium,Veteran,Medium,0.5235,Gold,High_Value_Promo_Dependent,35-44,0,1,2,0.4235,Developing,0.445,Developing
859,19,Male,Jacket,Outerwear,26,Oklahoma,L,Olive,Fall,3.1,1,Free Shipping,1,1,33,PayPal,Weekly,52,1,Medium,Established,Low,0.6762,Platinum,High_Value_Promo_Dependent,18-24,0,1,2,0.6612,Loyal,0.3528,Transactional
860,47,Male,Hoodie,Clothing,73,Wisconsin,M,Teal,Winter,4.0,1,Next Day Air,1,1,7,Debit Card,Monthly,12,1,High,New,High,0.2678,Silver,Low_Value_Promo_Dependent,45-54,1,0,1,0.1353,Transactional,0.6256,Loyal
861,26,Male,Shoes,Footwear,87,South Carolina,M,Maroon,Spring,4.1,1,Standard,1,1,3,Cash,Monthly,12,1,High,New,High,0.2701,Silver,Low_Value_Promo_Dependent,25-34,0,0,1,0.1026,Transactional,0.6834,Loyal
862,46,Male,Skirt,Clothing,100,Virginia,XL,Green,Spring,3.8,1,2-Day Shipping,1,1,35,Credit Card,Quarterly,4,1,Medium,Established,High,0.5011,Gold,High_Value_Promo_Dependent,45-54,1,1,2,0.3011,Transactional,0.682,Loyal
863,19,Male,Coat,Outerwear,84,Arkansas,M,Charcoal,Winter,4.9,1,Standard,1,1,13,PayPal,Fortnightly,26,1,High,Growing,High,0.454,Gold,High_Value_Promo_Dependent,18-24,0,1,1,0.294,Transactional,0.786,Loyal
864,49,Male,Sneakers,Footwear,41,Vermont,M,Cyan,Summer,3.9,1,Standard,1,1,42,PayPal,Fortnightly,26,1,Medium,Veteran,Low,0.5833,Gold,High_Value_Promo_Dependent,45-54,0,1,2,0.5308,Loyal,0.5116,Developing
865,51,Male,Jeans,Clothing,59,Kentucky,S,Charcoal,Winter,3.9,1,Next Day Air,1,1,5,PayPal,Annually,1,1,Medium,New,Medium,0.1302,Bronze,Low_Value_Promo_Dependent,45-54,1,0,2,0.0327,Transactional,0.5679,Loyal
866,64,Male,Blouse,Clothing,26,Colorado,L,Charcoal,Winter,4.8,1,Store Pickup,1,1,23,Venmo,Annually,1,1,High,Growing,Low,0.1946,Bronze,Low_Value_Promo_Dependent,55-64,0,0,1,0.1796,Transactional,0.5908,Loyal
867,67,Male,Sunglasses,Accessories,69,New Mexico,M,Lavender,Summer,2.7,1,Free Shipping,1,1,11,PayPal,Fortnightly,26,1,Low,Growing,Medium,0.4002,Silver,Low_Value_Promo_Dependent,65+,0,0,3,0.2777,Transactional,0.4311,Developing
868,37,Male,Jacket,Outerwear,20,Colorado,M,Turquoise,Spring,3.1,1,Free Shipping,1,1,23,Bank Transfer,Fortnightly,26,1,Medium,Growing,Low,0.3757,Silver,Low_Value_Promo_Dependent,35-44,0,0,2,0.3757,Developing,0.334,Transactional
869,40,Male,Dress,Clothing,83,North Carolina,M,Green,Summer,3.2,1,Next Day Air,1,1,2,Credit Card,Quarterly,4,1,Medium,New,High,0.1892,Bronze,Low_Value_Promo_Dependent,35-44,1,0,2,0.0317,Transactional,0.5449,Loyal
870,38,Male,Hat,Accessories,54,New Hampshire,M,Silver,Spring,2.7,1,2-Day Shipping,1,1,33,PayPal,Weekly,52,1,Low,Established,Medium,0.7462,Platinum,High_Value_Promo_Dependent,35-44,1,1,3,0.6612,Loyal,0.3843,Transactional
871,66,Male,Hoodie,Clothing,66,West Virginia,M,Blue,Fall,2.5,1,Standard,1,1,6,Bank Transfer,Fortnightly,26,1,Low,New,Medium,0.3519,Silver,Low_Value_Promo_Dependent,65+,0,0,3,0.2369,Transactional,0.3938,Developing
872,47,Male,Handbag,Accessories,42,Hawaii,M,Charcoal,Spring,2.6,1,Next Day Air,1,1,45,Debit Card,Quarterly,4,1,Low,Veteran,Low,0.4377,Silver,Low_Value_Promo_Dependent,45-54,1,0,3,0.3827,Developing,0.3328,Transactional
873,56,Male,Jeans,Clothing,33,North Dakota,M,Pink,Spring,2.9,1,Standard,1,1,25,Cash,Quarterly,4,1,Low,Established,Low,0.2519,Silver,Low_Value_Promo_Dependent,55-64,0,0,3,0.2194,Transactional,0.3466,Transactional
874,51,Male,Boots,Footwear,77,Mississippi,M,Pink,Summer,4.2,1,Free Shipping,1,1,24,Venmo,Quarterly,4,1,High,Growing,High,0.3538,Silver,Low_Value_Promo_Dependent,45-54,0,0,1,0.2113,Transactional,0.6661,Loyal
875,25,Male,Jacket,Outerwear,65,Maine,M,Magenta,Fall,4.4,1,Free Shipping,1,1,10,Venmo,Quarterly,4,1,High,Growing,Medium,0.2095,Bronze,Low_Value_Promo_Dependent,25-34,0,0,1,0.097,Transactional,0.6566,Loyal
876,37,Male,Sandals,Footwear,39,North Dakota,L,Gray,Summer,4.1,1,Free Shipping,1,1,7,Bank Transfer,Quarterly,4,1,High,New,Low,0.12,Bronze,Low_Value_Promo_Dependent,35-44,0,0,1,0.0725,Transactional,0.5334,Loyal
877,41,Male,Belt,Accessories,51,Nebraska,L,Gray,Summer,3.8,1,2-Day Shipping,1,1,1,Debit Card,Weekly,52,1,Medium,New,Medium,0.4775,Gold,High_Value_Promo_Dependent,35-44,1,1,2,0.4,Developing,0.5289,Loyal
878,64,Male,Handbag,Accessories,65,Nebraska,M,Orange,Winter,4.9,1,Next Day Air,1,1,45,Venmo,Quarterly,4,1,High,Veteran,Medium,0.4952,Gold,High_Value_Promo_Dependent,55-64,1,1,1,0.3827,Developing,0.7266,Loyal
879,23,Male,Sunglasses,Accessories,89,Tennessee,S,Black,Summer,4.9,1,Express,1,1,37,Debit Card,Weekly,52,1,High,Established,High,0.8664,Platinum,High_Value_Promo_Dependent,18-24,1,1,1,0.6939,Loyal,0.8016,Loyal
880,62,Male,Skirt,Clothing,76,Wyoming,S,Lavender,Spring,4.1,1,Free Shipping,1,1,14,PayPal,Quarterly,4,1,High,Growing,High,0.2697,Silver,Low_Value_Promo_Dependent,55-64,0,0,1,0.1297,Transactional,0.649,Loyal
881,39,Male,Backpack,Accessories,75,Nevada,L,Red,Spring,3.1,1,Express,1,1,25,Debit Card,Monthly,12,1,Medium,Established,High,0.4197,Silver,Low_Value_Promo_Dependent,35-44,1,0,2,0.2822,Transactional,0.5059,Developing
882,52,Male,Sandals,Footwear,61,South Carolina,M,Silver,Summer,2.7,1,Next Day Air,1,1,18,Venmo,Annually,1,1,Low,Growing,Medium,0.2413,Bronze,Low_Value_Promo_Dependent,45-54,1,0,3,0.1388,Transactional,0.4061,Developing
883,50,Male,Boots,Footwear,35,Virginia,M,Cyan,Fall,3.8,1,Next Day Air,1,1,37,Cash,Quarterly,4,1,Medium,Established,Low,0.3549,Silver,Low_Value_Promo_Dependent,45-54,1,0,2,0.3174,Transactional,0.4789,Developing
884,28,Male,Sneakers,Footwear,37,Pennsylvania,S,Gold,Fall,4.3,1,Free Shipping,1,1,30,Bank Transfer,Monthly,12,1,High,Established,Low,0.3655,Silver,Low_Value_Promo_Dependent,25-34,0,0,1,0.323,Transactional,0.5551,Loyal
885,67,Male,Skirt,Clothing,91,Hawaii,L,Yellow,Winter,4.1,1,Express,1,1,34,Bank Transfer,Weekly,52,1,High,Established,High,0.8469,Platinum,High_Value_Promo_Dependent,65+,1,1,1,0.6694,Loyal,0.6959,Loyal
886,41,Male,Dress,Clothing,99,Ohio,L,Purple,Fall,4.4,1,Free Shipping,1,1,49,Debit Card,Quarterly,4,1,High,Veteran,High,0.6129,Gold,High_Value_Promo_Dependent,35-44,0,1,1,0.4154,Developing,0.7629,Loyal
887,19,Male,Shorts,Clothing,54,Utah,S,Brown,Summer,3.6,1,Express,1,1,48,Bank Transfer,Monthly,12,1,Medium,Veteran,Medium,0.5549,Gold,High_Value_Promo_Dependent,18-24,1,1,2,0.4699,Developing,0.5103,Developing
888,70,Male,Handbag,Accessories,47,Minnesota,L,Turquoise,Winter,3.3,1,2-Day Shipping,1,1,33,PayPal,Fortnightly,26,1,Medium,Established,Medium,0.5248,Gold,High_Value_Promo_Dependent,65+,1,1,2,0.4573,Developing,0.4464,Developing
889,49,Male,Scarf,Accessories,77,New Hampshire,S,Gold,Spring,3.8,1,Express,1,1,44,Cash,Annually,1,1,Medium,Veteran,High,0.4935,Gold,High_Value_Promo_Dependent,45-54,1,1,2,0.351,Developing,0.6101,Loyal
890,59,Male,Belt,Accessories,84,Arizona,S,Olive,Fall,2.8,1,Free Shipping,1,1,50,Venmo,Weekly,52,1,Low,Veteran,High,0.96,Platinum,High_Value_Promo_Dependent,55-64,0,1,3,0.8,Loyal,0.492,Developing
891,52,Male,Gloves,Accessories,51,New York,S,Purple,Spring,4.3,1,2-Day Shipping,1,1,47,Credit Card,Monthly,12,1,High,Veteran,Medium,0.5393,Gold,High_Value_Promo_Dependent,45-54,1,1,1,0.4618,Developing,0.5989,Loyal
892,20,Male,Skirt,Clothing,26,Pennsylvania,S,Lavender,Summer,3.9,1,Store Pickup,1,1,24,PayPal,Quarterly,4,1,Medium,Growing,Low,0.2263,Bronze,Low_Value_Promo_Dependent,18-24,0,0,2,0.2113,Transactional,0.4648,Developing
893,31,Male,Shorts,Clothing,64,New Mexico,L,Gray,Summer,2.7,1,Free Shipping,1,1,43,Debit Card,Monthly,12,1,Low,Veteran,Medium,0.5391,Gold,High_Value_Promo_Dependent,25-34,0,1,3,0.4291,Developing,0.4155,Developing
894,33,Male,Backpack,Accessories,51,Nebraska,M,Red,Spring,4.7,1,Express,1,1,14,Venmo,Monthly,12,1,High,Growing,Medium,0.2699,Silver,Low_Value_Promo_Dependent,25-34,1,0,1,0.1924,Transactional,0.6549,Loyal
895,44,Male,Hoodie,Clothing,60,Wyoming,L,Purple,Spring,3.8,1,Free Shipping,1,1,3,Debit Card,Quarterly,4,1,Medium,New,Medium,0.1399,Bronze,Low_Value_Promo_Dependent,35-44,0,0,2,0.0399,Transactional,0.557,Loyal
896,40,Male,Hat,Accessories,69,Mississippi,XL,Olive,Spring,4.7,1,Next Day Air,1,1,33,Debit Card,Quarterly,4,1,High,Established,Medium,0.4073,Silver,Low_Value_Promo_Dependent,35-44,1,0,1,0.2848,Transactional,0.7111,Loyal
897,69,Male,Jewelry,Accessories,29,Arkansas,M,Lavender,Spring,4.7,1,Express,1,1,38,Cash,Fortnightly,26,1,High,Established,Low,0.5206,Gold,High_Value_Promo_Dependent,65+,1,1,1,0.4981,Developing,0.5861,Loyal
898,29,Male,Shirt,Clothing,91,Illinois,M,Gray,Spring,3.4,1,Express,1,1,46,Venmo,Weekly,52,1,Medium,Veteran,High,0.9448,Platinum,High_Value_Promo_Dependent,25-34,1,1,2,0.7673,Loyal,0.5979,Loyal
899,54,Male,Belt,Accessories,70,Nevada,L,Red,Spring,3.5,1,2-Day Shipping,1,1,19,Bank Transfer,Quarterly,4,1,Medium,Growing,Medium,0.2955,Silver,Low_Value_Promo_Dependent,45-54,1,0,2,0.1705,Transactional,0.5462,Loyal
900,65,Male,Sweater,Clothing,58,Rhode Island,M,Peach,Summer,4.0,1,Standard,1,1,20,PayPal,Annually,1,1,High,Growing,Medium,0.2501,Silver,Low_Value_Promo_Dependent,65+,0,0,1,0.1551,Transactional,0.5788,Loyal
901,54,Male,Hat,Accessories,98,West Virginia,L,Gray,Fall,3.3,1,Free Shipping,1,1,42,Bank Transfer,Quarterly,4,1,Medium,Veteran,High,0.5532,Gold,High_Value_Promo_Dependent,45-54,0,1,2,0.3582,Developing,0.6058,Loyal
902,60,Male,Scarf,Accessories,68,Missouri,L,Violet,Summer,4.7,1,2-Day Shipping,1,1,34,Cash,Monthly,12,1,High,Established,Medium,0.4757,Gold,High_Value_Promo_Dependent,55-64,1,1,1,0.3557,Developing,0.708,Loyal
903,43,Male,Hat,Accessories,44,Kentucky,M,Beige,Summer,2.8,1,Next Day Air,1,1,5,Cash,Monthly,12,1,Low,New,Low,0.1789,Bronze,Low_Value_Promo_Dependent,35-44,1,0,3,0.1189,Transactional,0.367,Transactional
904,44,Male,Jacket,Outerwear,45,Washington,M,Blue,Winter,3.3,1,Express,1,1,3,PayPal,Quarterly,4,1,Medium,New,Medium,0.1024,Bronze,Low_Value_Promo_Dependent,35-44,1,0,2,0.0399,Transactional,0.4401,Developing
905,69,Male,T-shirt,Clothing,99,Alaska,L,Magenta,Spring,2.9,1,Free Shipping,1,1,46,PayPal,Quarterly,4,1,Low,Veteran,High,0.5884,Gold,High_Value_Promo_Dependent,65+,0,1,3,0.3909,Developing,0.5529,Loyal
906,46,Male,Dress,Clothing,68,Mississippi,S,Cyan,Spring,2.8,1,Standard,1,1,16,Venmo,Annually,1,1,Low,Growing,Medium,0.2424,Bronze,Low_Value_Promo_Dependent,45-54,0,0,3,0.1224,Transactional,0.442,Developing
907,41,Male,Pants,Clothing,56,South Carolina,M,Red,Spring,4.2,1,Standard,1,1,21,Debit Card,Fortnightly,26,1,High,Growing,Medium,0.4493,Silver,Low_Value_Promo_Dependent,35-44,0,0,1,0.3593,Developing,0.6005,Loyal
908,32,Male,Sweater,Clothing,43,Missouri,L,Cyan,Winter,4.4,1,Express,1,1,34,Credit Card,Fortnightly,26,1,High,Established,Low,0.523,Gold,High_Value_Promo_Dependent,25-34,1,1,1,0.4655,Developing,0.5879,Loyal
909,26,Male,Sunglasses,Accessories,99,New Jersey,M,Turquoise,Winter,3.6,1,Free Shipping,1,1,9,PayPal,Quarterly,4,1,Medium,New,High,0.2863,Silver,Low_Value_Promo_Dependent,25-34,0,0,2,0.0888,Transactional,0.6509,Loyal
910,61,Male,Belt,Accessories,56,Louisiana,L,Silver,Fall,2.7,1,Express,1,1,36,PayPal,Weekly,52,1,Low,Established,Medium,0.7757,Platinum,High_Value_Promo_Dependent,55-64,1,1,3,0.6857,Loyal,0.3905,Developing
911,49,Male,Hoodie,Clothing,25,South Carolina,S,Pink,Spring,3.4,1,Express,1,1,22,Credit Card,Monthly,12,1,Medium,Growing,Low,0.2702,Silver,Low_Value_Promo_Dependent,45-54,1,0,2,0.2577,Transactional,0.3916,Developing
912,53,Male,Pants,Clothing,74,Vermont,M,Black,Winter,2.8,1,2-Day Shipping,1,1,2,Bank Transfer,Quarterly,4,1,Low,New,High,0.1667,Bronze,Low_Value_Promo_Dependent,45-54,1,0,3,0.0317,Transactional,0.4607,Developing
913,24,Male,Hoodie,Clothing,56,Arkansas,M,Green,Winter,3.4,1,Next Day Air,1,1,32,Bank Transfer,Monthly,12,1,Medium,Established,Medium,0.4293,Silver,Low_Value_Promo_Dependent,18-24,1,0,2,0.3393,Transactional,0.4885,Developing
914,37,Male,Sneakers,Footwear,47,Utah,M,Yellow,Fall,2.6,1,Next Day Air,1,1,29,Cash,Quarterly,4,1,Low,Established,Medium,0.3196,Silver,Low_Value_Promo_Dependent,35-44,1,0,3,0.2521,Transactional,0.3484,Transactional
915,43,Male,Dress,Clothing,67,Washington,L,Purple,Summer,4.1,1,Standard,1,1,27,Venmo,Quarterly,4,1,High,Established,Medium,0.3533,Silver,Low_Value_Promo_Dependent,35-44,0,0,1,0.2358,Transactional,0.6209,Loyal
916,31,Male,Dress,Clothing,22,Rhode Island,L,Purple,Winter,2.9,1,Store Pickup,1,1,33,Credit Card,Fortnightly,26,1,Low,Established,Low,0.4623,Gold,High_Value_Promo_Dependent,25-34,0,1,3,0.4573,Developing,0.3122,Transactional
917,49,Male,Jeans,Clothing,34,Illinois,S,Blue,Spring,2.7,1,Standard,1,1,16,Venmo,Monthly,12,1,Low,Growing,Low,0.2437,Bronze,Low_Value_Promo_Dependent,45-54,0,0,3,0.2087,Transactional,0.3218,Transactional
918,69,Male,Sweater,Clothing,64,Missouri,M,Maroon,Spring,3.7,1,Standard,1,1,11,Bank Transfer,Quarterly,4,1,Medium,Growing,Medium,0.2152,Bronze,Low_Value_Promo_Dependent,65+,0,0,2,0.1052,Transactional,0.5555,Loyal
919,65,Male,Shorts,Clothing,42,North Carolina,M,Orange,Spring,4.3,1,2-Day Shipping,1,1,11,Cash,Fortnightly,26,1,High,Growing,Low,0.3327,Silver,Low_Value_Promo_Dependent,65+,1,0,1,0.2777,Transactional,0.5708,Loyal
920,41,Male,Shirt,Clothing,82,Massachusetts,L,Green,Winter,2.6,1,2-Day Shipping,1,1,17,Debit Card,Fortnightly,26,1,Low,Growing,High,0.4817,Gold,High_Value_Promo_Dependent,35-44,1,1,3,0.3267,Transactional,0.4578,Developing
921,37,Male,Belt,Accessories,81,Arkansas,XL,Gold,Summer,4.3,1,Free Shipping,1,1,37,Cash,Weekly,52,1,High,Established,High,0.8464,Platinum,High_Value_Promo_Dependent,35-44,0,1,1,0.6939,Loyal,0.6926,Loyal
922,70,Male,Coat,Outerwear,24,South Dakota,L,Silver,Summer,4.1,1,Express,1,1,18,PayPal,Weekly,52,1,High,Growing,Low,0.5488,Gold,High_Value_Promo_Dependent,65+,1,1,1,0.5388,Loyal,0.4865,Developing
923,63,Male,Sneakers,Footwear,60,Georgia,M,Cyan,Fall,4.2,1,Standard,1,1,13,Credit Card,Monthly,12,1,High,Growing,Medium,0.2842,Silver,Low_Value_Promo_Dependent,55-64,0,0,1,0.1842,Transactional,0.613,Loyal
924,55,Male,Shirt,Clothing,24,Arkansas,M,Silver,Spring,4.2,1,2-Day Shipping,1,1,7,PayPal,Weekly,52,1,High,New,Low,0.459,Gold,High_Value_Promo_Dependent,55-64,1,1,1,0.449,Developing,0.5005,Developing
925,52,Male,Socks,Clothing,78,Kansas,XL,Beige,Winter,3.1,1,Standard,1,1,37,Cash,Quarterly,4,1,Medium,Established,High,0.4624,Gold,High_Value_Promo_Dependent,45-54,0,1,2,0.3174,Transactional,0.5153,Developing
926,22,Male,Jeans,Clothing,88,Arizona,L,Teal,Winter,4.9,1,Express,1,1,8,Cash,Monthly,12,1,High,New,High,0.3134,Silver,Low_Value_Promo_Dependent,18-24,1,0,1,0.1434,Transactional,0.7985,Loyal
927,54,Male,Jeans,Clothing,63,Massachusetts,XL,Green,Spring,4.4,1,Express,1,1,11,Cash,Fortnightly,26,1,High,Growing,Medium,0.3852,Silver,Low_Value_Promo_Dependent,45-54,1,0,1,0.2777,Transactional,0.6504,Loyal
928,28,Male,Sneakers,Footwear,78,New Mexico,L,Black,Summer,4.4,1,Standard,1,1,8,Venmo,Fortnightly,26,1,High,New,High,0.3982,Silver,Low_Value_Promo_Dependent,25-34,0,0,1,0.2532,Transactional,0.6972,Loyal
929,67,Male,Dress,Clothing,37,Arkansas,XL,Yellow,Winter,3.4,1,Store Pickup,1,1,31,Cash,Quarterly,4,1,Medium,Established,Low,0.3109,Silver,Low_Value_Promo_Dependent,65+,0,0,2,0.2684,Transactional,0.4291,Developing
930,59,Male,Boots,Footwear,94,Nebraska,M,White,Fall,4.5,1,2-Day Shipping,1,1,26,Debit Card,Fortnightly,26,1,High,Established,High,0.5852,Gold,High_Value_Promo_Dependent,55-64,1,1,1,0.4002,Developing,0.7612,Loyal
931,26,Male,T-shirt,Clothing,78,Hawaii,L,Green,Fall,4.5,1,Store Pickup,1,1,20,Credit Card,Fortnightly,26,1,High,Growing,High,0.4962,Gold,High_Value_Promo_Dependent,25-34,0,1,1,0.3512,Developing,0.7113,Loyal
932,24,Male,Coat,Outerwear,36,Nebraska,M,Silver,Winter,4.1,1,Standard,1,1,24,Bank Transfer,Fortnightly,26,1,High,Growing,Low,0.4238,Silver,Low_Value_Promo_Dependent,18-24,0,0,1,0.3838,Developing,0.524,Loyal
933,62,Male,Skirt,Clothing,24,Indiana,L,Blue,Winter,3.2,1,Standard,1,1,45,Debit Card,Fortnightly,26,1,Medium,Veteran,Low,0.5653,Gold,High_Value_Promo_Dependent,55-64,0,1,2,0.5553,Loyal,0.3605,Transactional
934,70,Male,Sneakers,Footwear,84,Colorado,M,Magenta,Spring,2.7,1,Store Pickup,1,1,33,Debit Card,Monthly,12,1,Low,Established,High,0.5075,Gold,High_Value_Promo_Dependent,65+,0,1,3,0.3475,Developing,0.478,Developing
935,45,Male,Jeans,Clothing,47,Oregon,S,Yellow,Spring,3.7,1,Express,1,1,21,Bank Transfer,Monthly,12,1,Medium,Growing,Medium,0.317,Silver,Low_Value_Promo_Dependent,45-54,1,0,2,0.2495,Transactional,0.5024,Developing
936,58,Male,Hoodie,Clothing,51,Ohio,L,White,Fall,2.6,1,Store Pickup,1,1,2,Bank Transfer,Fortnightly,26,1,Low,New,Medium,0.2817,Silver,Low_Value_Promo_Dependent,55-64,0,0,3,0.2042,Transactional,0.3609,Transactional
937,31,Male,Shoes,Footwear,84,Maine,M,Pink,Summer,2.7,1,Free Shipping,1,1,28,Cash,Weekly,52,1,Low,Established,High,0.7804,Platinum,High_Value_Promo_Dependent,25-34,0,1,3,0.6204,Loyal,0.478,Developing
938,32,Male,Shorts,Clothing,24,Iowa,M,Magenta,Summer,2.7,1,Express,1,1,18,Venmo,Quarterly,4,1,Low,Growing,Low,0.1723,Bronze,Low_Value_Promo_Dependent,25-34,1,0,3,0.1623,Transactional,0.2905,Transactional
939,36,Male,Blouse,Clothing,97,Wisconsin,S,Teal,Fall,4.8,1,Free Shipping,1,1,21,Debit Card,Fortnightly,26,1,High,Growing,High,0.5518,Gold,High_Value_Promo_Dependent,35-44,0,1,1,0.3593,Developing,0.8126,Loyal
940,25,Male,T-shirt,Clothing,89,New York,L,Indigo,Winter,4.8,1,Next Day Air,1,1,24,Credit Card,Monthly,12,1,High,Growing,High,0.4465,Silver,Low_Value_Promo_Dependent,25-34,1,0,1,0.274,Transactional,0.7876,Loyal
941,48,Male,Belt,Accessories,44,Colorado,S,Maroon,Spring,2.6,1,Store Pickup,1,1,15,PayPal,Quarterly,4,1,Low,Growing,Low,0.1978,Bronze,Low_Value_Promo_Dependent,45-54,0,0,3,0.1378,Transactional,0.339,Transactional
942,39,Male,Handbag,Accessories,35,Illinois,L,Black,Winter,4.5,1,2-Day Shipping,1,1,38,PayPal,Quarterly,4,1,High,Established,Low,0.3631,Silver,Low_Value_Promo_Dependent,35-44,1,0,1,0.3256,Transactional,0.5769,Loyal
943,26,Male,Dress,Clothing,91,Arizona,M,Cyan,Winter,3.2,1,Express,1,1,38,PayPal,Fortnightly,26,1,Medium,Established,High,0.6756,Platinum,High_Value_Promo_Dependent,25-34,1,1,2,0.4981,Developing,0.5699,Loyal
944,32,Male,Hat,Accessories,63,Oklahoma,L,Cyan,Winter,3.8,1,Next Day Air,1,1,13,Venmo,Fortnightly,26,1,Medium,Growing,Medium,0.4015,Silver,Low_Value_Promo_Dependent,25-34,1,0,2,0.294,Transactional,0.5664,Loyal
945,54,Male,Belt,Accessories,97,Indiana,S,Gray,Spring,4.8,1,Express,1,1,39,Cash,Fortnightly,26,1,High,Established,High,0.6988,Platinum,High_Value_Promo_Dependent,45-54,1,1,1,0.5063,Developing,0.8126,Loyal
946,38,Male,Boots,Footwear,38,Minnesota,M,Violet,Summer,4.1,1,Store Pickup,1,1,8,Venmo,Quarterly,4,1,High,New,Low,0.1257,Bronze,Low_Value_Promo_Dependent,35-44,0,0,1,0.0807,Transactional,0.5302,Loyal
947,46,Male,Coat,Outerwear,24,Pennsylvania,XL,Blue,Spring,2.8,1,Next Day Air,1,1,4,PayPal,Quarterly,4,1,Low,New,Low,0.058,Bronze,Low_Value_Promo_Dependent,45-54,1,0,3,0.048,Transactional,0.3045,Transactional
948,57,Male,Blouse,Clothing,32,Indiana,M,Charcoal,Winter,3.9,1,Store Pickup,1,1,6,Cash,Quarterly,4,1,Medium,New,Low,0.0943,Bronze,Low_Value_Promo_Dependent,55-64,0,0,2,0.0643,Transactional,0.4835,Developing
949,49,Male,Hat,Accessories,90,Alabama,L,Olive,Summer,4.9,1,Express,1,1,11,Venmo,Quarterly,4,1,High,Growing,High,0.2802,Silver,Low_Value_Promo_Dependent,45-54,1,0,1,0.1052,Transactional,0.8048,Loyal
950,33,Male,Jeans,Clothing,36,Montana,M,Olive,Summer,3.4,1,Standard,1,1,49,Venmo,Monthly,12,1,Medium,Veteran,Low,0.5181,Gold,High_Value_Promo_Dependent,25-34,0,1,2,0.4781,Developing,0.426,Developing
951,54,Male,Backpack,Accessories,37,New Mexico,XL,Turquoise,Winter,4.1,1,Free Shipping,1,1,30,PayPal,Quarterly,4,1,High,Established,Low,0.3028,Silver,Low_Value_Promo_Dependent,45-54,0,0,1,0.2603,Transactional,0.5271,Loyal
952,47,Male,Dress,Clothing,51,Alaska,M,Cyan,Summer,2.9,1,Express,1,1,34,Bank Transfer,Monthly,12,1,Low,Established,Medium,0.4332,Silver,Low_Value_Promo_Dependent,45-54,1,0,3,0.3557,Developing,0.4029,Developing
953,36,Male,Hat,Accessories,71,Idaho,S,Red,Fall,3.1,1,2-Day Shipping,1,1,28,PayPal,Monthly,12,1,Medium,Established,Medium,0.4342,Silver,Low_Value_Promo_Dependent,35-44,1,0,2,0.3067,Transactional,0.4934,Developing
954,68,Male,Sunglasses,Accessories,50,Utah,S,Cyan,Spring,3.6,1,2-Day Shipping,1,1,36,Venmo,Quarterly,4,1,Medium,Established,Medium,0.3842,Silver,Low_Value_Promo_Dependent,65+,1,0,2,0.3092,Transactional,0.4978,Developing
955,60,Male,Hat,Accessories,74,Louisiana,S,Turquoise,Fall,3.5,1,Standard,1,1,18,Credit Card,Quarterly,4,1,Medium,Growing,High,0.2973,Silver,Low_Value_Promo_Dependent,55-64,0,0,2,0.1623,Transactional,0.5588,Loyal
956,55,Male,Dress,Clothing,75,Mississippi,L,Lavender,Summer,3.4,1,Free Shipping,1,1,4,PayPal,Monthly,12,1,Medium,New,High,0.2483,Bronze,Low_Value_Promo_Dependent,55-64,0,0,2,0.1108,Transactional,0.5479,Loyal
957,29,Male,Shirt,Clothing,99,Mississippi,XL,Cyan,Spring,2.9,1,2-Day Shipping,1,1,42,Debit Card,Quarterly,4,1,Low,Veteran,High,0.5557,Gold,High_Value_Promo_Dependent,25-34,1,1,3,0.3582,Developing,0.5529,Loyal
958,38,Male,Scarf,Accessories,23,Indiana,XL,Violet,Spring,4.7,1,Store Pickup,1,1,11,Cash,Quarterly,4,1,High,Growing,Low,0.1127,Bronze,Low_Value_Promo_Dependent,35-44,0,0,1,0.1052,Transactional,0.5674,Loyal
959,70,Male,Sneakers,Footwear,53,Washington,XL,Beige,Winter,4.4,1,Free Shipping,1,1,31,Credit Card,Fortnightly,26,1,High,Established,Medium,0.5235,Gold,High_Value_Promo_Dependent,65+,0,1,1,0.441,Developing,0.6191,Loyal
960,36,Male,Skirt,Clothing,99,Nevada,M,Cyan,Spring,2.6,1,Standard,1,1,12,Cash,Fortnightly,26,1,Low,Growing,High,0.4834,Gold,High_Value_Promo_Dependent,35-44,0,1,3,0.2859,Transactional,0.5109,Developing
961,18,Male,Jewelry,Accessories,48,Louisiana,XL,Indigo,Spring,4.4,1,Standard,1,1,20,Venmo,Quarterly,4,1,High,Growing,Medium,0.2486,Bronze,Low_Value_Promo_Dependent,18-24,0,0,1,0.1786,Transactional,0.6035,Loyal
962,62,Male,Boots,Footwear,72,Pennsylvania,L,Olive,Fall,3.7,1,Next Day Air,1,1,37,Debit Card,Quarterly,4,1,Medium,Established,Medium,0.4474,Silver,Low_Value_Promo_Dependent,55-64,1,0,2,0.3174,Transactional,0.5805,Loyal
963,29,Male,Sunglasses,Accessories,64,Michigan,L,Green,Spring,4.4,1,Standard,1,1,26,Debit Card,Fortnightly,26,1,High,Established,Medium,0.5102,Gold,High_Value_Promo_Dependent,25-34,0,1,1,0.4002,Developing,0.6535,Loyal
964,21,Male,Boots,Footwear,63,South Carolina,L,Green,Spring,2.5,1,2-Day Shipping,1,1,14,Credit Card,Weekly,52,1,Low,Growing,Medium,0.6136,Gold,High_Value_Promo_Dependent,18-24,1,1,3,0.5061,Developing,0.3844,Transactional
965,42,Male,Sandals,Footwear,51,Arizona,M,Beige,Spring,2.6,1,Next Day Air,1,1,12,Venmo,Fortnightly,26,1,Low,Growing,Medium,0.3634,Silver,Low_Value_Promo_Dependent,35-44,1,0,3,0.2859,Transactional,0.3609,Transactional
966,43,Male,Boots,Footwear,55,Delaware,L,Black,Spring,5.0,1,Store Pickup,1,1,10,Credit Card,Annually,1,1,High,Growing,Medium,0.161,Bronze,Low_Value_Promo_Dependent,35-44,0,0,1,0.0735,Transactional,0.7094,Loyal
967,58,Male,Dress,Clothing,55,Kentucky,M,Brown,Spring,4.9,1,Express,1,1,19,Cash,Annually,1,1,High,Growing,Medium,0.2344,Bronze,Low_Value_Promo_Dependent,55-64,1,0,1,0.1469,Transactional,0.6954,Loyal
968,27,Male,Hoodie,Clothing,26,Georgia,S,Silver,Summer,3.7,1,Store Pickup,1,1,4,Cash,Weekly,52,1,Medium,New,Low,0.4395,Silver,Low_Value_Promo_Dependent,25-34,0,0,2,0.4245,Developing,0.4368,Developing
969,57,Male,Shorts,Clothing,67,North Carolina,L,Gray,Summer,3.1,1,Next Day Air,1,1,48,Bank Transfer,Quarterly,4,1,Medium,Veteran,Medium,0.5247,Gold,High_Value_Promo_Dependent,55-64,1,1,2,0.4072,Developing,0.4809,Developing
970,40,Male,Coat,Outerwear,31,California,S,Pink,Fall,3.2,1,Express,1,1,37,PayPal,Monthly,12,1,Medium,Established,Low,0.4077,Silver,Low_Value_Promo_Dependent,35-44,1,0,2,0.3802,Developing,0.3824,Transactional
971,45,Male,Jeans,Clothing,66,California,S,Maroon,Winter,4.4,1,Free Shipping,1,1,4,Cash,Monthly,12,1,High,New,Medium,0.2258,Bronze,Low_Value_Promo_Dependent,45-54,0,0,1,0.1108,Transactional,0.6598,Loyal
972,47,Male,Sunglasses,Accessories,67,Indiana,M,Cyan,Summer,4.3,1,Next Day Air,1,1,15,Credit Card,Weekly,52,1,High,Growing,Medium,0.6318,Gold,High_Value_Promo_Dependent,45-54,1,1,1,0.5143,Developing,0.6489,Loyal
973,61,Male,Sneakers,Footwear,61,Colorado,L,Gold,Winter,3.0,1,Standard,1,1,33,Credit Card,Weekly,52,1,Medium,Established,Medium,0.7637,Platinum,High_Value_Promo_Dependent,55-64,0,1,2,0.6612,Loyal,0.4481,Developing
974,60,Male,Jacket,Outerwear,75,Colorado,M,Teal,Fall,3.5,1,2-Day Shipping,1,1,30,Bank Transfer,Quarterly,4,1,Medium,Established,High,0.3978,Silver,Low_Value_Promo_Dependent,55-64,1,0,2,0.2603,Transactional,0.5619,Loyal
975,69,Male,Skirt,Clothing,90,North Carolina,M,Beige,Spring,3.6,1,2-Day Shipping,1,1,23,Bank Transfer,Monthly,12,1,Medium,Growing,High,0.4409,Silver,Low_Value_Promo_Dependent,65+,1,0,2,0.2659,Transactional,0.6228,Loyal
976,58,Male,Sweater,Clothing,40,Washington,M,Olive,Summer,3.8,1,2-Day Shipping,1,1,2,Bank Transfer,Weekly,52,1,Medium,New,Low,0.4582,Gold,High_Value_Promo_Dependent,55-64,1,1,2,0.4082,Developing,0.4945,Developing
977,34,Male,T-shirt,Clothing,90,Florida,M,Gray,Fall,3.6,1,Express,1,1,50,Credit Card,Quarterly,4,1,Medium,Veteran,High,0.5985,Gold,High_Value_Promo_Dependent,25-34,1,1,2,0.4235,Developing,0.6228,Loyal
978,20,Male,Belt,Accessories,20,Washington,M,Black,Spring,4.6,1,Express,1,1,34,Cash,Fortnightly,26,1,High,Established,Low,0.4655,Gold,High_Value_Promo_Dependent,18-24,1,1,1,0.4655,Developing,0.544,Loyal
979,56,Male,Gloves,Accessories,40,Colorado,M,Turquoise,Summer,2.5,1,Standard,1,1,33,Credit Card,Weekly,52,1,Low,Established,Low,0.7112,Platinum,High_Value_Promo_Dependent,55-64,0,1,3,0.6612,Loyal,0.3125,Transactional
980,64,Male,Hat,Accessories,33,New Hampshire,S,Brown,Fall,3.5,1,Store Pickup,1,1,34,Debit Card,Monthly,12,1,Medium,Established,Low,0.3882,Silver,Low_Value_Promo_Dependent,55-64,0,0,2,0.3557,Developing,0.4306,Developing
981,56,Male,Boots,Footwear,98,Maryland,S,Magenta,Spring,4.0,1,Free Shipping,1,1,39,PayPal,Quarterly,4,1,High,Established,High,0.5287,Gold,High_Value_Promo_Dependent,55-64,0,1,1,0.3337,Transactional,0.7038,Loyal
982,27,Male,Belt,Accessories,42,Maryland,M,Silver,Spring,3.5,1,Next Day Air,1,1,47,Credit Card,Quarterly,4,1,Medium,Veteran,Low,0.454,Gold,High_Value_Promo_Dependent,25-34,1,1,2,0.399,Developing,0.4588,Developing
983,35,Male,Coat,Outerwear,62,Texas,S,Red,Summer,3.2,1,Standard,1,1,37,PayPal,Monthly,12,1,Medium,Established,Medium,0.4852,Gold,High_Value_Promo_Dependent,35-44,0,1,2,0.3802,Developing,0.4793,Developing
984,24,Male,Hat,Accessories,45,New Mexico,L,Indigo,Winter,3.5,1,Free Shipping,1,1,40,Venmo,Fortnightly,26,1,Medium,Veteran,Medium,0.5769,Gold,High_Value_Promo_Dependent,18-24,0,1,2,0.5144,Developing,0.4681,Developing
985,26,Male,Shoes,Footwear,78,Utah,M,Green,Summer,3.4,1,Free Shipping,1,1,8,Credit Card,Fortnightly,26,1,Medium,New,High,0.3982,Silver,Low_Value_Promo_Dependent,25-34,0,0,2,0.2532,Transactional,0.5572,Loyal
986,32,Male,Handbag,Accessories,80,West Virginia,M,Gray,Fall,5.0,1,Express,1,1,12,Bank Transfer,Annually,1,1,High,Growing,High,0.2398,Bronze,Low_Value_Promo_Dependent,25-34,1,0,1,0.0898,Transactional,0.7875,Loyal
987,54,Male,Scarf,Accessories,96,Connecticut,S,Peach,Spring,4.5,1,Store Pickup,1,1,36,Bank Transfer,Monthly,12,1,High,Established,High,0.562,Gold,High_Value_Promo_Dependent,45-54,0,1,1,0.372,Developing,0.7675,Loyal
988,62,Male,Handbag,Accessories,47,West Virginia,M,Charcoal,Summer,2.8,1,Express,1,1,48,PayPal,Weekly,52,1,Low,Veteran,Medium,0.8512,Platinum,High_Value_Promo_Dependent,55-64,1,1,3,0.7837,Loyal,0.3764,Transactional
989,50,Male,Pants,Clothing,84,Ohio,M,Orange,Winter,4.9,1,2-Day Shipping,1,1,47,PayPal,Fortnightly,26,1,High,Veteran,High,0.7316,Platinum,High_Value_Promo_Dependent,45-54,1,1,1,0.5716,Loyal,0.786,Loyal
990,70,Male,Shoes,Footwear,31,Texas,M,Beige,Spring,3.1,1,Store Pickup,1,1,2,Bank Transfer,Monthly,12,1,Medium,New,Low,0.1219,Bronze,Low_Value_Promo_Dependent,65+,0,0,2,0.0944,Transactional,0.3684,Transactional
991,48,Male,Sunglasses,Accessories,63,Washington,S,Yellow,Spring,4.8,1,Store Pickup,1,1,24,Cash,Weekly,52,1,High,Growing,Medium,0.6953,Platinum,High_Value_Promo_Dependent,45-54,0,1,1,0.5878,Loyal,0.7064,Loyal
992,20,Male,Shorts,Clothing,97,Wisconsin,XL,White,Spring,2.7,1,Standard,1,1,40,Bank Transfer,Fortnightly,26,1,Low,Veteran,High,0.7069,Platinum,High_Value_Promo_Dependent,18-24,0,1,3,0.5144,Developing,0.5186,Loyal
993,46,Male,Jacket,Outerwear,99,Louisiana,M,Gray,Winter,4.6,1,Express,1,1,50,Debit Card,Weekly,52,1,High,Veteran,High,0.9975,Platinum,High_Value_Promo_Dependent,45-54,1,1,1,0.8,Loyal,0.7909,Loyal
994,51,Male,Sandals,Footwear,90,Iowa,M,Peach,Winter,4.4,1,Store Pickup,1,1,25,Cash,Weekly,52,1,High,Established,High,0.7709,Platinum,High_Value_Promo_Dependent,45-54,0,1,1,0.5959,Loyal,0.7348,Loyal
995,53,Male,Shoes,Footwear,68,New York,L,Violet,Fall,3.2,1,Express,1,1,20,Debit Card,Monthly,12,1,Medium,Growing,Medium,0.3614,Silver,Low_Value_Promo_Dependent,45-54,1,0,2,0.2414,Transactional,0.498,Developing
996,44,Male,Jewelry,Accessories,80,Idaho,M,Magenta,Spring,3.0,1,2-Day Shipping,1,1,10,Venmo,Weekly,52,1,Medium,Growing,High,0.6235,Gold,High_Value_Promo_Dependent,35-44,1,1,2,0.4735,Developing,0.5075,Developing
997,29,Male,Sandals,Footwear,91,Delaware,L,Maroon,Summer,4.9,1,Standard,1,1,32,Bank Transfer,Quarterly,4,1,High,Established,High,0.4541,Gold,High_Value_Promo_Dependent,25-34,0,1,1,0.2766,Transactional,0.8079,Loyal
998,64,Male,Pants,Clothing,30,Kentucky,M,Cyan,Spring,3.6,1,Express,1,1,31,Cash,Fortnightly,26,1,Medium,Established,Low,0.466,Gold,High_Value_Promo_Dependent,55-64,1,1,2,0.441,Developing,0.4352,Developing
999,51,Male,Shoes,Footwear,90,Connecticut,M,White,Spring,3.8,1,Next Day Air,1,1,48,Bank Transfer,Fortnightly,26,1,Medium,Veteran,High,0.7548,Platinum,High_Value_Promo_Dependent,45-54,1,1,2,0.5798,Loyal,0.6507,Loyal
1000,50,Male,Socks,Clothing,28,New Mexico,L,Brown,Spring,2.9,1,Standard,1,1,23,Debit Card,Monthly,12,1,Low,Growing,Low,0.2859,Silver,Low_Value_Promo_Dependent,45-54,0,0,3,0.2659,Transactional,0.331,Transactional
1001,43,Male,Socks,Clothing,46,Georgia,M,Red,Winter,3.9,1,Express,1,1,1,Bank Transfer,Fortnightly,26,1,Medium,New,Medium,0.2611,Silver,Low_Value_Promo_Dependent,35-44,1,0,2,0.1961,Transactional,0.5272,Loyal
1002,61,Male,Dress,Clothing,60,Washington,M,Orange,Fall,3.6,1,Standard,1,1,4,Debit Card,Fortnightly,26,1,Medium,New,Medium,0.3206,Silver,Low_Value_Promo_Dependent,55-64,0,0,2,0.2206,Transactional,0.529,Loyal
1003,55,Male,Shoes,Footwear,59,North Dakota,M,White,Spring,3.5,1,Store Pickup,1,1,3,Bank Transfer,Fortnightly,26,1,Medium,New,Medium,0.3099,Silver,Low_Value_Promo_Dependent,55-64,0,0,2,0.2124,Transactional,0.5119,Developing
1004,56,Male,Hat,Accessories,68,Ohio,M,Green,Fall,4.0,1,Store Pickup,1,1,3,Cash,Fortnightly,26,1,High,New,Medium,0.3324,Silver,Low_Value_Promo_Dependent,55-64,0,0,1,0.2124,Transactional,0.61,Loyal
1005,33,Male,Backpack,Accessories,79,Tennessee,M,Black,Summer,4.8,1,2-Day Shipping,1,1,44,Cash,Annually,1,1,High,Veteran,High,0.4985,Gold,High_Value_Promo_Dependent,25-34,1,1,1,0.351,Developing,0.7564,Loyal
1006,43,Male,Backpack,Accessories,94,New York,M,Gold,Winter,3.9,1,Store Pickup,1,1,5,Debit Card,Fortnightly,26,1,Medium,New,High,0.4137,Silver,Low_Value_Promo_Dependent,35-44,0,0,2,0.2287,Transactional,0.6772,Loyal
1007,21,Male,Pants,Clothing,83,Michigan,S,Lavender,Summer,4.5,1,Next Day Air,1,1,50,Venmo,Quarterly,4,1,High,Veteran,High,0.581,Gold,High_Value_Promo_Dependent,18-24,1,1,1,0.4235,Developing,0.7269,Loyal
1008,58,Male,Gloves,Accessories,62,Georgia,XL,Turquoise,Spring,4.8,1,Standard,1,1,2,Credit Card,Annually,1,1,High,New,Medium,0.1132,Bronze,Low_Value_Promo_Dependent,55-64,0,0,1,0.0082,Transactional,0.7032,Loyal
1009,41,Male,Scarf,Accessories,85,New Mexico,M,Pink,Spring,2.6,1,Store Pickup,1,1,29,PayPal,Annually,1,1,Low,Established,High,0.3911,Silver,Low_Value_Promo_Dependent,35-44,0,0,3,0.2286,Transactional,0.4671,Developing
1010,39,Male,Hoodie,Clothing,30,Louisiana,M,Silver,Summer,3.1,1,Express,1,1,11,Venmo,Annually,1,1,Medium,Growing,Low,0.1066,Bronze,Low_Value_Promo_Dependent,35-44,1,0,2,0.0816,Transactional,0.3653,Transactional
1011,54,Male,Jeans,Clothing,24,South Dakota,XL,Gray,Spring,4.7,1,2-Day Shipping,1,1,37,Credit Card,Fortnightly,26,1,High,Established,Low,0.5,Gold,High_Value_Promo_Dependent,45-54,1,1,1,0.49,Developing,0.5705,Loyal
1012,43,Male,Backpack,Accessories,25,Montana,L,Indigo,Spring,2.9,1,Next Day Air,1,1,32,Debit Card,Fortnightly,26,1,Low,Established,Low,0.4616,Gold,High_Value_Promo_Dependent,35-44,1,1,3,0.4491,Developing,0.3216,Transactional
1013,28,Male,Sandals,Footwear,37,New Mexico,L,Teal,Summer,3.8,1,Express,1,1,27,Credit Card,Annually,1,1,Medium,Established,Low,0.2547,Silver,Low_Value_Promo_Dependent,25-34,1,0,2,0.2122,Transactional,0.4851,Developing
1014,59,Male,Belt,Accessories,69,South Carolina,XL,Green,Summer,3.8,1,2-Day Shipping,1,1,31,Venmo,Fortnightly,26,1,Medium,Established,Medium,0.5635,Gold,High_Value_Promo_Dependent,55-64,1,1,2,0.441,Developing,0.5851,Loyal
1015,28,Male,Shoes,Footwear,97,Ohio,M,Violet,Summer,3.0,1,Standard,1,1,36,Debit Card,Fortnightly,26,1,Medium,Established,High,0.6743,Platinum,High_Value_Promo_Dependent,25-34,0,1,2,0.4818,Developing,0.5606,Loyal
1016,68,Male,Gloves,Accessories,24,North Carolina,M,Cyan,Summer,4.1,1,Standard,1,1,34,Cash,Weekly,52,1,High,Established,Low,0.6794,Platinum,High_Value_Promo_Dependent,65+,0,1,1,0.6694,Loyal,0.4865,Developing
1017,20,Male,Belt,Accessories,30,Idaho,XL,Blue,Summer,3.4,1,Express,1,1,15,Bank Transfer,Quarterly,4,1,Medium,Growing,Low,0.1628,Bronze,Low_Value_Promo_Dependent,18-24,1,0,2,0.1378,Transactional,0.4072,Developing
1018,21,Male,Jacket,Outerwear,53,Oklahoma,L,Orange,Fall,2.5,1,Express,1,1,14,Credit Card,Annually,1,1,Low,Growing,Medium,0.1886,Bronze,Low_Value_Promo_Dependent,18-24,1,0,3,0.1061,Transactional,0.3531,Transactional
1019,50,Male,Dress,Clothing,70,Georgia,XL,Charcoal,Spring,4.9,1,Next Day Air,1,1,46,Cash,Weekly,52,1,High,Veteran,Medium,0.8923,Platinum,High_Value_Promo_Dependent,45-54,1,1,1,0.7673,Loyal,0.7423,Loyal
1020,32,Male,Shirt,Clothing,76,Kentucky,S,Beige,Winter,2.8,1,Standard,1,1,33,Venmo,Fortnightly,26,1,Low,Established,High,0.5973,Gold,High_Value_Promo_Dependent,25-34,0,1,3,0.4573,Developing,0.467,Developing
1021,24,Male,Scarf,Accessories,95,Delaware,M,Black,Fall,4.5,1,Express,1,1,41,Debit Card,Annually,1,1,High,Veteran,High,0.514,Gold,High_Value_Promo_Dependent,18-24,1,1,1,0.3265,Transactional,0.7644,Loyal
1022,55,Male,Coat,Outerwear,51,Massachusetts,S,Lavender,Winter,4.9,1,2-Day Shipping,1,1,39,PayPal,Weekly,52,1,High,Established,Medium,0.7877,Platinum,High_Value_Promo_Dependent,55-64,1,1,1,0.7102,Loyal,0.6829,Loyal
1023,61,Male,Handbag,Accessories,41,Nebraska,M,Lavender,Winter,4.9,1,Store Pickup,1,1,7,Cash,Annually,1,1,High,New,Low,0.1015,Bronze,Low_Value_Promo_Dependent,55-64,0,0,1,0.049,Transactional,0.6516,Loyal
1024,61,Male,Sunglasses,Accessories,71,Maine,S,Turquoise,Winter,3.5,1,Free Shipping,1,1,29,Bank Transfer,Quarterly,4,1,Medium,Established,Medium,0.3796,Silver,Low_Value_Promo_Dependent,55-64,0,0,2,0.2521,Transactional,0.5494,Loyal
1025,28,Male,T-shirt,Clothing,66,Pennsylvania,M,Purple,Summer,3.5,1,Free Shipping,1,1,18,Venmo,Quarterly,4,1,Medium,Growing,Medium,0.2773,Silver,Low_Value_Promo_Dependent,25-34,0,0,2,0.1623,Transactional,0.5338,Loyal
1026,60,Male,Shirt,Clothing,84,Nebraska,M,Olive,Winter,4.9,1,Free Shipping,1,1,15,Credit Card,Annually,1,1,High,Growing,High,0.2743,Silver,Low_Value_Promo_Dependent,55-64,0,0,1,0.1143,Transactional,0.786,Loyal
1027,49,Male,Handbag,Accessories,95,Virginia,L,Turquoise,Winter,3.0,1,Express,1,1,39,PayPal,Fortnightly,26,1,Medium,Established,High,0.6938,Platinum,High_Value_Promo_Dependent,45-54,1,1,2,0.5063,Developing,0.5544,Loyal
1028,33,Male,Jewelry,Accessories,90,Ohio,L,Teal,Summer,2.8,1,Next Day Air,1,1,11,Cash,Monthly,12,1,Low,Growing,High,0.3429,Silver,Low_Value_Promo_Dependent,25-34,1,0,3,0.1679,Transactional,0.5107,Developing
1029,45,Male,Hoodie,Clothing,36,Nebraska,S,Lavender,Summer,3.7,1,Standard,1,1,4,Cash,Fortnightly,26,1,Medium,New,Low,0.2606,Silver,Low_Value_Promo_Dependent,45-54,0,0,2,0.2206,Transactional,0.468,Developing
1030,29,Male,Gloves,Accessories,22,Ohio,M,Purple,Spring,3.6,1,2-Day Shipping,1,1,33,Venmo,Fortnightly,26,1,Medium,Established,Low,0.4623,Gold,High_Value_Promo_Dependent,25-34,1,1,2,0.4573,Developing,0.4102,Developing
1031,58,Male,Coat,Outerwear,89,Kentucky,L,Blue,Winter,3.3,1,Next Day Air,1,1,37,Debit Card,Quarterly,4,1,Medium,Established,High,0.4899,Gold,High_Value_Promo_Dependent,55-64,1,1,2,0.3174,Transactional,0.5776,Loyal
1032,22,Male,Sandals,Footwear,50,Tennessee,M,Teal,Spring,3.4,1,Free Shipping,1,1,32,Cash,Quarterly,4,1,Medium,Established,Medium,0.3516,Silver,Low_Value_Promo_Dependent,18-24,0,0,2,0.2766,Transactional,0.4698,Developing
1033,55,Male,Boots,Footwear,36,Maine,M,Lavender,Fall,4.0,1,Free Shipping,1,1,44,Credit Card,Quarterly,4,1,High,Veteran,Low,0.4145,Silver,Low_Value_Promo_Dependent,55-64,0,0,1,0.3745,Developing,0.51,Developing
1034,19,Male,Pants,Clothing,52,Montana,S,Silver,Spring,4.6,1,Free Shipping,1,1,41,Bank Transfer,Quarterly,4,1,High,Veteran,Medium,0.4301,Silver,Low_Value_Promo_Dependent,18-24,0,0,1,0.3501,Developing,0.644,Loyal
1035,68,Male,Socks,Clothing,29,Maryland,M,Olive,Fall,4.2,1,Next Day Air,1,1,44,Bank Transfer,Weekly,52,1,High,Veteran,Low,0.7735,Platinum,High_Value_Promo_Dependent,65+,1,1,1,0.751,Loyal,0.5161,Developing
1036,61,Male,Blouse,Clothing,89,Georgia,M,Brown,Fall,2.8,1,Express,1,1,32,Venmo,Annually,1,1,Low,Established,High,0.4256,Silver,Low_Value_Promo_Dependent,55-64,1,0,3,0.2531,Transactional,0.5076,Developing
1037,68,Male,Handbag,Accessories,47,Hawaii,M,Yellow,Fall,3.7,1,2-Day Shipping,1,1,13,Bank Transfer,Monthly,12,1,Medium,Growing,Medium,0.2517,Silver,Low_Value_Promo_Dependent,65+,1,0,2,0.1842,Transactional,0.5024,Developing
1038,52,Male,Jewelry,Accessories,25,Rhode Island,XL,Brown,Spring,3.4,1,Standard,1,1,48,Debit Card,Quarterly,4,1,Medium,Veteran,Low,0.4197,Silver,Low_Value_Promo_Dependent,45-54,0,0,2,0.4072,Developing,0.3916,Developing
1039,41,Male,Pants,Clothing,74,Nebraska,XL,Cyan,Fall,3.0,1,Express,1,1,3,Bank Transfer,Weekly,52,1,Medium,New,High,0.5513,Gold,High_Value_Promo_Dependent,35-44,1,1,2,0.4163,Developing,0.4888,Developing
1040,29,Male,Belt,Accessories,46,Michigan,M,Magenta,Fall,4.8,1,Standard,1,1,39,Venmo,Monthly,12,1,High,Established,Medium,0.4615,Gold,High_Value_Promo_Dependent,25-34,0,1,1,0.3965,Developing,0.6532,Loyal
1041,68,Male,Jeans,Clothing,22,North Carolina,S,Magenta,Fall,4.0,1,Next Day Air,1,1,7,Cash,Fortnightly,26,1,High,New,Low,0.2501,Silver,Low_Value_Promo_Dependent,65+,1,0,1,0.2451,Transactional,0.4663,Developing
1042,36,Male,Shirt,Clothing,25,Minnesota,M,Orange,Summer,4.9,1,Next Day Air,1,1,11,Cash,Fortnightly,26,1,High,Growing,Low,0.2902,Silver,Low_Value_Promo_Dependent,35-44,1,0,1,0.2777,Transactional,0.6016,Loyal
1043,55,Male,Belt,Accessories,80,Maryland,M,Maroon,Spring,4.9,1,Next Day Air,1,1,47,Credit Card,Weekly,52,1,High,Veteran,High,0.9255,Platinum,High_Value_Promo_Dependent,55-64,1,1,1,0.7755,Loyal,0.7735,Loyal
1044,28,Male,Jeans,Clothing,76,Hawaii,M,Green,Spring,3.3,1,2-Day Shipping,1,1,28,Debit Card,Fortnightly,26,1,Medium,Established,High,0.5565,Gold,High_Value_Promo_Dependent,25-34,1,1,2,0.4165,Developing,0.537,Loyal
1045,39,Male,Jeans,Clothing,30,Oregon,L,Teal,Summer,4.4,1,Next Day Air,1,1,17,Bank Transfer,Quarterly,4,1,High,Growing,Low,0.1791,Bronze,Low_Value_Promo_Dependent,35-44,1,0,1,0.1541,Transactional,0.5472,Loyal
1046,54,Male,Sweater,Clothing,79,New Mexico,L,Black,Fall,3.5,1,2-Day Shipping,1,1,11,PayPal,Fortnightly,26,1,Medium,Growing,High,0.4252,Silver,Low_Value_Promo_Dependent,45-54,1,0,2,0.2777,Transactional,0.5744,Loyal
1047,40,Male,Sneakers,Footwear,22,Illinois,M,Magenta,Winter,4.2,1,Standard,1,1,12,Venmo,Annually,1,1,High,Growing,Low,0.0948,Bronze,Low_Value_Promo_Dependent,35-44,0,0,1,0.0898,Transactional,0.4943,Developing
1048,31,Male,Socks,Clothing,36,Utah,S,Olive,Fall,4.2,1,Standard,1,1,7,Credit Card,Fortnightly,26,1,High,New,Low,0.2851,Silver,Low_Value_Promo_Dependent,25-34,0,0,1,0.2451,Transactional,0.538,Loyal
1049,30,Male,Socks,Clothing,77,Maine,L,Yellow,Fall,2.7,1,Standard,1,1,19,Venmo,Fortnightly,26,1,Low,Growing,High,0.4855,Gold,High_Value_Promo_Dependent,25-34,0,1,3,0.343,Transactional,0.4561,Developing
1050,45,Male,Sunglasses,Accessories,33,Virginia,S,Purple,Fall,2.8,1,Store Pickup,1,1,24,Cash,Quarterly,4,1,Low,Growing,Low,0.2438,Bronze,Low_Value_Promo_Dependent,45-54,0,0,3,0.2113,Transactional,0.3326,Transactional
1051,48,Male,Sneakers,Footwear,64,Florida,M,Beige,Winter,3.8,1,Next Day Air,1,1,19,Venmo,Monthly,12,1,Medium,Growing,Medium,0.3432,Silver,Low_Value_Promo_Dependent,45-54,1,0,2,0.2332,Transactional,0.5695,Loyal
1052,45,Male,Socks,Clothing,53,Ohio,M,Indigo,Fall,2.6,1,Free Shipping,1,1,39,PayPal,Annually,1,1,Low,Established,Medium,0.3927,Silver,Low_Value_Promo_Dependent,45-54,0,0,3,0.3102,Transactional,0.3671,Transactional
1053,60,Male,Shoes,Footwear,36,Virginia,XL,Pink,Fall,3.0,1,2-Day Shipping,1,1,1,Credit Card,Fortnightly,26,1,Medium,New,Low,0.2361,Bronze,Low_Value_Promo_Dependent,55-64,1,0,2,0.1961,Transactional,0.37,Transactional
1054,59,Male,Blouse,Clothing,70,Kansas,M,Blue,Spring,3.3,0,2-Day Shipping,1,1,10,Debit Card,Fortnightly,26,1,Medium,Growing,Medium,0.3945,Silver,Low_Value_Promo_Dependent,55-64,1,0,2,0.2695,Transactional,0.2682,Transactional
1055,18,Male,Shorts,Clothing,96,Arkansas,L,Cyan,Winter,4.9,0,Express,1,1,48,PayPal,Quarterly,4,1,High,Veteran,High,0.5972,Gold,High_Value_Promo_Dependent,18-24,1,1,1,0.4072,Developing,0.5735,Loyal
1056,70,Male,Jacket,Outerwear,27,Massachusetts,M,Orange,Spring,3.3,0,Next Day Air,1,1,24,Debit Card,Annually,1,1,Medium,Growing,Low,0.2053,Bronze,Low_Value_Promo_Dependent,65+,1,0,2,0.1878,Transactional,0.1339,Transactional
1057,20,Male,Sweater,Clothing,64,Idaho,L,Black,Winter,2.9,0,2-Day Shipping,1,1,42,Venmo,Fortnightly,26,1,Low,Veteran,Medium,0.6408,Gold,High_Value_Promo_Dependent,18-24,1,1,3,0.5308,Loyal,0.1935,Transactional
1058,65,Male,Jacket,Outerwear,23,Wisconsin,S,Maroon,Spring,4.4,0,2-Day Shipping,1,1,20,Credit Card,Weekly,52,1,High,Growing,Low,0.5626,Gold,High_Value_Promo_Dependent,65+,1,1,1,0.5551,Loyal,0.2754,Transactional
1059,29,Male,Scarf,Accessories,33,New Mexico,L,Violet,Summer,3.1,0,Next Day Air,1,1,49,Bank Transfer,Quarterly,4,1,Medium,Veteran,Low,0.4479,Silver,Low_Value_Promo_Dependent,25-34,1,0,2,0.4154,Developing,0.1246,Transactional
1060,22,Male,Jacket,Outerwear,34,North Carolina,M,Beige,Winter,2.5,0,Standard,1,1,25,Debit Card,Monthly,12,1,Low,Established,Low,0.3172,Silver,Low_Value_Promo_Dependent,18-24,0,0,3,0.2822,Transactional,0.0438,Transactional
1061,27,Male,Sweater,Clothing,35,Iowa,S,Gray,Summer,2.6,0,Next Day Air,1,1,21,Debit Card,Quarterly,4,1,Low,Growing,Low,0.2243,Bronze,Low_Value_Promo_Dependent,25-34,1,0,3,0.1868,Transactional,0.0609,Transactional
1062,36,Male,Coat,Outerwear,62,Idaho,M,Gray,Summer,4.4,0,Free Shipping,1,1,12,Venmo,Quarterly,4,1,High,Growing,Medium,0.2183,Bronze,Low_Value_Promo_Dependent,35-44,0,0,1,0.1133,Transactional,0.3973,Developing
1063,59,Male,Boots,Footwear,75,Ohio,M,Brown,Fall,2.6,0,Next Day Air,1,1,21,Debit Card,Quarterly,4,1,Low,Growing,High,0.3243,Silver,Low_Value_Promo_Dependent,55-64,1,0,3,0.1868,Transactional,0.1859,Transactional
1064,62,Male,Hoodie,Clothing,29,Alabama,S,Indigo,Summer,3.3,0,Free Shipping,1,1,35,Cash,Monthly,12,1,Medium,Established,Low,0.3863,Silver,Low_Value_Promo_Dependent,55-64,0,0,2,0.3638,Developing,0.1401,Transactional
1065,34,Male,Hat,Accessories,28,Wyoming,M,Violet,Spring,3.5,0,Express,1,1,42,Credit Card,Quarterly,4,1,Medium,Veteran,Low,0.3782,Silver,Low_Value_Promo_Dependent,25-34,1,0,2,0.3582,Developing,0.165,Transactional
1066,59,Male,T-shirt,Clothing,20,Alabama,XL,Blue,Spring,4.1,0,Store Pickup,1,1,3,PayPal,Quarterly,4,1,High,New,Low,0.0399,Bronze,Low_Value_Promo_Dependent,55-64,0,0,1,0.0399,Transactional,0.224,Transactional
1067,49,Male,Coat,Outerwear,96,Mississippi,M,Red,Winter,4.0,0,Store Pickup,1,1,11,PayPal,Fortnightly,26,1,High,Growing,High,0.4677,Gold,High_Value_Promo_Dependent,45-54,0,1,1,0.2777,Transactional,0.4475,Developing
1068,18,Male,Dress,Clothing,43,Pennsylvania,S,Peach,Summer,2.7,0,2-Day Shipping,1,1,22,PayPal,Quarterly,4,1,Low,Growing,Low,0.2525,Silver,Low_Value_Promo_Dependent,18-24,1,0,3,0.195,Transactional,0.0999,Transactional
1069,55,Male,Shirt,Clothing,94,Wyoming,M,Olive,Fall,2.5,0,Standard,1,1,47,Credit Card,Weekly,52,1,Low,Veteran,High,0.9605,Platinum,High_Value_Promo_Dependent,55-64,0,1,3,0.7755,Loyal,0.2312,Transactional
1070,38,Male,Skirt,Clothing,81,Maryland,XL,White,Fall,4.3,0,Next Day Air,1,1,33,Venmo,Quarterly,4,1,High,Established,High,0.4373,Silver,Low_Value_Promo_Dependent,35-44,1,0,1,0.2848,Transactional,0.4426,Developing
1071,50,Male,Jewelry,Accessories,75,North Carolina,M,Magenta,Summer,3.3,0,Free Shipping,1,1,50,Debit Card,Weekly,52,1,Medium,Veteran,High,0.9375,Platinum,High_Value_Promo_Dependent,45-54,0,1,2,0.8,Loyal,0.2839,Transactional
1072,61,Male,Hat,Accessories,81,Pennsylvania,M,Beige,Summer,2.6,0,Express,1,1,46,Credit Card,Monthly,12,1,Low,Veteran,High,0.6061,Gold,High_Value_Promo_Dependent,55-64,1,1,3,0.4536,Developing,0.2046,Transactional
1073,48,Male,Shorts,Clothing,92,Idaho,L,Gold,Fall,3.8,0,Express,1,1,34,Debit Card,Fortnightly,26,1,Medium,Established,High,0.6455,Gold,High_Value_Promo_Dependent,45-54,1,1,2,0.4655,Developing,0.407,Developing
1074,22,Male,Scarf,Accessories,96,California,XL,Purple,Spring,4.0,0,Store Pickup,1,1,33,Credit Card,Monthly,12,1,High,Established,High,0.5375,Gold,High_Value_Promo_Dependent,18-24,0,1,1,0.3475,Developing,0.4475,Developing
1075,48,Male,Jewelry,Accessories,71,Tennessee,S,White,Fall,2.6,0,Standard,1,1,45,Bank Transfer,Fortnightly,26,1,Low,Veteran,Medium,0.6828,Platinum,High_Value_Promo_Dependent,45-54,0,1,3,0.5553,Loyal,0.1734,Transactional
1076,57,Male,Sunglasses,Accessories,50,Missouri,L,Indigo,Summer,4.9,0,Next Day Air,1,1,32,Debit Card,Fortnightly,26,1,High,Established,Medium,0.5241,Gold,High_Value_Promo_Dependent,55-64,1,1,1,0.4491,Developing,0.4298,Developing
1077,33,Male,Coat,Outerwear,72,North Dakota,L,Charcoal,Spring,2.9,0,Standard,1,1,47,Venmo,Fortnightly,26,1,Low,Veteran,Medium,0.7016,Platinum,High_Value_Promo_Dependent,25-34,0,1,3,0.5716,Loyal,0.2185,Transactional
1078,58,Male,Jacket,Outerwear,28,West Virginia,M,Pink,Winter,3.7,0,Standard,1,1,5,PayPal,Quarterly,4,1,Medium,New,Low,0.0762,Bronze,Low_Value_Promo_Dependent,55-64,0,0,2,0.0562,Transactional,0.193,Transactional
1079,37,Male,Sweater,Clothing,59,Arizona,M,Silver,Fall,4.4,0,Express,1,1,49,Credit Card,Fortnightly,26,1,High,Veteran,Medium,0.6854,Platinum,High_Value_Promo_Dependent,35-44,1,1,1,0.5879,Loyal,0.3879,Developing
1080,18,Male,Coat,Outerwear,33,Oklahoma,S,Blue,Summer,4.4,0,Free Shipping,1,1,48,Bank Transfer,Monthly,12,1,High,Veteran,Low,0.5024,Gold,High_Value_Promo_Dependent,18-24,0,1,1,0.4699,Developing,0.3066,Transactional
1081,65,Male,Scarf,Accessories,59,Pennsylvania,L,Blue,Fall,3.8,0,Express,1,1,22,Cash,Quarterly,4,1,Medium,Growing,Medium,0.2925,Silver,Low_Value_Promo_Dependent,65+,1,0,2,0.195,Transactional,0.3039,Transactional
1082,62,Male,Belt,Accessories,30,Idaho,XL,Brown,Spring,4.5,0,Standard,1,1,45,Credit Card,Annually,1,1,High,Veteran,Low,0.3842,Silver,Low_Value_Promo_Dependent,55-64,0,0,1,0.3592,Developing,0.3112,Transactional
1083,54,Male,Hat,Accessories,85,South Carolina,XL,Cyan,Winter,2.6,0,Next Day Air,1,1,30,Venmo,Quarterly,4,1,Low,Established,High,0.4228,Silver,Low_Value_Promo_Dependent,45-54,1,0,3,0.2603,Transactional,0.2171,Transactional
1084,35,Male,Backpack,Accessories,97,Washington,L,Teal,Summer,3.3,0,Store Pickup,1,1,43,Cash,Weekly,52,1,Medium,Veteran,High,0.9354,Platinum,High_Value_Promo_Dependent,35-44,0,1,2,0.7429,Loyal,0.3526,Transactional
1085,34,Male,T-shirt,Clothing,36,Arkansas,S,Purple,Fall,4.1,0,Next Day Air,1,1,48,Cash,Quarterly,4,1,High,Veteran,Low,0.4472,Silver,Low_Value_Promo_Dependent,25-34,1,0,1,0.4072,Developing,0.274,Transactional
1086,25,Male,Jewelry,Accessories,85,Utah,M,Turquoise,Winter,3.0,0,Store Pickup,1,1,23,Venmo,Fortnightly,26,1,Medium,Growing,High,0.5382,Gold,High_Value_Promo_Dependent,25-34,0,1,2,0.3757,Developing,0.2731,Transactional
1087,53,Male,Sunglasses,Accessories,62,Alaska,M,Olive,Winter,3.0,0,Free Shipping,1,1,27,PayPal,Fortnightly,26,1,Medium,Established,Medium,0.5133,Gold,High_Value_Promo_Dependent,45-54,0,1,2,0.4083,Developing,0.2013,Transactional
1088,45,Male,Jeans,Clothing,71,West Virginia,S,White,Winter,3.4,0,Next Day Air,1,1,7,Bank Transfer,Monthly,12,1,Medium,New,Medium,0.2628,Silver,Low_Value_Promo_Dependent,45-54,1,0,2,0.1353,Transactional,0.2854,Transactional
1089,49,Male,Pants,Clothing,21,Louisiana,M,Turquoise,Winter,2.7,0,Free Shipping,1,1,2,PayPal,Weekly,52,1,Low,New,Low,0.4107,Silver,Low_Value_Promo_Dependent,45-54,0,0,3,0.4082,Developing,0.0311,Transactional
1090,40,Male,Backpack,Accessories,61,Arizona,M,Silver,Spring,3.8,0,Next Day Air,1,1,33,PayPal,Fortnightly,26,1,Medium,Established,Medium,0.5598,Gold,High_Value_Promo_Dependent,35-44,1,1,2,0.4573,Developing,0.3101,Transactional
1091,38,Male,Scarf,Accessories,58,Connecticut,M,Violet,Spring,4.2,0,Store Pickup,1,1,27,Cash,Fortnightly,26,1,High,Established,Medium,0.5033,Gold,High_Value_Promo_Dependent,35-44,0,1,1,0.4083,Developing,0.3568,Transactional
1092,44,Male,Sweater,Clothing,80,North Carolina,L,Lavender,Spring,4.7,0,Store Pickup,1,1,6,Credit Card,Fortnightly,26,1,High,New,High,0.3869,Silver,Low_Value_Promo_Dependent,35-44,0,0,1,0.2369,Transactional,0.4955,Developing
1093,68,Male,Jewelry,Accessories,50,South Dakota,L,Magenta,Spring,4.1,0,2-Day Shipping,1,1,20,Venmo,Quarterly,4,1,High,Growing,Medium,0.2536,Silver,Low_Value_Promo_Dependent,65+,1,0,1,0.1786,Transactional,0.3177,Transactional
1094,60,Male,Sneakers,Footwear,48,Delaware,S,Indigo,Winter,4.2,0,2-Day Shipping,1,1,46,Venmo,Quarterly,4,1,High,Veteran,Medium,0.4609,Gold,High_Value_Promo_Dependent,55-64,1,1,1,0.3909,Developing,0.3255,Transactional
1095,25,Male,Jewelry,Accessories,40,Connecticut,M,Black,Winter,4.8,0,Next Day Air,1,1,25,Cash,Quarterly,4,1,High,Established,Low,0.2694,Silver,Low_Value_Promo_Dependent,25-34,1,0,1,0.2194,Transactional,0.3845,Transactional
1096,19,Male,Coat,Outerwear,34,Tennessee,S,Peach,Summer,3.0,0,Free Shipping,1,1,30,Bank Transfer,Quarterly,4,1,Medium,Established,Low,0.2953,Silver,Low_Value_Promo_Dependent,18-24,0,0,2,0.2603,Transactional,0.1138,Transactional
1097,57,Male,Coat,Outerwear,46,New Hampshire,S,Beige,Fall,2.6,0,Standard,1,1,48,Credit Card,Annually,1,1,Low,Veteran,Medium,0.4487,Silver,Low_Value_Promo_Dependent,55-64,0,0,3,0.3837,Developing,0.0953,Transactional
1098,58,Male,Sunglasses,Accessories,27,Vermont,M,Black,Summer,3.2,0,Store Pickup,1,1,47,Bank Transfer,Weekly,52,1,Medium,Veteran,Low,0.793,Platinum,High_Value_Promo_Dependent,55-64,0,1,2,0.7755,Loyal,0.1199,Transactional
1099,49,Male,Handbag,Accessories,98,Idaho,S,Turquoise,Spring,3.6,0,Next Day Air,1,1,27,Credit Card,Weekly,52,1,Medium,Established,High,0.8072,Platinum,High_Value_Promo_Dependent,45-54,1,1,2,0.6122,Loyal,0.3978,Developing
1100,19,Male,Sweater,Clothing,73,North Carolina,M,Peach,Fall,2.6,0,Next Day Air,1,1,45,Bank Transfer,Fortnightly,26,1,Low,Veteran,High,0.6878,Platinum,High_Value_Promo_Dependent,18-24,1,1,3,0.5553,Loyal,0.1796,Transactional
1101,50,Male,Pants,Clothing,28,Nevada,L,Gold,Spring,4.4,0,Express,1,1,2,Credit Card,Weekly,52,1,High,New,Low,0.4282,Silver,Low_Value_Promo_Dependent,45-54,1,0,1,0.4082,Developing,0.291,Transactional
1102,30,Male,Gloves,Accessories,76,Delaware,XL,Silver,Fall,3.0,0,Free Shipping,1,1,39,Cash,Fortnightly,26,1,Medium,Established,High,0.6463,Gold,High_Value_Promo_Dependent,25-34,0,1,2,0.5063,Developing,0.245,Transactional
1103,52,Male,Sweater,Clothing,83,Texas,M,Peach,Fall,2.9,0,Express,1,1,24,Cash,Fortnightly,26,1,Low,Growing,High,0.5413,Gold,High_Value_Promo_Dependent,45-54,1,1,3,0.3838,Developing,0.2529,Transactional
1104,35,Male,Hoodie,Clothing,23,Tennessee,S,Charcoal,Spring,4.3,0,Free Shipping,1,1,8,Debit Card,Fortnightly,26,1,High,New,Low,0.2607,Silver,Low_Value_Promo_Dependent,35-44,0,0,1,0.2532,Transactional,0.2614,Transactional
1105,35,Male,Hat,Accessories,28,Delaware,M,Beige,Fall,3.1,0,Express,1,1,8,Bank Transfer,Quarterly,4,1,Medium,New,Low,0.1007,Bronze,Low_Value_Promo_Dependent,35-44,1,0,2,0.0807,Transactional,0.109,Transactional
1106,33,Male,T-shirt,Clothing,83,Massachusetts,S,Olive,Spring,3.0,0,Next Day Air,1,1,6,Venmo,Quarterly,4,1,Medium,New,High,0.2218,Bronze,Low_Value_Promo_Dependent,25-34,1,0,2,0.0643,Transactional,0.2669,Transactional
1107,52,Male,Skirt,Clothing,96,Minnesota,L,Violet,Winter,3.6,0,Store Pickup,1,1,12,Venmo,Fortnightly,26,1,Medium,Growing,High,0.4759,Gold,High_Value_Promo_Dependent,45-54,0,1,2,0.2859,Transactional,0.3915,Developing
1108,69,Male,Sneakers,Footwear,62,Texas,M,Peach,Fall,2.8,0,Store Pickup,1,1,26,Bank Transfer,Weekly,52,1,Low,Established,Medium,0.7091,Platinum,High_Value_Promo_Dependent,65+,0,1,3,0.6041,Loyal,0.1732,Transactional
1109,27,Male,Shorts,Clothing,25,Nebraska,M,Teal,Fall,2.8,0,Standard,1,1,50,Cash,Fortnightly,26,1,Low,Veteran,Low,0.6086,Gold,High_Value_Promo_Dependent,25-34,0,1,3,0.5961,Loyal,0.0576,Transactional
1110,66,Male,Hoodie,Clothing,97,Oklahoma,L,Violet,Winter,3.8,0,Next Day Air,1,1,2,Venmo,Weekly,52,1,Medium,New,High,0.6007,Gold,High_Value_Promo_Dependent,65+,1,1,2,0.4082,Developing,0.4226,Developing
1111,28,Male,Hoodie,Clothing,61,Texas,L,Cyan,Fall,3.0,0,Standard,1,1,31,Cash,Fortnightly,26,1,Medium,Established,Medium,0.5435,Gold,High_Value_Promo_Dependent,25-34,0,1,2,0.441,Developing,0.1981,Transactional
1112,22,Male,Shoes,Footwear,66,New York,S,Olive,Summer,4.1,0,Next Day Air,1,1,4,Credit Card,Fortnightly,26,1,High,New,Medium,0.3356,Silver,Low_Value_Promo_Dependent,18-24,1,0,1,0.2206,Transactional,0.3677,Transactional
1113,69,Male,Hoodie,Clothing,67,Washington,XL,Pink,Spring,4.6,0,Free Shipping,1,1,32,PayPal,Quarterly,4,1,High,Established,Medium,0.3941,Silver,Low_Value_Promo_Dependent,65+,0,0,1,0.2766,Transactional,0.4409,Developing
1114,28,Male,Sunglasses,Accessories,80,Maryland,M,Purple,Summer,4.8,0,Next Day Air,1,1,11,PayPal,Fortnightly,26,1,High,Growing,High,0.4277,Silver,Low_Value_Promo_Dependent,25-34,1,0,1,0.2777,Transactional,0.5095,Developing
1115,55,Male,Skirt,Clothing,25,New Hampshire,L,Violet,Fall,2.6,0,Next Day Air,1,1,47,Bank Transfer,Quarterly,4,1,Low,Veteran,Low,0.4115,Silver,Low_Value_Promo_Dependent,55-64,1,0,3,0.399,Developing,0.0296,Transactional
1116,30,Male,Hat,Accessories,58,New York,S,Peach,Fall,4.0,0,2-Day Shipping,1,1,37,Cash,Weekly,52,1,High,Established,Medium,0.7889,Platinum,High_Value_Promo_Dependent,25-34,1,1,1,0.6939,Loyal,0.3288,Transactional
1117,67,Male,Backpack,Accessories,96,Hawaii,M,Charcoal,Winter,4.2,0,Express,1,1,39,PayPal,Fortnightly,26,1,High,Established,High,0.6963,Platinum,High_Value_Promo_Dependent,65+,1,1,1,0.5063,Developing,0.4755,Developing
1118,25,Male,Sunglasses,Accessories,77,California,L,Lavender,Spring,4.5,0,Store Pickup,1,1,24,Credit Card,Monthly,12,1,High,Growing,High,0.4165,Silver,Low_Value_Promo_Dependent,25-34,0,0,1,0.274,Transactional,0.4581,Developing
1119,49,Male,Belt,Accessories,65,Indiana,M,Purple,Summer,4.9,0,Standard,1,1,11,PayPal,Quarterly,4,1,High,Growing,Medium,0.2177,Bronze,Low_Value_Promo_Dependent,45-54,0,0,1,0.1052,Transactional,0.4766,Developing
1120,34,Male,Jewelry,Accessories,36,Louisiana,M,Indigo,Spring,3.1,0,Standard,1,1,36,Credit Card,Weekly,52,1,Medium,Established,Low,0.7257,Platinum,High_Value_Promo_Dependent,25-34,0,1,2,0.6857,Loyal,0.134,Transactional
1121,22,Male,Sneakers,Footwear,84,Pennsylvania,M,Magenta,Winter,4.0,0,Next Day Air,1,1,40,Debit Card,Monthly,12,1,High,Veteran,High,0.5646,Gold,High_Value_Promo_Dependent,18-24,1,1,1,0.4046,Developing,0.41,Developing
1122,63,Male,T-shirt,Clothing,58,Florida,XL,Peach,Fall,3.2,0,Express,1,1,25,Cash,Quarterly,4,1,Medium,Established,Medium,0.3144,Silver,Low_Value_Promo_Dependent,55-64,1,0,2,0.2194,Transactional,0.2168,Transactional
1123,70,Male,Handbag,Accessories,62,North Carolina,S,Charcoal,Spring,4.3,0,2-Day Shipping,1,1,12,Credit Card,Annually,1,1,High,Growing,Medium,0.1948,Bronze,Low_Value_Promo_Dependent,65+,1,0,1,0.0898,Transactional,0.3832,Transactional
1124,36,Male,Hat,Accessories,67,Massachusetts,S,Purple,Fall,2.5,0,Store Pickup,1,1,38,Cash,Monthly,12,1,Low,Established,Medium,0.5058,Gold,High_Value_Promo_Dependent,35-44,0,1,3,0.3883,Developing,0.1469,Transactional
1125,42,Male,Sweater,Clothing,20,Iowa,M,Orange,Spring,3.8,0,Express,1,1,40,Cash,Quarterly,4,1,Medium,Veteran,Low,0.3419,Silver,Low_Value_Promo_Dependent,35-44,1,0,2,0.3419,Transactional,0.182,Transactional
1126,27,Male,Sandals,Footwear,90,North Dakota,M,Lavender,Summer,2.7,0,2-Day Shipping,1,1,10,Bank Transfer,Weekly,52,1,Low,Growing,High,0.6485,Gold,High_Value_Promo_Dependent,25-34,1,1,3,0.4735,Developing,0.2468,Transactional
1127,23,Male,Scarf,Accessories,58,Iowa,L,Beige,Winter,3.4,0,Standard,1,1,47,Venmo,Fortnightly,26,1,Medium,Veteran,Medium,0.6666,Platinum,High_Value_Promo_Dependent,18-24,0,1,2,0.5716,Loyal,0.2448,Transactional
1128,50,Male,Shirt,Clothing,53,Delaware,XL,Maroon,Spring,4.8,0,Store Pickup,1,1,22,Debit Card,Monthly,12,1,High,Growing,Medium,0.3402,Silver,Low_Value_Promo_Dependent,45-54,0,0,1,0.2577,Transactional,0.4251,Developing
1129,56,Male,Gloves,Accessories,30,New York,L,Charcoal,Winter,4.7,0,Next Day Air,1,1,35,Debit Card,Monthly,12,1,High,Established,Low,0.3888,Silver,Low_Value_Promo_Dependent,55-64,1,0,1,0.3638,Developing,0.3392,Transactional
1130,37,Male,Hoodie,Clothing,65,New Hampshire,XL,White,Winter,4.7,0,Express,1,1,46,Venmo,Fortnightly,26,1,High,Veteran,Medium,0.6759,Platinum,High_Value_Promo_Dependent,35-44,1,1,1,0.5634,Loyal,0.4486,Developing
1131,67,Male,Jewelry,Accessories,41,Kentucky,M,Lavender,Summer,3.9,0,Standard,1,1,30,PayPal,Fortnightly,26,1,Medium,Established,Low,0.4853,Gold,High_Value_Promo_Dependent,65+,0,1,2,0.4328,Developing,0.2616,Transactional
1132,67,Male,Shirt,Clothing,73,Illinois,M,Black,Spring,3.7,0,Express,1,1,20,Bank Transfer,Monthly,12,1,Medium,Growing,High,0.3739,Silver,Low_Value_Promo_Dependent,65+,1,0,2,0.2414,Transactional,0.3336,Transactional
1133,50,Male,Hoodie,Clothing,98,North Carolina,S,Teal,Spring,4.3,0,Store Pickup,1,1,25,Cash,Fortnightly,26,1,High,Established,High,0.587,Gold,High_Value_Promo_Dependent,45-54,0,1,1,0.392,Developing,0.4958,Developing
1134,36,Male,Shoes,Footwear,36,Connecticut,XL,Magenta,Winter,4.1,0,2-Day Shipping,1,1,29,Cash,Weekly,52,1,High,Established,Low,0.6686,Platinum,High_Value_Promo_Dependent,35-44,1,1,1,0.6286,Loyal,0.274,Transactional
1135,62,Male,T-shirt,Clothing,81,Wisconsin,M,Brown,Summer,3.8,0,Express,1,1,2,Venmo,Quarterly,4,1,Medium,New,High,0.1842,Bronze,Low_Value_Promo_Dependent,55-64,1,0,2,0.0317,Transactional,0.3726,Transactional
1136,65,Male,Skirt,Clothing,90,Massachusetts,L,Peach,Winter,3.6,0,2-Day Shipping,1,1,32,Bank Transfer,Quarterly,4,1,Medium,Established,High,0.4516,Gold,High_Value_Promo_Dependent,65+,1,1,2,0.2766,Transactional,0.3728,Transactional
1137,23,Male,Handbag,Accessories,83,Illinois,S,Cyan,Summer,4.8,0,Free Shipping,1,1,37,Cash,Monthly,12,1,High,Established,High,0.5377,Gold,High_Value_Promo_Dependent,18-24,0,1,1,0.3802,Developing,0.5189,Loyal
1138,46,Male,Shirt,Clothing,91,New Mexico,XL,Pink,Winter,2.8,0,2-Day Shipping,1,1,16,Bank Transfer,Quarterly,4,1,Low,Growing,High,0.3235,Silver,Low_Value_Promo_Dependent,45-54,1,0,3,0.146,Transactional,0.2639,Transactional
1139,18,Male,Pants,Clothing,36,Iowa,M,Purple,Summer,4.7,0,Express,1,1,32,Venmo,Fortnightly,26,1,High,Established,Low,0.4891,Gold,High_Value_Promo_Dependent,18-24,1,1,1,0.4491,Developing,0.358,Transactional
1140,58,Male,Coat,Outerwear,53,Alabama,L,Purple,Spring,3.9,0,Standard,1,1,42,Debit Card,Fortnightly,26,1,Medium,Veteran,Medium,0.6133,Gold,High_Value_Promo_Dependent,55-64,0,1,2,0.5308,Loyal,0.2991,Transactional
1141,31,Male,Jeans,Clothing,39,Maryland,M,White,Winter,2.6,0,Store Pickup,1,1,6,Credit Card,Quarterly,4,1,Low,New,Low,0.1118,Bronze,Low_Value_Promo_Dependent,25-34,0,0,3,0.0643,Transactional,0.0734,Transactional
1142,39,Male,Gloves,Accessories,33,Ohio,S,Silver,Winter,4.7,0,Next Day Air,1,1,23,PayPal,Fortnightly,26,1,High,Growing,Low,0.4082,Silver,Low_Value_Promo_Dependent,35-44,1,0,1,0.3757,Developing,0.3486,Transactional
1143,69,Male,T-shirt,Clothing,76,Ohio,L,Green,Spring,3.5,0,Store Pickup,1,1,27,Venmo,Fortnightly,26,1,Medium,Established,High,0.5483,Gold,High_Value_Promo_Dependent,65+,0,1,2,0.4083,Developing,0.315,Transactional
1144,68,Male,Boots,Footwear,23,Nevada,L,Teal,Winter,4.4,0,Standard,1,1,43,PayPal,Quarterly,4,1,High,Veteran,Low,0.3739,Silver,Low_Value_Promo_Dependent,65+,0,0,1,0.3664,Developing,0.2754,Transactional
1145,41,Male,Jeans,Clothing,54,South Carolina,S,Indigo,Fall,4.4,0,2-Day Shipping,1,1,25,Bank Transfer,Fortnightly,26,1,High,Established,Medium,0.477,Gold,High_Value_Promo_Dependent,35-44,1,1,1,0.392,Developing,0.3723,Transactional
1146,31,Male,Sneakers,Footwear,89,Nevada,L,Pink,Summer,3.0,0,Express,1,1,30,Cash,Quarterly,4,1,Medium,Established,High,0.4328,Silver,Low_Value_Promo_Dependent,25-34,1,0,2,0.2603,Transactional,0.2856,Transactional
1147,48,Male,Sneakers,Footwear,38,Wisconsin,M,Indigo,Summer,4.2,0,Standard,1,1,7,Bank Transfer,Quarterly,4,1,High,New,Low,0.1175,Bronze,Low_Value_Promo_Dependent,45-54,0,0,1,0.0725,Transactional,0.2943,Transactional
1148,59,Male,Hat,Accessories,36,Tennessee,XL,Red,Winter,4.3,0,Next Day Air,1,1,17,Debit Card,Annually,1,1,High,Growing,Low,0.1706,Bronze,Low_Value_Promo_Dependent,55-64,1,0,1,0.1306,Transactional,0.302,Transactional
1149,34,Male,Pants,Clothing,66,Florida,M,Violet,Spring,2.6,0,Store Pickup,1,1,10,PayPal,Fortnightly,26,1,Low,Growing,Medium,0.3845,Silver,Low_Value_Promo_Dependent,25-34,0,0,3,0.2695,Transactional,0.1578,Transactional
1150,21,Male,Jewelry,Accessories,42,Georgia,L,Cyan,Spring,3.3,0,Store Pickup,1,1,40,Venmo,Annually,1,1,Medium,Veteran,Low,0.3734,Silver,Low_Value_Promo_Dependent,18-24,0,0,2,0.3184,Transactional,0.1808,Transactional
1151,29,Male,Jewelry,Accessories,36,Kentucky,S,Red,Winter,2.7,0,Next Day Air,1,1,50,Venmo,Fortnightly,26,1,Low,Veteran,Low,0.6361,Gold,High_Value_Promo_Dependent,25-34,1,1,3,0.5961,Loyal,0.078,Transactional
1152,41,Male,Blouse,Clothing,86,Ohio,M,Gray,Spring,3.8,0,Express,1,1,24,Credit Card,Weekly,52,1,Medium,Growing,High,0.7528,Platinum,High_Value_Promo_Dependent,35-44,1,1,2,0.5878,Loyal,0.3882,Developing
1153,62,Male,Handbag,Accessories,49,Connecticut,M,Gold,Fall,4.0,0,Standard,1,1,8,PayPal,Quarterly,4,1,High,New,Medium,0.1532,Bronze,Low_Value_Promo_Dependent,55-64,0,0,1,0.0807,Transactional,0.3006,Transactional
1154,27,Male,Shirt,Clothing,41,Idaho,M,Pink,Summer,4.0,0,Free Shipping,1,1,6,Bank Transfer,Quarterly,4,1,High,New,Low,0.1168,Bronze,Low_Value_Promo_Dependent,25-34,0,0,1,0.0643,Transactional,0.2756,Transactional
1155,49,Male,Dress,Clothing,82,Georgia,L,Cyan,Spring,2.9,0,2-Day Shipping,1,1,44,Credit Card,Fortnightly,26,1,Low,Veteran,High,0.7021,Platinum,High_Value_Promo_Dependent,45-54,1,1,3,0.5471,Loyal,0.2498,Transactional
1156,67,Male,T-shirt,Clothing,53,Tennessee,S,Red,Fall,2.6,0,Express,1,1,47,PayPal,Quarterly,4,1,Low,Veteran,Medium,0.4815,Gold,High_Value_Promo_Dependent,65+,1,1,3,0.399,Developing,0.1171,Transactional
1157,20,Male,Shoes,Footwear,21,Hawaii,M,Gold,Summer,4.8,0,Express,1,1,6,Venmo,Quarterly,4,1,High,New,Low,0.0668,Bronze,Low_Value_Promo_Dependent,18-24,1,0,1,0.0643,Transactional,0.3251,Transactional
1158,37,Male,Belt,Accessories,66,Maryland,M,Charcoal,Fall,4.4,0,Standard,1,1,11,Cash,Quarterly,4,1,High,Growing,Medium,0.2202,Bronze,Low_Value_Promo_Dependent,35-44,0,0,1,0.1052,Transactional,0.4098,Developing
1159,69,Male,Belt,Accessories,89,Nevada,L,Orange,Summer,4.0,0,2-Day Shipping,1,1,41,Bank Transfer,Annually,1,1,High,Veteran,High,0.499,Gold,High_Value_Promo_Dependent,65+,1,1,1,0.3265,Transactional,0.4256,Developing
1160,66,Male,Handbag,Accessories,55,New Hampshire,L,Blue,Fall,3.6,0,2-Day Shipping,1,1,46,Venmo,Quarterly,4,1,Medium,Veteran,Medium,0.4784,Gold,High_Value_Promo_Dependent,65+,1,1,2,0.3909,Developing,0.2634,Transactional
1161,37,Male,Scarf,Accessories,42,North Dakota,S,Blue,Summer,3.2,0,Next Day Air,1,1,9,Venmo,Fortnightly,26,1,Medium,New,Low,0.3164,Silver,Low_Value_Promo_Dependent,35-44,1,0,2,0.2614,Transactional,0.1668,Transactional
1162,63,Male,Shorts,Clothing,52,Oklahoma,S,Orange,Fall,3.1,0,2-Day Shipping,1,1,37,PayPal,Monthly,12,1,Medium,Established,Medium,0.4602,Gold,High_Value_Promo_Dependent,55-64,1,1,2,0.3802,Developing,0.184,Transactional
1163,47,Male,Sandals,Footwear,92,North Carolina,M,Blue,Winter,4.2,0,Express,1,1,13,PayPal,Weekly,52,1,High,Growing,High,0.678,Platinum,High_Value_Promo_Dependent,45-54,1,1,1,0.498,Developing,0.463,Developing
1164,26,Male,Pants,Clothing,56,Tennessee,L,White,Summer,3.0,0,2-Day Shipping,1,1,24,Debit Card,Monthly,12,1,Medium,Growing,Medium,0.364,Silver,Low_Value_Promo_Dependent,25-34,1,0,2,0.274,Transactional,0.1825,Transactional
1165,68,Male,Dress,Clothing,96,Montana,M,Green,Winter,4.2,0,Standard,1,1,47,PayPal,Quarterly,4,1,High,Veteran,High,0.589,Gold,High_Value_Promo_Dependent,65+,0,1,1,0.399,Developing,0.4755,Developing
1166,51,Male,T-shirt,Clothing,64,Wisconsin,M,Silver,Winter,2.9,0,Next Day Air,1,1,21,Venmo,Quarterly,4,1,Low,Growing,Medium,0.2968,Silver,Low_Value_Promo_Dependent,45-54,1,0,3,0.1868,Transactional,0.1935,Transactional
1167,48,Male,Dress,Clothing,48,Connecticut,S,Lavender,Winter,3.7,0,Store Pickup,1,1,22,Venmo,Fortnightly,26,1,Medium,Growing,Medium,0.4375,Silver,Low_Value_Promo_Dependent,45-54,0,0,2,0.3675,Developing,0.2555,Transactional
1168,60,Male,Socks,Clothing,83,New Jersey,XL,Beige,Summer,3.6,0,Free Shipping,1,1,16,PayPal,Quarterly,4,1,Medium,Growing,High,0.3035,Silver,Low_Value_Promo_Dependent,55-64,0,0,2,0.146,Transactional,0.3509,Transactional
1169,68,Male,Scarf,Accessories,91,Mississippi,L,Violet,Summer,3.6,0,Standard,1,1,37,Debit Card,Fortnightly,26,1,Medium,Established,High,0.6675,Platinum,High_Value_Promo_Dependent,65+,0,1,2,0.49,Developing,0.3759,Transactional
1170,25,Male,Backpack,Accessories,94,Wyoming,S,Gray,Fall,4.5,0,2-Day Shipping,1,1,3,Cash,Annually,1,1,High,New,High,0.2013,Bronze,Low_Value_Promo_Dependent,25-34,1,0,1,0.0163,Transactional,0.5112,Developing
1171,57,Male,Skirt,Clothing,62,Illinois,S,Red,Spring,3.2,0,Express,1,1,33,Cash,Fortnightly,26,1,Medium,Established,Medium,0.5623,Gold,High_Value_Promo_Dependent,55-64,1,1,2,0.4573,Developing,0.2293,Transactional
1172,41,Male,Socks,Clothing,55,Louisiana,M,Lavender,Spring,3.9,0,Next Day Air,1,1,15,Debit Card,Annually,1,1,Medium,Growing,Medium,0.2018,Bronze,Low_Value_Promo_Dependent,35-44,1,0,2,0.1143,Transactional,0.3054,Transactional
1173,59,Male,Coat,Outerwear,68,Oregon,L,Peach,Spring,4.6,0,Store Pickup,1,1,42,Bank Transfer,Fortnightly,26,1,High,Veteran,Medium,0.6508,Platinum,High_Value_Promo_Dependent,55-64,0,1,1,0.5308,Loyal,0.444,Developing
1174,44,Male,Jewelry,Accessories,76,South Dakota,M,Indigo,Winter,2.5,0,Express,1,1,42,Cash,Fortnightly,26,1,Low,Veteran,High,0.6708,Platinum,High_Value_Promo_Dependent,35-44,1,1,3,0.5308,Loyal,0.175,Transactional
1175,42,Male,Backpack,Accessories,31,Michigan,M,Black,Winter,4.3,0,Express,1,1,19,Bank Transfer,Fortnightly,26,1,High,Growing,Low,0.3705,Silver,Low_Value_Promo_Dependent,35-44,1,0,1,0.343,Transactional,0.2864,Transactional
1176,35,Male,Belt,Accessories,81,New Jersey,M,Beige,Spring,4.1,0,Store Pickup,1,1,26,PayPal,Quarterly,4,1,High,Established,High,0.3801,Silver,Low_Value_Promo_Dependent,35-44,0,0,1,0.2276,Transactional,0.4146,Developing
1177,36,Male,Dress,Clothing,83,Oregon,M,Red,Winter,3.8,0,Free Shipping,1,1,39,PayPal,Quarterly,4,1,Medium,Established,High,0.4912,Gold,High_Value_Promo_Dependent,35-44,0,1,2,0.3337,Transactional,0.3789,Transactional
1178,54,Male,Skirt,Clothing,21,Iowa,M,Black,Spring,4.8,0,Standard,1,1,24,Debit Card,Monthly,12,1,High,Growing,Low,0.2765,Silver,Low_Value_Promo_Dependent,45-54,0,0,1,0.274,Transactional,0.3251,Transactional
1179,37,Male,Dress,Clothing,22,South Carolina,M,Teal,Spring,4.9,0,Express,1,1,23,Debit Card,Annually,1,1,High,Growing,Low,0.1846,Bronze,Low_Value_Promo_Dependent,35-44,1,0,1,0.1796,Transactional,0.3423,Transactional
1180,20,Male,T-shirt,Clothing,33,Indiana,M,Blue,Summer,2.8,0,Free Shipping,1,1,44,Bank Transfer,Annually,1,1,Low,Veteran,Low,0.3835,Silver,Low_Value_Promo_Dependent,18-24,0,0,3,0.351,Developing,0.0826,Transactional
1181,23,Male,Skirt,Clothing,23,Oregon,S,Beige,Spring,4.9,0,Standard,1,1,34,Cash,Monthly,12,1,High,Established,Low,0.3632,Silver,Low_Value_Promo_Dependent,18-24,0,0,1,0.3557,Developing,0.3454,Transactional
1182,61,Male,Shorts,Clothing,96,New York,L,Teal,Summer,3.5,0,Free Shipping,1,1,43,Bank Transfer,Quarterly,4,1,Medium,Veteran,High,0.5564,Gold,High_Value_Promo_Dependent,55-64,0,1,2,0.3664,Developing,0.3775,Transactional
1183,37,Male,Jewelry,Accessories,21,New Mexico,M,Maroon,Spring,3.8,0,Express,1,1,45,PayPal,Quarterly,4,1,Medium,Veteran,Low,0.3852,Silver,Low_Value_Promo_Dependent,35-44,1,0,2,0.3827,Developing,0.1851,Transactional
1184,23,Male,Pants,Clothing,39,Louisiana,M,Yellow,Spring,4.5,0,2-Day Shipping,1,1,4,Credit Card,Weekly,52,1,High,New,Low,0.472,Gold,High_Value_Promo_Dependent,18-24,1,1,1,0.4245,Developing,0.3394,Transactional
1185,63,Male,Belt,Accessories,73,South Carolina,S,Indigo,Fall,3.4,0,Express,1,1,19,Credit Card,Annually,1,1,Medium,Growing,High,0.2794,Silver,Low_Value_Promo_Dependent,55-64,1,0,2,0.1469,Transactional,0.2916,Transactional
1186,47,Male,Jeans,Clothing,64,Maine,M,Magenta,Spring,3.9,0,Standard,1,1,29,Credit Card,Monthly,12,1,Medium,Established,Medium,0.4248,Silver,Low_Value_Promo_Dependent,45-54,0,0,2,0.3148,Transactional,0.3335,Transactional
1187,63,Male,Jeans,Clothing,68,Indiana,M,Beige,Summer,4.1,0,2-Day Shipping,1,1,27,Credit Card,Annually,1,1,High,Established,Medium,0.3322,Silver,Low_Value_Promo_Dependent,55-64,1,0,1,0.2122,Transactional,0.374,Transactional
1188,56,Male,Hat,Accessories,89,Iowa,L,Maroon,Fall,3.0,0,Express,1,1,37,Credit Card,Quarterly,4,1,Medium,Established,High,0.4899,Gold,High_Value_Promo_Dependent,55-64,1,1,2,0.3174,Transactional,0.2856,Transactional
1189,68,Male,Blouse,Clothing,29,Mississippi,M,Magenta,Summer,3.3,0,Next Day Air,1,1,11,Credit Card,Weekly,52,1,Medium,Growing,Low,0.5041,Gold,High_Value_Promo_Dependent,65+,1,1,2,0.4816,Developing,0.1401,Transactional
1190,64,Male,Shirt,Clothing,97,Arkansas,XL,Teal,Summer,3.8,0,Free Shipping,1,1,28,Debit Card,Annually,1,1,Medium,Established,High,0.4129,Silver,Low_Value_Promo_Dependent,55-64,0,0,2,0.2204,Transactional,0.4226,Developing
1191,62,Male,Shirt,Clothing,45,South Carolina,M,Orange,Winter,4.3,0,Next Day Air,1,1,31,Credit Card,Weekly,52,1,High,Established,Medium,0.7074,Platinum,High_Value_Promo_Dependent,55-64,1,1,1,0.6449,Loyal,0.3301,Transactional
1192,34,Male,T-shirt,Clothing,70,Indiana,L,Charcoal,Winter,4.1,0,Free Shipping,1,1,50,Venmo,Quarterly,4,1,High,Veteran,Medium,0.5485,Gold,High_Value_Promo_Dependent,25-34,0,1,1,0.4235,Developing,0.3802,Transactional
1193,49,Male,Coat,Outerwear,56,Florida,M,Turquoise,Summer,4.0,0,2-Day Shipping,1,1,42,Venmo,Quarterly,4,1,High,Veteran,Medium,0.4482,Silver,Low_Value_Promo_Dependent,45-54,1,0,1,0.3582,Developing,0.3225,Transactional
1194,40,Male,Jacket,Outerwear,55,Alaska,L,Pink,Fall,5.0,0,2-Day Shipping,1,1,18,Credit Card,Fortnightly,26,1,High,Growing,Medium,0.4224,Silver,Low_Value_Promo_Dependent,35-44,1,0,1,0.3349,Transactional,0.4594,Developing
1195,50,Male,Hoodie,Clothing,46,New York,S,Teal,Winter,3.1,0,2-Day Shipping,1,1,6,Credit Card,Fortnightly,26,1,Medium,New,Medium,0.3019,Silver,Low_Value_Promo_Dependent,45-54,1,0,2,0.2369,Transactional,0.1653,Transactional
1196,25,Male,Scarf,Accessories,95,Texas,M,White,Winter,4.0,0,2-Day Shipping,1,1,33,Venmo,Monthly,12,1,High,Established,High,0.535,Gold,High_Value_Promo_Dependent,25-34,1,1,1,0.3475,Developing,0.4444,Developing
1197,30,Male,Belt,Accessories,88,North Dakota,M,Maroon,Winter,3.2,0,2-Day Shipping,1,1,13,Bank Transfer,Fortnightly,26,1,Medium,Growing,High,0.464,Gold,High_Value_Promo_Dependent,25-34,1,1,2,0.294,Transactional,0.3105,Transactional
1198,54,Male,Sneakers,Footwear,92,Vermont,L,Violet,Fall,3.9,0,Standard,1,1,26,PayPal,Annually,1,1,Medium,Established,High,0.3841,Silver,Low_Value_Promo_Dependent,45-54,0,0,2,0.2041,Transactional,0.421,Developing
1199,40,Male,Socks,Clothing,49,New Jersey,M,Brown,Summer,3.9,0,2-Day Shipping,1,1,17,Cash,Annually,1,1,Medium,Growing,Medium,0.2031,Bronze,Low_Value_Promo_Dependent,35-44,1,0,2,0.1306,Transactional,0.2866,Transactional
1200,49,Male,Sandals,Footwear,89,Maryland,M,Indigo,Fall,4.5,0,Free Shipping,1,1,3,Debit Card,Weekly,52,1,High,New,High,0.5888,Gold,High_Value_Promo_Dependent,45-54,0,1,1,0.4163,Developing,0.4956,Developing
1201,27,Male,Coat,Outerwear,22,Connecticut,XL,Black,Winter,4.4,0,Store Pickup,1,1,7,PayPal,Weekly,52,1,High,New,Low,0.454,Gold,High_Value_Promo_Dependent,25-34,0,1,1,0.449,Developing,0.2723,Transactional
1202,27,Male,Shoes,Footwear,61,Illinois,XL,Black,Summer,3.1,0,2-Day Shipping,1,1,46,Venmo,Fortnightly,26,1,Medium,Veteran,Medium,0.6659,Platinum,High_Value_Promo_Dependent,25-34,1,1,2,0.5634,Loyal,0.2121,Transactional
1203,48,Male,Scarf,Accessories,29,Maryland,S,Olive,Spring,2.9,0,Standard,1,1,14,Venmo,Quarterly,4,1,Low,Growing,Low,0.1522,Bronze,Low_Value_Promo_Dependent,45-54,0,0,3,0.1297,Transactional,0.0841,Transactional
1204,40,Male,Sneakers,Footwear,82,Minnesota,M,Orange,Winter,3.7,0,Free Shipping,1,1,23,Bank Transfer,Annually,1,1,Medium,Growing,High,0.3346,Silver,Low_Value_Promo_Dependent,35-44,0,0,2,0.1796,Transactional,0.3618,Transactional
1205,67,Male,Belt,Accessories,94,Florida,M,Pink,Spring,3.2,0,2-Day Shipping,1,1,20,Credit Card,Quarterly,4,1,Medium,Growing,High,0.3636,Silver,Low_Value_Promo_Dependent,65+,1,0,2,0.1786,Transactional,0.3293,Transactional
1206,52,Male,Handbag,Accessories,99,California,M,Olive,Spring,3.5,0,Standard,1,1,38,Bank Transfer,Fortnightly,26,1,Medium,Established,High,0.6956,Platinum,High_Value_Promo_Dependent,45-54,0,1,2,0.4981,Developing,0.3869,Developing
1207,22,Male,Handbag,Accessories,59,Mississippi,S,Cyan,Fall,3.0,0,Free Shipping,1,1,16,Venmo,Quarterly,4,1,Medium,Growing,Medium,0.2435,Bronze,Low_Value_Promo_Dependent,18-24,0,0,2,0.146,Transactional,0.1919,Transactional
1208,62,Male,Boots,Footwear,90,Washington,M,White,Summer,4.1,0,Next Day Air,1,1,48,Credit Card,Quarterly,4,1,High,Veteran,High,0.5822,Gold,High_Value_Promo_Dependent,55-64,1,1,1,0.4072,Developing,0.4428,Developing
1209,20,Male,Boots,Footwear,100,Wisconsin,S,Red,Winter,3.8,0,2-Day Shipping,1,1,8,Debit Card,Annually,1,1,Medium,New,High,0.2571,Silver,Low_Value_Promo_Dependent,18-24,1,0,2,0.0571,Transactional,0.432,Developing
1210,41,Male,Pants,Clothing,62,Pennsylvania,M,Blue,Winter,3.8,0,Next Day Air,1,1,16,Bank Transfer,Monthly,12,1,Medium,Growing,Medium,0.3137,Silver,Low_Value_Promo_Dependent,35-44,1,0,2,0.2087,Transactional,0.3133,Transactional
1211,34,Male,Sunglasses,Accessories,78,Missouri,M,Olive,Fall,4.1,0,Next Day Air,1,1,5,Cash,Quarterly,4,1,High,New,High,0.2012,Bronze,Low_Value_Promo_Dependent,25-34,1,0,1,0.0562,Transactional,0.4052,Developing
1212,23,Male,Hoodie,Clothing,94,Oklahoma,M,Green,Spring,4.6,0,Store Pickup,1,1,14,Venmo,Quarterly,4,1,High,Growing,High,0.3147,Silver,Low_Value_Promo_Dependent,18-24,0,0,1,0.1297,Transactional,0.5252,Loyal
1213,32,Male,Shoes,Footwear,74,Pennsylvania,M,Yellow,Summer,2.5,0,Free Shipping,1,1,18,Credit Card,Weekly,52,1,Low,Growing,High,0.6738,Platinum,High_Value_Promo_Dependent,25-34,0,1,3,0.5388,Loyal,0.1688,Transactional
1214,68,Male,Handbag,Accessories,52,Kentucky,XL,Black,Spring,3.7,0,Express,1,1,14,Debit Card,Quarterly,4,1,Medium,Growing,Medium,0.2097,Bronze,Low_Value_Promo_Dependent,65+,1,0,2,0.1297,Transactional,0.268,Transactional
1215,30,Male,Jacket,Outerwear,81,Vermont,M,Blue,Fall,3.8,0,Free Shipping,1,1,5,Cash,Quarterly,4,1,Medium,New,High,0.2087,Bronze,Low_Value_Promo_Dependent,25-34,0,0,2,0.0562,Transactional,0.3726,Transactional
1216,66,Male,Blouse,Clothing,20,Oregon,L,Pink,Winter,2.6,0,2-Day Shipping,1,1,15,Credit Card,Quarterly,4,1,Low,Growing,Low,0.1378,Bronze,Low_Value_Promo_Dependent,65+,1,0,3,0.1378,Transactional,0.014,Transactional
1217,62,Male,Pants,Clothing,32,Utah,XL,Lavender,Summer,3.7,0,Free Shipping,1,1,3,Venmo,Quarterly,4,1,Medium,New,Low,0.0699,Bronze,Low_Value_Promo_Dependent,55-64,0,0,2,0.0399,Transactional,0.2055,Transactional
1218,50,Male,Boots,Footwear,63,Nebraska,XL,Cyan,Fall,2.6,0,Free Shipping,1,1,12,Cash,Quarterly,4,1,Low,Growing,Medium,0.2208,Bronze,Low_Value_Promo_Dependent,45-54,0,0,3,0.1133,Transactional,0.1484,Transactional
1219,55,Male,Boots,Footwear,79,Pennsylvania,M,Cyan,Spring,3.1,0,Store Pickup,1,1,43,Cash,Quarterly,4,1,Medium,Veteran,High,0.5139,Gold,High_Value_Promo_Dependent,55-64,0,1,2,0.3664,Developing,0.2684,Transactional
1220,19,Male,Sweater,Clothing,23,Vermont,M,Gold,Winter,2.5,0,Next Day Air,1,1,35,Credit Card,Fortnightly,26,1,Low,Established,Low,0.4811,Gold,High_Value_Promo_Dependent,18-24,1,1,3,0.4736,Developing,0.0094,Transactional
1221,67,Male,Gloves,Accessories,64,Kentucky,M,Green,Winter,3.8,0,Express,1,1,36,Bank Transfer,Quarterly,4,1,Medium,Established,Medium,0.4192,Silver,Low_Value_Promo_Dependent,65+,1,0,2,0.3092,Transactional,0.3195,Transactional
1222,18,Male,Socks,Clothing,69,Iowa,M,Red,Winter,4.5,0,Standard,1,1,3,Cash,Quarterly,4,1,High,New,Medium,0.1624,Bronze,Low_Value_Promo_Dependent,18-24,0,0,1,0.0399,Transactional,0.4331,Developing
1223,58,Male,Jeans,Clothing,69,Indiana,L,Magenta,Fall,3.4,0,Store Pickup,1,1,27,Bank Transfer,Annually,1,1,Medium,Established,Medium,0.3347,Silver,Low_Value_Promo_Dependent,55-64,0,0,2,0.2122,Transactional,0.2791,Transactional
1224,69,Male,Pants,Clothing,24,Kansas,L,Red,Winter,3.9,0,Free Shipping,1,1,21,Bank Transfer,Weekly,52,1,Medium,Growing,Low,0.5733,Gold,High_Value_Promo_Dependent,65+,0,1,2,0.5633,Loyal,0.2085,Transactional
1225,62,Male,Shorts,Clothing,50,Illinois,M,Yellow,Summer,3.7,0,Store Pickup,1,1,18,Venmo,Weekly,52,1,Medium,Growing,Medium,0.6138,Gold,High_Value_Promo_Dependent,55-64,0,1,2,0.5388,Loyal,0.2618,Transactional
1226,28,Male,Gloves,Accessories,97,North Carolina,S,Turquoise,Fall,2.6,0,Free Shipping,1,1,16,Debit Card,Weekly,52,1,Low,Growing,High,0.7149,Platinum,High_Value_Promo_Dependent,25-34,0,1,3,0.5224,Developing,0.2546,Transactional
1227,53,Male,Sandals,Footwear,91,Ohio,S,Cyan,Fall,3.4,0,Store Pickup,1,1,18,Venmo,Fortnightly,26,1,Medium,Growing,High,0.5124,Gold,High_Value_Promo_Dependent,45-54,0,1,2,0.3349,Transactional,0.3479,Transactional
1228,27,Male,Blouse,Clothing,37,Illinois,L,Yellow,Spring,4.9,0,Store Pickup,1,1,19,Bank Transfer,Fortnightly,26,1,High,Growing,Low,0.3855,Silver,Low_Value_Promo_Dependent,25-34,0,0,1,0.343,Transactional,0.3891,Developing
1229,55,Male,Jacket,Outerwear,55,Indiana,S,Yellow,Winter,3.9,0,Express,1,1,1,Cash,Annually,1,1,Medium,New,Medium,0.0875,Bronze,Low_Value_Promo_Dependent,55-64,1,0,2,0.0,Transactional,0.3054,Transactional
1230,34,Male,Jewelry,Accessories,52,Kansas,XL,Maroon,Winter,3.6,0,Express,1,1,39,Bank Transfer,Annually,1,1,Medium,Established,Medium,0.3902,Silver,Low_Value_Promo_Dependent,25-34,1,0,2,0.3102,Transactional,0.254,Transactional
1231,25,Male,Hat,Accessories,80,Illinois,L,Brown,Spring,3.8,0,Standard,1,1,49,Venmo,Monthly,12,1,Medium,Veteran,High,0.6281,Gold,High_Value_Promo_Dependent,25-34,0,1,2,0.4781,Developing,0.3695,Transactional
1232,66,Male,Socks,Clothing,79,Pennsylvania,M,Gold,Spring,4.0,0,2-Day Shipping,1,1,43,Credit Card,Fortnightly,26,1,High,Veteran,High,0.6864,Platinum,High_Value_Promo_Dependent,65+,1,1,1,0.5389,Loyal,0.3944,Developing
1233,57,Male,Handbag,Accessories,23,New York,M,Charcoal,Summer,3.6,0,Free Shipping,1,1,31,Debit Card,Quarterly,4,1,Medium,Established,Low,0.2759,Silver,Low_Value_Promo_Dependent,55-64,0,0,2,0.2684,Transactional,0.1634,Transactional
1234,46,Male,Pants,Clothing,73,Utah,L,Beige,Winter,3.5,0,Next Day Air,1,1,40,Venmo,Quarterly,4,1,Medium,Veteran,High,0.4744,Gold,High_Value_Promo_Dependent,45-54,1,1,2,0.3419,Transactional,0.3056,Transactional
1235,38,Male,Gloves,Accessories,99,New Jersey,M,Indigo,Fall,4.1,0,Store Pickup,1,1,2,Bank Transfer,Fortnightly,26,1,High,New,High,0.4017,Silver,Low_Value_Promo_Dependent,35-44,0,0,1,0.2042,Transactional,0.4709,Developing
1236,23,Male,Sweater,Clothing,22,Idaho,M,Red,Spring,3.0,0,Store Pickup,1,1,46,PayPal,Quarterly,4,1,Medium,Veteran,Low,0.3959,Silver,Low_Value_Promo_Dependent,18-24,0,0,2,0.3909,Developing,0.0763,Transactional
1237,42,Male,Hat,Accessories,68,New Mexico,M,White,Summer,4.4,0,Store Pickup,1,1,35,Debit Card,Quarterly,4,1,High,Established,Medium,0.4211,Silver,Low_Value_Promo_Dependent,35-44,0,0,1,0.3011,Transactional,0.416,Developing
1238,25,Male,Dress,Clothing,92,Michigan,S,Charcoal,Spring,4.4,0,2-Day Shipping,1,1,42,Credit Card,Quarterly,4,1,High,Veteran,High,0.5382,Gold,High_Value_Promo_Dependent,25-34,1,1,1,0.3582,Developing,0.491,Developing
1239,55,Male,Pants,Clothing,77,Wyoming,M,Violet,Winter,3.7,0,Express,1,1,3,Venmo,Fortnightly,26,1,Medium,New,High,0.3549,Silver,Low_Value_Promo_Dependent,55-64,1,0,2,0.2124,Transactional,0.3461,Transactional
1240,62,Male,Coat,Outerwear,37,New Jersey,XL,Magenta,Spring,4.8,0,Standard,1,1,32,Debit Card,Quarterly,4,1,High,Established,Low,0.3191,Silver,Low_Value_Promo_Dependent,55-64,0,0,1,0.2766,Transactional,0.3751,Transactional
1241,41,Male,Scarf,Accessories,79,New Jersey,L,White,Winter,2.9,0,Store Pickup,1,1,48,Debit Card,Annually,1,1,Low,Veteran,High,0.5312,Gold,High_Value_Promo_Dependent,35-44,0,1,3,0.3837,Developing,0.2404,Transactional
1242,58,Male,Hoodie,Clothing,51,Hawaii,XL,Pink,Winter,3.1,0,Express,1,1,34,Credit Card,Weekly,52,1,Medium,Established,Medium,0.7469,Platinum,High_Value_Promo_Dependent,55-64,1,1,2,0.6694,Loyal,0.1809,Transactional
1243,56,Male,Socks,Clothing,27,Nevada,M,Lavender,Summer,4.0,0,Next Day Air,1,1,15,Bank Transfer,Quarterly,4,1,High,Growing,Low,0.1553,Bronze,Low_Value_Promo_Dependent,55-64,1,0,1,0.1378,Transactional,0.2319,Transactional
1244,25,Male,Blouse,Clothing,23,New Hampshire,S,Pink,Spring,3.0,0,Store Pickup,1,1,22,Debit Card,Annually,1,1,Medium,Growing,Low,0.1789,Bronze,Low_Value_Promo_Dependent,25-34,0,0,2,0.1714,Transactional,0.0794,Transactional
1245,70,Male,Socks,Clothing,76,Indiana,S,Silver,Summer,3.9,0,2-Day Shipping,1,1,2,Cash,Monthly,12,1,Medium,New,High,0.2344,Bronze,Low_Value_Promo_Dependent,65+,1,0,2,0.0944,Transactional,0.371,Transactional
1246,42,Male,Dress,Clothing,31,New York,M,Violet,Fall,3.4,0,Standard,1,1,30,Bank Transfer,Weekly,52,1,Medium,Established,Low,0.6642,Platinum,High_Value_Promo_Dependent,35-44,0,1,2,0.6367,Loyal,0.1604,Transactional
1247,27,Male,Hoodie,Clothing,60,Louisiana,M,Charcoal,Winter,2.7,0,Standard,1,1,27,Cash,Monthly,12,1,Low,Established,Medium,0.3985,Silver,Low_Value_Promo_Dependent,25-34,0,0,3,0.2985,Transactional,0.153,Transactional
1248,65,Male,T-shirt,Clothing,99,Virginia,M,Charcoal,Spring,3.8,0,Express,1,1,18,Venmo,Fortnightly,26,1,Medium,Growing,High,0.5324,Gold,High_Value_Promo_Dependent,65+,1,1,2,0.3349,Transactional,0.4289,Developing
1249,62,Male,Hat,Accessories,37,Wisconsin,XL,Red,Winter,3.0,0,Free Shipping,1,1,8,Credit Card,Annually,1,1,Medium,New,Low,0.0996,Bronze,Low_Value_Promo_Dependent,55-64,0,0,2,0.0571,Transactional,0.1231,Transactional
1250,62,Male,Boots,Footwear,50,Oregon,M,Peach,Winter,4.5,0,Express,1,1,48,Venmo,Fortnightly,26,1,High,Veteran,Medium,0.6548,Platinum,High_Value_Promo_Dependent,55-64,1,1,1,0.5798,Loyal,0.3737,Transactional
1251,52,Male,Jeans,Clothing,26,New Hampshire,XL,Purple,Winter,4.1,0,Free Shipping,1,1,24,Cash,Monthly,12,1,High,Growing,Low,0.289,Silver,Low_Value_Promo_Dependent,45-54,0,0,1,0.274,Transactional,0.2427,Transactional
1252,56,Male,Shorts,Clothing,86,Indiana,XL,Orange,Spring,5.0,0,Next Day Air,1,1,43,Credit Card,Monthly,12,1,High,Veteran,High,0.5941,Gold,High_Value_Promo_Dependent,55-64,1,1,1,0.4291,Developing,0.5562,Loyal
1253,28,Male,Sandals,Footwear,41,Massachusetts,L,Magenta,Fall,4.0,0,Standard,1,1,8,Cash,Quarterly,4,1,High,New,Low,0.1332,Bronze,Low_Value_Promo_Dependent,25-34,0,0,1,0.0807,Transactional,0.2756,Transactional
1254,39,Male,Sandals,Footwear,23,Montana,XL,Red,Winter,4.9,0,Express,1,1,49,PayPal,Annually,1,1,High,Veteran,Low,0.3993,Silver,Low_Value_Promo_Dependent,35-44,1,0,1,0.3918,Developing,0.3454,Transactional
1255,54,Male,Sneakers,Footwear,56,California,XL,Black,Spring,3.3,0,2-Day Shipping,1,1,2,Credit Card,Fortnightly,26,1,Medium,New,Medium,0.2942,Silver,Low_Value_Promo_Dependent,45-54,1,0,2,0.2042,Transactional,0.2245,Transactional
1256,30,Male,Hat,Accessories,68,Indiana,M,Peach,Fall,4.1,0,Standard,1,1,38,Cash,Fortnightly,26,1,High,Established,Medium,0.6181,Gold,High_Value_Promo_Dependent,25-34,0,1,1,0.4981,Developing,0.374,Transactional
1257,45,Male,Coat,Outerwear,48,West Virginia,S,Olive,Winter,3.6,0,Express,1,1,4,Cash,Fortnightly,26,1,Medium,New,Medium,0.2906,Silver,Low_Value_Promo_Dependent,45-54,1,0,2,0.2206,Transactional,0.2415,Transactional
1258,68,Male,Dress,Clothing,67,Minnesota,L,Gold,Spring,3.0,0,Free Shipping,1,1,31,Cash,Quarterly,4,1,Medium,Established,Medium,0.3859,Silver,Low_Value_Promo_Dependent,65+,0,0,2,0.2684,Transactional,0.2169,Transactional
1259,47,Male,Boots,Footwear,87,Ohio,XL,Gold,Spring,4.1,0,2-Day Shipping,1,1,34,Debit Card,Quarterly,4,1,High,Established,High,0.4604,Gold,High_Value_Promo_Dependent,45-54,1,1,1,0.2929,Transactional,0.4334,Developing
1260,68,Male,Skirt,Clothing,64,Minnesota,M,Turquoise,Fall,3.9,0,Standard,1,1,45,Credit Card,Monthly,12,1,Medium,Veteran,Medium,0.5555,Gold,High_Value_Promo_Dependent,65+,0,1,2,0.4455,Developing,0.3335,Transactional
1261,63,Male,Shirt,Clothing,93,Virginia,XL,Green,Spring,4.1,0,Store Pickup,1,1,30,Debit Card,Quarterly,4,1,High,Established,High,0.4428,Silver,Low_Value_Promo_Dependent,55-64,0,0,1,0.2603,Transactional,0.4521,Developing
1262,20,Male,Shirt,Clothing,29,Connecticut,L,Maroon,Summer,2.8,0,Next Day Air,1,1,2,Credit Card,Fortnightly,26,1,Low,New,Low,0.2267,Bronze,Low_Value_Promo_Dependent,18-24,1,0,3,0.2042,Transactional,0.0701,Transactional
1263,29,Male,Boots,Footwear,62,Tennessee,L,Brown,Winter,4.8,0,Store Pickup,1,1,44,Venmo,Monthly,12,1,High,Veteran,Medium,0.5423,Gold,High_Value_Promo_Dependent,25-34,0,1,1,0.4373,Developing,0.4532,Developing
1264,41,Male,Hoodie,Clothing,70,Delaware,L,Brown,Winter,4.6,0,2-Day Shipping,1,1,1,Credit Card,Fortnightly,26,1,High,New,Medium,0.3211,Silver,Low_Value_Promo_Dependent,35-44,1,0,1,0.1961,Transactional,0.4502,Developing
1265,52,Male,Sweater,Clothing,92,Vermont,S,Blue,Winter,2.5,0,Next Day Air,1,1,1,Venmo,Fortnightly,26,1,Low,New,High,0.3761,Silver,Low_Value_Promo_Dependent,45-54,1,0,3,0.1961,Transactional,0.225,Transactional
1266,32,Male,Shirt,Clothing,79,Louisiana,M,Lavender,Spring,2.7,0,Next Day Air,1,1,27,Bank Transfer,Weekly,52,1,Low,Established,High,0.7597,Platinum,High_Value_Promo_Dependent,25-34,1,1,3,0.6122,Loyal,0.2124,Transactional
1267,20,Male,Blouse,Clothing,31,North Dakota,M,Peach,Fall,4.0,0,Standard,1,1,14,Debit Card,Quarterly,4,1,High,Growing,Low,0.1572,Bronze,Low_Value_Promo_Dependent,18-24,0,0,1,0.1297,Transactional,0.2444,Transactional
1268,47,Male,T-shirt,Clothing,83,Oregon,S,Gray,Spring,2.7,0,Standard,1,1,41,Cash,Weekly,52,1,Low,Veteran,High,0.884,Platinum,High_Value_Promo_Dependent,45-54,0,1,3,0.7265,Loyal,0.2249,Transactional
1269,23,Male,Jacket,Outerwear,88,Idaho,XL,Charcoal,Winter,2.9,0,Next Day Air,1,1,25,Debit Card,Fortnightly,26,1,Low,Established,High,0.562,Gold,High_Value_Promo_Dependent,18-24,1,1,3,0.392,Developing,0.2685,Transactional
1270,43,Male,Jewelry,Accessories,53,Vermont,M,Lavender,Spring,3.0,0,Standard,1,1,47,PayPal,Quarterly,4,1,Medium,Veteran,Medium,0.4815,Gold,High_Value_Promo_Dependent,35-44,0,1,2,0.399,Developing,0.1731,Transactional
1271,67,Male,Hoodie,Clothing,98,West Virginia,M,Green,Fall,3.3,0,Standard,1,1,20,Cash,Annually,1,1,Medium,Growing,High,0.3501,Silver,Low_Value_Promo_Dependent,65+,0,0,2,0.1551,Transactional,0.3558,Transactional
1272,70,Male,Jewelry,Accessories,57,Kentucky,S,Gray,Spring,4.3,0,Store Pickup,1,1,42,PayPal,Annually,1,1,High,Veteran,Medium,0.4272,Silver,Low_Value_Promo_Dependent,65+,0,0,1,0.3347,Transactional,0.3676,Transactional
1273,35,Male,Sandals,Footwear,80,Wisconsin,M,Orange,Winter,4.4,0,Express,1,1,16,Bank Transfer,Monthly,12,1,High,Growing,High,0.3587,Silver,Low_Value_Promo_Dependent,35-44,1,0,1,0.2087,Transactional,0.4535,Developing
1274,41,Male,Jeans,Clothing,29,Mississippi,L,Silver,Spring,4.1,0,Next Day Air,1,1,32,Credit Card,Quarterly,4,1,High,Established,Low,0.2991,Silver,Low_Value_Promo_Dependent,35-44,1,0,1,0.2766,Transactional,0.2521,Transactional
1275,54,Male,Hat,Accessories,73,Missouri,M,Olive,Spring,3.1,0,2-Day Shipping,1,1,37,PayPal,Quarterly,4,1,Medium,Established,High,0.4499,Silver,Low_Value_Promo_Dependent,45-54,1,0,2,0.3174,Transactional,0.2496,Transactional
1276,55,Male,Sweater,Clothing,32,Arkansas,S,Turquoise,Fall,4.5,0,Standard,1,1,1,PayPal,Monthly,12,1,High,New,Low,0.1163,Bronze,Low_Value_Promo_Dependent,55-64,0,0,1,0.0863,Transactional,0.3175,Transactional
1277,51,Male,Boots,Footwear,68,Wyoming,L,Turquoise,Spring,4.8,0,Next Day Air,1,1,37,Bank Transfer,Weekly,52,1,High,Established,Medium,0.8139,Platinum,High_Value_Promo_Dependent,45-54,1,1,1,0.6939,Loyal,0.472,Developing
1278,19,Male,Blouse,Clothing,97,Rhode Island,L,Green,Spring,5.0,0,Express,1,1,5,Venmo,Quarterly,4,1,High,New,High,0.2487,Bronze,Low_Value_Promo_Dependent,18-24,1,0,1,0.0562,Transactional,0.5906,Loyal
1279,28,Male,Shorts,Clothing,98,Utah,M,Violet,Fall,2.8,0,Next Day Air,1,1,31,Venmo,Fortnightly,26,1,Low,Established,High,0.636,Gold,High_Value_Promo_Dependent,25-34,1,1,3,0.441,Developing,0.2857,Transactional
1280,63,Male,Hoodie,Clothing,56,Maryland,L,Charcoal,Fall,3.7,0,Express,1,1,18,Debit Card,Annually,1,1,Medium,Growing,Medium,0.2288,Bronze,Low_Value_Promo_Dependent,55-64,1,0,2,0.1388,Transactional,0.2805,Transactional
1281,30,Male,Pants,Clothing,78,Georgia,L,White,Winter,4.4,0,2-Day Shipping,1,1,39,Venmo,Quarterly,4,1,High,Established,High,0.4787,Gold,High_Value_Promo_Dependent,25-34,1,1,1,0.3337,Transactional,0.4473,Developing
1282,29,Male,Belt,Accessories,81,New Jersey,M,Olive,Spring,4.5,0,Store Pickup,1,1,8,Venmo,Fortnightly,26,1,High,New,High,0.4057,Silver,Low_Value_Promo_Dependent,25-34,0,0,1,0.2532,Transactional,0.4706,Developing
1283,24,Male,Shirt,Clothing,68,New Hampshire,L,Violet,Winter,3.0,0,Free Shipping,1,1,20,Venmo,Monthly,12,1,Medium,Growing,Medium,0.3614,Silver,Low_Value_Promo_Dependent,18-24,0,0,2,0.2414,Transactional,0.22,Transactional
1284,69,Male,Shirt,Clothing,94,Oregon,M,Violet,Winter,3.9,0,2-Day Shipping,1,1,23,Debit Card,Quarterly,4,1,Medium,Growing,High,0.3881,Silver,Low_Value_Promo_Dependent,65+,1,0,2,0.2031,Transactional,0.4272,Developing
1285,65,Male,Dress,Clothing,93,Arkansas,M,Black,Spring,3.9,0,Express,1,1,38,PayPal,Fortnightly,26,1,Medium,Established,High,0.6806,Platinum,High_Value_Promo_Dependent,65+,1,1,2,0.4981,Developing,0.4241,Developing
1286,64,Male,Gloves,Accessories,99,North Carolina,M,Charcoal,Fall,3.5,0,Next Day Air,1,1,45,Bank Transfer,Fortnightly,26,1,Medium,Veteran,High,0.7528,Platinum,High_Value_Promo_Dependent,55-64,1,1,2,0.5553,Loyal,0.3869,Developing
1287,40,Male,Gloves,Accessories,49,West Virginia,L,Yellow,Winter,4.9,0,Next Day Air,1,1,44,Debit Card,Fortnightly,26,1,High,Veteran,Medium,0.6196,Gold,High_Value_Promo_Dependent,35-44,1,1,1,0.5471,Loyal,0.4266,Developing
1288,24,Male,Jeans,Clothing,28,Utah,XL,Blue,Winter,3.4,0,Standard,1,1,20,PayPal,Monthly,12,1,Medium,Growing,Low,0.2614,Silver,Low_Value_Promo_Dependent,18-24,0,0,2,0.2414,Transactional,0.151,Transactional
1289,66,Male,Belt,Accessories,93,South Dakota,XL,Charcoal,Winter,4.1,0,Standard,1,1,34,PayPal,Fortnightly,26,1,High,Established,High,0.648,Gold,High_Value_Promo_Dependent,65+,0,1,1,0.4655,Developing,0.4521,Developing
1290,35,Male,Jacket,Outerwear,24,New Hampshire,M,Red,Fall,2.9,0,Next Day Air,1,1,10,PayPal,Weekly,52,1,Low,Growing,Low,0.4835,Gold,High_Value_Promo_Dependent,35-44,1,1,3,0.4735,Developing,0.0685,Transactional
1291,67,Male,Skirt,Clothing,35,Maryland,M,Indigo,Spring,3.4,0,Free Shipping,1,1,3,PayPal,Annually,1,1,Medium,New,Low,0.0538,Bronze,Low_Value_Promo_Dependent,65+,0,0,2,0.0163,Transactional,0.1729,Transactional
1292,69,Male,Sandals,Footwear,68,South Dakota,S,Beige,Spring,3.2,0,2-Day Shipping,1,1,23,Debit Card,Fortnightly,26,1,Medium,Growing,Medium,0.4957,Gold,High_Value_Promo_Dependent,65+,1,1,2,0.3757,Developing,0.248,Transactional
1293,26,Male,Belt,Accessories,61,Kentucky,M,Maroon,Summer,3.8,0,Free Shipping,1,1,42,Bank Transfer,Annually,1,1,Medium,Veteran,Medium,0.4372,Silver,Low_Value_Promo_Dependent,25-34,0,0,2,0.3347,Transactional,0.3101,Transactional
1294,23,Male,Sweater,Clothing,74,Florida,XL,Yellow,Fall,4.1,0,Standard,1,1,30,Debit Card,Annually,1,1,High,Established,High,0.3717,Silver,Low_Value_Promo_Dependent,18-24,0,0,1,0.2367,Transactional,0.3927,Developing
1295,27,Male,Shirt,Clothing,64,Texas,M,Silver,Summer,4.5,0,Standard,1,1,21,Cash,Quarterly,4,1,High,Growing,Medium,0.2968,Silver,Low_Value_Promo_Dependent,25-34,0,0,1,0.1868,Transactional,0.4175,Developing
1296,30,Male,Sneakers,Footwear,60,New Mexico,M,Olive,Fall,2.8,0,Standard,1,1,50,PayPal,Weekly,52,1,Low,Veteran,Medium,0.9,Platinum,High_Value_Promo_Dependent,25-34,0,1,3,0.8,Loyal,0.167,Transactional
1297,48,Male,Jeans,Clothing,29,South Dakota,S,Teal,Spring,2.8,0,Express,1,1,16,Cash,Fortnightly,26,1,Low,Growing,Low,0.341,Silver,Low_Value_Promo_Dependent,45-54,1,0,3,0.3185,Transactional,0.0701,Transactional
1298,44,Male,Sandals,Footwear,85,New Jersey,M,Silver,Summer,4.6,0,Standard,1,1,32,Venmo,Annually,1,1,High,Established,High,0.4156,Silver,Low_Value_Promo_Dependent,35-44,0,0,1,0.2531,Transactional,0.4971,Developing
1299,29,Male,Pants,Clothing,81,Indiana,S,Indigo,Summer,3.0,0,Free Shipping,1,1,14,Bank Transfer,Fortnightly,26,1,Medium,Growing,High,0.4547,Gold,High_Value_Promo_Dependent,25-34,0,1,2,0.3022,Transactional,0.2606,Transactional
1300,29,Male,Belt,Accessories,23,Louisiana,L,Teal,Fall,3.6,0,2-Day Shipping,1,1,42,Venmo,Fortnightly,26,1,Medium,Veteran,Low,0.5383,Gold,High_Value_Promo_Dependent,25-34,1,1,2,0.5308,Loyal,0.1634,Transactional
1301,67,Male,T-shirt,Clothing,100,West Virginia,M,Charcoal,Spring,4.5,0,Next Day Air,1,1,47,Credit Card,Quarterly,4,1,High,Veteran,High,0.599,Gold,High_Value_Promo_Dependent,65+,1,1,1,0.399,Developing,0.53,Loyal
1302,42,Male,Shirt,Clothing,54,Maine,M,Orange,Fall,5.0,0,Express,1,1,21,Debit Card,Weekly,52,1,High,Growing,Medium,0.6483,Gold,High_Value_Promo_Dependent,35-44,1,1,1,0.5633,Loyal,0.4562,Developing
1303,23,Male,Sneakers,Footwear,25,Idaho,M,Gold,Fall,2.9,0,Next Day Air,1,1,37,Credit Card,Monthly,12,1,Low,Established,Low,0.3927,Silver,Low_Value_Promo_Dependent,18-24,1,0,3,0.3802,Developing,0.0716,Transactional
1304,34,Male,Blouse,Clothing,32,New York,L,Silver,Summer,3.1,0,Next Day Air,1,1,10,Credit Card,Annually,1,1,Medium,Growing,Low,0.1035,Bronze,Low_Value_Promo_Dependent,25-34,1,0,2,0.0735,Transactional,0.1215,Transactional
1305,64,Male,Backpack,Accessories,63,Montana,S,Orange,Spring,4.0,0,2-Day Shipping,1,1,18,PayPal,Quarterly,4,1,High,Growing,Medium,0.2698,Silver,Low_Value_Promo_Dependent,55-64,1,0,1,0.1623,Transactional,0.3444,Transactional
1306,31,Male,Pants,Clothing,56,Mississippi,XL,Peach,Spring,4.5,0,Express,1,1,2,PayPal,Quarterly,4,1,High,New,Medium,0.1217,Bronze,Low_Value_Promo_Dependent,25-34,1,0,1,0.0317,Transactional,0.3925,Developing
1307,54,Male,Sweater,Clothing,33,Alaska,L,Brown,Winter,4.5,0,Next Day Air,1,1,40,PayPal,Annually,1,1,High,Veteran,Low,0.3509,Silver,Low_Value_Promo_Dependent,45-54,1,0,1,0.3184,Transactional,0.3206,Transactional
1308,23,Male,Coat,Outerwear,32,Missouri,L,Black,Summer,3.1,0,Express,1,1,43,PayPal,Annually,1,1,Medium,Veteran,Low,0.3729,Silver,Low_Value_Promo_Dependent,18-24,1,0,2,0.3429,Transactional,0.1215,Transactional
1309,59,Male,Dress,Clothing,38,Rhode Island,L,Red,Summer,4.4,0,Next Day Air,1,1,14,Credit Card,Quarterly,4,1,High,Growing,Low,0.1747,Bronze,Low_Value_Promo_Dependent,55-64,1,0,1,0.1297,Transactional,0.3223,Transactional
1310,32,Male,Blouse,Clothing,21,Hawaii,L,Lavender,Summer,4.7,0,Store Pickup,1,1,41,Cash,Quarterly,4,1,High,Veteran,Low,0.3526,Silver,Low_Value_Promo_Dependent,25-34,0,0,1,0.3501,Developing,0.3111,Transactional
1311,43,Male,Hoodie,Clothing,59,South Carolina,L,Brown,Winter,3.1,0,Store Pickup,1,1,38,Credit Card,Quarterly,4,1,Medium,Established,Medium,0.4231,Silver,Low_Value_Promo_Dependent,35-44,0,0,2,0.3256,Transactional,0.2059,Transactional
1312,32,Male,Shoes,Footwear,87,Tennessee,M,Maroon,Fall,4.2,0,Express,1,1,12,Venmo,Annually,1,1,High,Growing,High,0.2573,Silver,Low_Value_Promo_Dependent,25-34,1,0,1,0.0898,Transactional,0.4474,Developing
1313,66,Male,T-shirt,Clothing,79,Missouri,M,Violet,Winter,3.0,0,Store Pickup,1,1,19,Bank Transfer,Monthly,12,1,Medium,Growing,High,0.3807,Silver,Low_Value_Promo_Dependent,65+,0,0,2,0.2332,Transactional,0.2544,Transactional
1314,70,Male,Shoes,Footwear,28,Missouri,M,Lavender,Summer,3.8,0,Free Shipping,1,1,23,Credit Card,Fortnightly,26,1,Medium,Growing,Low,0.3957,Silver,Low_Value_Promo_Dependent,65+,0,0,2,0.3757,Developing,0.207,Transactional
1315,42,Male,Boots,Footwear,67,Missouri,S,Magenta,Summer,3.4,0,Free Shipping,1,1,49,Debit Card,Annually,1,1,Medium,Veteran,Medium,0.5093,Gold,High_Value_Promo_Dependent,35-44,0,1,2,0.3918,Developing,0.2729,Transactional
1316,56,Male,Shorts,Clothing,75,Mississippi,L,Green,Spring,4.2,0,2-Day Shipping,1,1,29,Debit Card,Quarterly,4,1,High,Established,High,0.3896,Silver,Low_Value_Promo_Dependent,55-64,1,0,1,0.2521,Transactional,0.4099,Developing
1317,28,Male,Belt,Accessories,32,Arkansas,S,Lavender,Spring,4.6,0,Standard,1,1,14,Debit Card,Fortnightly,26,1,High,Growing,Low,0.3322,Silver,Low_Value_Promo_Dependent,25-34,0,0,1,0.3022,Transactional,0.3315,Transactional
1318,28,Male,Pants,Clothing,43,Kentucky,M,Green,Spring,2.8,0,Free Shipping,1,1,19,Cash,Monthly,12,1,Low,Growing,Low,0.2907,Silver,Low_Value_Promo_Dependent,25-34,0,0,3,0.2332,Transactional,0.1139,Transactional
1319,52,Male,Shorts,Clothing,93,Connecticut,M,Maroon,Spring,2.7,0,Express,1,1,19,Credit Card,Fortnightly,26,1,Low,Growing,High,0.5255,Gold,High_Value_Promo_Dependent,45-54,1,1,3,0.343,Transactional,0.2561,Transactional
1320,65,Male,Sunglasses,Accessories,24,Oklahoma,M,Magenta,Spring,4.0,0,Standard,1,1,48,Bank Transfer,Weekly,52,1,High,Veteran,Low,0.7937,Platinum,High_Value_Promo_Dependent,65+,0,1,1,0.7837,Loyal,0.2225,Transactional
1321,56,Male,Hat,Accessories,31,California,XL,Teal,Fall,3.1,0,Free Shipping,1,1,19,Debit Card,Annually,1,1,Medium,Growing,Low,0.1744,Bronze,Low_Value_Promo_Dependent,55-64,0,0,2,0.1469,Transactional,0.1184,Transactional
1322,59,Male,T-shirt,Clothing,84,Missouri,L,Orange,Winter,3.7,0,Express,1,1,45,Bank Transfer,Quarterly,4,1,Medium,Veteran,High,0.5427,Gold,High_Value_Promo_Dependent,55-64,1,1,2,0.3827,Developing,0.368,Transactional
1323,23,Male,Pants,Clothing,74,Washington,M,Violet,Winter,4.0,0,Next Day Air,1,1,17,Bank Transfer,Quarterly,4,1,High,Growing,High,0.2891,Silver,Low_Value_Promo_Dependent,18-24,1,0,1,0.1541,Transactional,0.3788,Transactional
1324,58,Male,Shorts,Clothing,62,New York,M,Yellow,Spring,4.6,0,Standard,1,1,15,Debit Card,Quarterly,4,1,High,Growing,Medium,0.2428,Bronze,Low_Value_Promo_Dependent,55-64,0,0,1,0.1378,Transactional,0.4252,Developing
1325,39,Male,Jewelry,Accessories,77,Indiana,S,Orange,Summer,3.8,0,Free Shipping,1,1,11,Credit Card,Fortnightly,26,1,Medium,Growing,High,0.4202,Silver,Low_Value_Promo_Dependent,35-44,0,0,2,0.2777,Transactional,0.3601,Transactional
1326,28,Male,Backpack,Accessories,73,Oregon,L,Gold,Summer,3.5,0,Express,1,1,1,Cash,Monthly,12,1,Medium,New,High,0.2188,Bronze,Low_Value_Promo_Dependent,25-34,1,0,2,0.0863,Transactional,0.3056,Transactional
1327,40,Male,Shoes,Footwear,50,Texas,M,Indigo,Spring,3.8,0,Free Shipping,1,1,17,Cash,Monthly,12,1,Medium,Growing,Medium,0.2919,Silver,Low_Value_Promo_Dependent,35-44,0,0,2,0.2169,Transactional,0.2758,Transactional
1328,52,Male,Coat,Outerwear,40,Florida,M,Turquoise,Winter,2.8,0,Standard,1,1,37,Cash,Weekly,52,1,Low,Established,Low,0.7439,Platinum,High_Value_Promo_Dependent,45-54,0,1,3,0.6939,Loyal,0.1045,Transactional
1329,37,Male,Sweater,Clothing,97,Rhode Island,M,Orange,Winter,3.7,0,Standard,1,1,40,Bank Transfer,Weekly,52,1,Medium,Veteran,High,0.9109,Platinum,High_Value_Promo_Dependent,35-44,0,1,2,0.7184,Loyal,0.4086,Developing
1330,70,Male,Gloves,Accessories,63,Texas,M,Indigo,Fall,3.3,0,Express,1,1,50,PayPal,Quarterly,4,1,Medium,Veteran,Medium,0.531,Gold,High_Value_Promo_Dependent,65+,1,1,2,0.4235,Developing,0.2464,Transactional
1331,30,Male,Handbag,Accessories,65,Vermont,M,Charcoal,Fall,2.9,0,Standard,1,1,20,PayPal,Fortnightly,26,1,Low,Growing,Medium,0.4637,Gold,High_Value_Promo_Dependent,25-34,0,1,3,0.3512,Developing,0.1966,Transactional
1332,38,Male,Socks,Clothing,91,Maryland,M,Lavender,Spring,3.2,0,Standard,1,1,8,PayPal,Fortnightly,26,1,Medium,New,High,0.4307,Silver,Low_Value_Promo_Dependent,35-44,0,0,2,0.2532,Transactional,0.3199,Transactional
1333,66,Male,Hoodie,Clothing,60,Alaska,S,Gold,Spring,4.3,0,Store Pickup,1,1,16,Bank Transfer,Quarterly,4,1,High,Growing,Medium,0.246,Bronze,Low_Value_Promo_Dependent,65+,0,0,1,0.146,Transactional,0.377,Transactional
1334,29,Male,Pants,Clothing,69,Idaho,M,Lavender,Winter,2.7,0,Next Day Air,1,1,9,Bank Transfer,Quarterly,4,1,Low,New,Medium,0.2113,Bronze,Low_Value_Promo_Dependent,25-34,1,0,3,0.0888,Transactional,0.1811,Transactional
1335,46,Male,Coat,Outerwear,52,West Virginia,S,White,Spring,3.8,0,Store Pickup,1,1,12,Venmo,Monthly,12,1,Medium,Growing,Medium,0.2561,Silver,Low_Value_Promo_Dependent,45-54,0,0,2,0.1761,Transactional,0.282,Transactional
1336,56,Male,Boots,Footwear,49,Nevada,M,Lavender,Fall,4.8,0,2-Day Shipping,1,1,26,Credit Card,Weekly,52,1,High,Established,Medium,0.6766,Platinum,High_Value_Promo_Dependent,55-64,1,1,1,0.6041,Loyal,0.4126,Developing
1337,23,Male,Sneakers,Footwear,85,Oregon,M,Charcoal,Spring,4.8,0,Store Pickup,1,1,44,Debit Card,Fortnightly,26,1,High,Veteran,High,0.7096,Platinum,High_Value_Promo_Dependent,18-24,0,1,1,0.5471,Loyal,0.5251,Loyal
1338,37,Male,Sweater,Clothing,86,Tennessee,L,Silver,Spring,3.4,0,Express,1,1,19,Credit Card,Fortnightly,26,1,Medium,Growing,High,0.508,Gold,High_Value_Promo_Dependent,35-44,1,1,2,0.343,Transactional,0.3323,Transactional
1339,56,Male,Handbag,Accessories,51,Alabama,S,Yellow,Winter,2.6,0,Standard,1,1,43,PayPal,Fortnightly,26,1,Low,Veteran,Medium,0.6164,Gold,High_Value_Promo_Dependent,55-64,0,1,3,0.5389,Loyal,0.1109,Transactional
1340,36,Male,Belt,Accessories,56,Indiana,L,Olive,Winter,5.0,0,Next Day Air,1,1,5,Bank Transfer,Quarterly,4,1,High,New,Medium,0.1462,Bronze,Low_Value_Promo_Dependent,35-44,1,0,1,0.0562,Transactional,0.4625,Developing
1341,40,Male,Belt,Accessories,72,Idaho,M,Peach,Fall,4.4,0,Next Day Air,1,1,5,Debit Card,Quarterly,4,1,High,New,Medium,0.1862,Bronze,Low_Value_Promo_Dependent,35-44,1,0,1,0.0562,Transactional,0.4285,Developing
1342,26,Male,Hoodie,Clothing,27,Rhode Island,XL,Yellow,Fall,3.8,0,Standard,1,1,31,Bank Transfer,Quarterly,4,1,Medium,Established,Low,0.2859,Silver,Low_Value_Promo_Dependent,25-34,0,0,2,0.2684,Transactional,0.2039,Transactional
1343,57,Male,Sunglasses,Accessories,43,Arizona,XL,Yellow,Summer,3.4,0,2-Day Shipping,1,1,11,Bank Transfer,Monthly,12,1,Medium,Growing,Low,0.2254,Bronze,Low_Value_Promo_Dependent,55-64,1,0,2,0.1679,Transactional,0.1979,Transactional
1344,68,Male,Sneakers,Footwear,56,Florida,M,Indigo,Spring,3.4,0,Standard,1,1,34,Bank Transfer,Monthly,12,1,Medium,Established,Medium,0.4457,Silver,Low_Value_Promo_Dependent,65+,0,0,2,0.3557,Developing,0.2385,Transactional
1345,56,Male,T-shirt,Clothing,37,New York,S,Violet,Fall,4.9,0,Next Day Air,1,1,14,Cash,Annually,1,1,High,Growing,Low,0.1486,Bronze,Low_Value_Promo_Dependent,55-64,1,0,1,0.1061,Transactional,0.3891,Developing
1346,40,Male,Dress,Clothing,21,Nebraska,M,White,Fall,3.6,0,Standard,1,1,42,Venmo,Weekly,52,1,Medium,Veteran,Low,0.7372,Platinum,High_Value_Promo_Dependent,35-44,0,1,2,0.7347,Loyal,0.1571,Transactional
1347,44,Male,Hoodie,Clothing,91,Mississippi,L,White,Winter,3.0,0,Free Shipping,1,1,15,Venmo,Fortnightly,26,1,Medium,Growing,High,0.4879,Gold,High_Value_Promo_Dependent,35-44,0,1,2,0.3104,Transactional,0.2919,Transactional
1348,44,Male,Sweater,Clothing,95,Vermont,M,Cyan,Summer,3.9,0,2-Day Shipping,1,1,47,Bank Transfer,Monthly,12,1,Medium,Veteran,High,0.6493,Gold,High_Value_Promo_Dependent,35-44,1,1,2,0.4618,Developing,0.4304,Developing
1349,19,Male,Belt,Accessories,54,Nebraska,XL,Purple,Spring,3.2,0,Standard,1,1,23,Credit Card,Fortnightly,26,1,Medium,Growing,Medium,0.4607,Gold,High_Value_Promo_Dependent,18-24,0,1,2,0.3757,Developing,0.2043,Transactional
1350,21,Male,Socks,Clothing,36,South Carolina,XL,Black,Spring,3.2,0,Next Day Air,1,1,23,Cash,Fortnightly,26,1,Medium,Growing,Low,0.4157,Silver,Low_Value_Promo_Dependent,18-24,1,0,2,0.3757,Developing,0.148,Transactional
1351,31,Male,Sunglasses,Accessories,71,Delaware,M,Orange,Fall,4.3,0,Next Day Air,1,1,1,Cash,Quarterly,4,1,High,New,Medium,0.151,Bronze,Low_Value_Promo_Dependent,25-34,1,0,1,0.0235,Transactional,0.4114,Developing
1352,30,Male,Coat,Outerwear,31,Vermont,L,Maroon,Summer,2.8,0,2-Day Shipping,1,1,28,Bank Transfer,Quarterly,4,1,Low,Established,Low,0.2714,Silver,Low_Value_Promo_Dependent,25-34,1,0,3,0.2439,Transactional,0.0764,Transactional
1353,65,Male,Hat,Accessories,89,Indiana,XL,Orange,Spring,4.5,0,Next Day Air,1,1,37,Credit Card,Fortnightly,26,1,High,Established,High,0.6625,Platinum,High_Value_Promo_Dependent,65+,1,1,1,0.49,Developing,0.4956,Developing
1354,39,Male,Pants,Clothing,83,Oregon,M,Teal,Winter,4.1,0,Next Day Air,1,1,4,Cash,Quarterly,4,1,High,New,High,0.2055,Bronze,Low_Value_Promo_Dependent,35-44,1,0,1,0.048,Transactional,0.4209,Developing
1355,64,Male,Backpack,Accessories,42,Maryland,M,Gray,Spring,3.6,0,2-Day Shipping,1,1,21,Bank Transfer,Quarterly,4,1,Medium,Growing,Low,0.2418,Bronze,Low_Value_Promo_Dependent,55-64,1,0,2,0.1868,Transactional,0.2228,Transactional
1356,59,Male,Shorts,Clothing,91,Florida,M,Blue,Summer,3.0,0,2-Day Shipping,1,1,50,PayPal,Fortnightly,26,1,Medium,Veteran,High,0.7736,Platinum,High_Value_Promo_Dependent,55-64,1,1,2,0.5961,Loyal,0.2919,Transactional
1357,49,Male,Jacket,Outerwear,61,Indiana,M,Cyan,Spring,4.0,0,Free Shipping,1,1,34,Bank Transfer,Annually,1,1,High,Established,Medium,0.3719,Silver,Low_Value_Promo_Dependent,45-54,0,0,1,0.2694,Transactional,0.3381,Transactional
1358,24,Male,Backpack,Accessories,66,Texas,S,Red,Summer,3.5,0,Next Day Air,1,1,20,Cash,Quarterly,4,1,Medium,Growing,Medium,0.2936,Silver,Low_Value_Promo_Dependent,18-24,1,0,2,0.1786,Transactional,0.2838,Transactional
1359,19,Male,Scarf,Accessories,22,Nebraska,XL,Pink,Spring,2.5,0,Store Pickup,1,1,25,Venmo,Quarterly,4,1,Low,Established,Low,0.2244,Bronze,Low_Value_Promo_Dependent,18-24,0,0,3,0.2194,Transactional,0.0063,Transactional
1360,27,Male,Hoodie,Clothing,68,North Carolina,S,Cyan,Winter,4.3,0,Store Pickup,1,1,26,Bank Transfer,Fortnightly,26,1,High,Established,Medium,0.5202,Gold,High_Value_Promo_Dependent,25-34,0,1,1,0.4002,Developing,0.402,Developing
1361,56,Male,Skirt,Clothing,43,Alabama,L,Black,Fall,2.8,0,Express,1,1,4,Bank Transfer,Annually,1,1,Low,New,Low,0.082,Bronze,Low_Value_Promo_Dependent,55-64,1,0,3,0.0245,Transactional,0.1139,Transactional
1362,49,Male,Dress,Clothing,32,Alabama,M,Beige,Fall,3.7,0,Next Day Air,1,1,39,Debit Card,Monthly,12,1,Medium,Established,Low,0.4265,Silver,Low_Value_Promo_Dependent,45-54,1,0,2,0.3965,Developing,0.2055,Transactional
1363,41,Male,Coat,Outerwear,46,Colorado,M,Gray,Fall,4.3,0,Express,1,1,29,Cash,Weekly,52,1,High,Established,Medium,0.6936,Platinum,High_Value_Promo_Dependent,35-44,1,1,1,0.6286,Loyal,0.3333,Transactional
1364,36,Male,Blouse,Clothing,90,Wisconsin,L,Red,Summer,4.0,0,Express,1,1,47,PayPal,Quarterly,4,1,High,Veteran,High,0.574,Gold,High_Value_Promo_Dependent,35-44,1,1,1,0.399,Developing,0.4288,Developing
1365,68,Male,Hat,Accessories,75,Delaware,L,Yellow,Fall,4.7,0,Express,1,1,5,Cash,Quarterly,4,1,High,New,High,0.1937,Bronze,Low_Value_Promo_Dependent,65+,1,0,1,0.0562,Transactional,0.4799,Developing
1366,28,Male,Handbag,Accessories,69,Indiana,M,Magenta,Winter,4.5,0,Store Pickup,1,1,18,Bank Transfer,Fortnightly,26,1,High,Growing,Medium,0.4574,Gold,High_Value_Promo_Dependent,25-34,0,1,1,0.3349,Transactional,0.4331,Developing
1367,45,Male,Belt,Accessories,40,Iowa,M,Magenta,Fall,3.1,0,Free Shipping,1,1,10,Credit Card,Fortnightly,26,1,Medium,Growing,Low,0.3195,Silver,Low_Value_Promo_Dependent,45-54,0,0,2,0.2695,Transactional,0.1465,Transactional
1368,60,Male,Belt,Accessories,63,Iowa,S,Black,Fall,3.8,0,Express,1,1,25,Cash,Quarterly,4,1,Medium,Established,Medium,0.3269,Silver,Low_Value_Promo_Dependent,55-64,1,0,2,0.2194,Transactional,0.3164,Transactional
1369,21,Male,Shirt,Clothing,36,Wisconsin,L,Orange,Summer,4.9,0,Express,1,1,2,Cash,Weekly,52,1,High,New,Low,0.4482,Silver,Low_Value_Promo_Dependent,18-24,1,0,1,0.4082,Developing,0.386,Transactional
1370,32,Male,Shoes,Footwear,75,Iowa,M,Green,Winter,3.2,0,Standard,1,1,48,Venmo,Fortnightly,26,1,Medium,Veteran,High,0.7173,Platinum,High_Value_Promo_Dependent,25-34,0,1,2,0.5798,Loyal,0.2699,Transactional
1371,27,Male,Scarf,Accessories,67,Montana,L,Peach,Summer,3.8,0,2-Day Shipping,1,1,41,Bank Transfer,Quarterly,4,1,Medium,Veteran,Medium,0.4676,Gold,High_Value_Promo_Dependent,25-34,1,1,2,0.3501,Developing,0.3289,Transactional
1372,40,Male,Pants,Clothing,64,Mississippi,M,Charcoal,Spring,2.8,0,Store Pickup,1,1,42,Credit Card,Monthly,12,1,Low,Veteran,Medium,0.531,Gold,High_Value_Promo_Dependent,35-44,0,1,3,0.421,Developing,0.1795,Transactional
1373,64,Male,Blouse,Clothing,61,Michigan,M,Gray,Fall,4.0,0,2-Day Shipping,1,1,44,PayPal,Fortnightly,26,1,High,Veteran,Medium,0.6496,Gold,High_Value_Promo_Dependent,55-64,1,1,1,0.5471,Loyal,0.3381,Transactional
1374,18,Male,Gloves,Accessories,40,Virginia,L,Turquoise,Winter,2.6,0,Store Pickup,1,1,6,Cash,Quarterly,4,1,Low,New,Low,0.1143,Bronze,Low_Value_Promo_Dependent,18-24,0,0,3,0.0643,Transactional,0.0765,Transactional
1375,22,Male,Handbag,Accessories,97,New York,M,Red,Fall,2.7,0,Free Shipping,1,1,5,Bank Transfer,Quarterly,4,1,Low,New,High,0.2487,Bronze,Low_Value_Promo_Dependent,18-24,0,0,3,0.0562,Transactional,0.2686,Transactional
1376,42,Male,Sneakers,Footwear,31,Maine,L,Brown,Spring,4.1,0,2-Day Shipping,1,1,8,Credit Card,Annually,1,1,High,New,Low,0.0846,Bronze,Low_Value_Promo_Dependent,35-44,1,0,1,0.0571,Transactional,0.2584,Transactional
1377,57,Male,Sandals,Footwear,65,New Jersey,L,Pink,Spring,5.0,0,Free Shipping,1,1,24,PayPal,Annually,1,1,High,Growing,Medium,0.3003,Silver,Low_Value_Promo_Dependent,55-64,0,0,1,0.1878,Transactional,0.4906,Developing
1378,33,Male,Sunglasses,Accessories,54,Maryland,L,Olive,Spring,3.0,0,Next Day Air,1,1,42,Venmo,Monthly,12,1,Medium,Veteran,Medium,0.506,Gold,High_Value_Promo_Dependent,25-34,1,1,2,0.421,Developing,0.1763,Transactional
1379,37,Male,Jacket,Outerwear,49,Kentucky,XL,Lavender,Fall,3.6,0,Free Shipping,1,1,24,Venmo,Weekly,52,1,Medium,Growing,Medium,0.6603,Platinum,High_Value_Promo_Dependent,35-44,0,1,2,0.5878,Loyal,0.2446,Transactional
1380,21,Male,T-shirt,Clothing,64,Minnesota,L,Purple,Fall,2.8,0,2-Day Shipping,1,1,38,Venmo,Fortnightly,26,1,Low,Established,Medium,0.6081,Gold,High_Value_Promo_Dependent,18-24,1,1,3,0.4981,Developing,0.1795,Transactional
1381,51,Male,Sneakers,Footwear,35,Massachusetts,S,Beige,Winter,4.6,0,Standard,1,1,41,Cash,Fortnightly,26,1,High,Veteran,Low,0.5601,Gold,High_Value_Promo_Dependent,45-54,0,1,1,0.5226,Developing,0.3409,Transactional
1382,30,Male,Shoes,Footwear,86,Illinois,L,Green,Winter,2.9,0,Standard,1,1,48,Venmo,Quarterly,4,1,Low,Veteran,High,0.5722,Gold,High_Value_Promo_Dependent,25-34,0,1,3,0.4072,Developing,0.2622,Transactional
1383,68,Male,Jacket,Outerwear,55,Michigan,L,Brown,Winter,4.8,0,Express,1,1,16,Bank Transfer,Quarterly,4,1,High,Growing,Medium,0.2335,Bronze,Low_Value_Promo_Dependent,65+,1,0,1,0.146,Transactional,0.4314,Developing
1384,36,Male,Scarf,Accessories,58,Wisconsin,M,Beige,Spring,3.3,0,Express,1,1,4,Venmo,Monthly,12,1,Medium,New,Medium,0.2058,Bronze,Low_Value_Promo_Dependent,35-44,1,0,2,0.1108,Transactional,0.2308,Transactional
1385,46,Male,Sneakers,Footwear,96,Alaska,M,Beige,Fall,4.6,0,Standard,1,1,8,Bank Transfer,Weekly,52,1,High,New,High,0.6471,Gold,High_Value_Promo_Dependent,45-54,0,1,1,0.4571,Developing,0.5315,Loyal
1386,41,Male,Jewelry,Accessories,64,Mississippi,M,Indigo,Fall,2.6,0,Store Pickup,1,1,1,Bank Transfer,Fortnightly,26,1,Low,New,Medium,0.3061,Silver,Low_Value_Promo_Dependent,35-44,0,0,3,0.1961,Transactional,0.1515,Transactional
1387,68,Male,Jacket,Outerwear,56,Oregon,M,Silver,Fall,4.0,0,Next Day Air,1,1,4,Debit Card,Quarterly,4,1,High,New,Medium,0.138,Bronze,Low_Value_Promo_Dependent,65+,1,0,1,0.048,Transactional,0.3225,Transactional
1388,21,Male,Blouse,Clothing,85,Maryland,M,Gold,Winter,3.8,0,Standard,1,1,20,Credit Card,Monthly,12,1,Medium,Growing,High,0.4039,Silver,Low_Value_Promo_Dependent,18-24,0,0,2,0.2414,Transactional,0.3851,Transactional
1389,62,Male,Dress,Clothing,23,Arkansas,M,Lavender,Spring,3.9,0,Express,1,1,40,Cash,Quarterly,4,1,Medium,Veteran,Low,0.3494,Silver,Low_Value_Promo_Dependent,55-64,1,0,2,0.3419,Transactional,0.2054,Transactional
1390,59,Male,Scarf,Accessories,72,Illinois,L,Orange,Fall,2.6,0,Store Pickup,1,1,8,Debit Card,Fortnightly,26,1,Low,New,Medium,0.3832,Silver,Low_Value_Promo_Dependent,55-64,0,0,3,0.2532,Transactional,0.1765,Transactional
1391,25,Male,Hat,Accessories,38,Arkansas,M,Maroon,Summer,4.3,0,Standard,1,1,42,Debit Card,Weekly,52,1,High,Veteran,Low,0.7797,Platinum,High_Value_Promo_Dependent,25-34,0,1,1,0.7347,Loyal,0.3083,Transactional
1392,53,Male,Blouse,Clothing,29,Mississippi,S,White,Winter,3.6,0,Express,1,1,38,Credit Card,Annually,1,1,Medium,Established,Low,0.3245,Silver,Low_Value_Promo_Dependent,45-54,1,0,2,0.302,Transactional,0.1821,Transactional
1393,31,Male,Gloves,Accessories,46,Arkansas,M,Yellow,Spring,4.2,0,Express,1,1,34,Venmo,Quarterly,4,1,High,Established,Medium,0.3579,Silver,Low_Value_Promo_Dependent,25-34,1,0,1,0.2929,Transactional,0.3193,Transactional
1394,46,Male,Gloves,Accessories,58,Idaho,L,Yellow,Spring,3.9,0,Express,1,1,14,PayPal,Fortnightly,26,1,Medium,Growing,Medium,0.3972,Silver,Low_Value_Promo_Dependent,45-54,1,0,2,0.3022,Transactional,0.3148,Transactional
1395,26,Male,Coat,Outerwear,43,Iowa,L,Magenta,Fall,4.7,0,Next Day Air,1,1,39,Cash,Weekly,52,1,High,Established,Low,0.7677,Platinum,High_Value_Promo_Dependent,25-34,1,1,1,0.7102,Loyal,0.3799,Transactional
1396,47,Male,Scarf,Accessories,32,West Virginia,L,Turquoise,Spring,2.8,0,Next Day Air,1,1,40,PayPal,Fortnightly,26,1,Low,Veteran,Low,0.5444,Gold,High_Value_Promo_Dependent,45-54,1,1,3,0.5144,Developing,0.0795,Transactional
1397,37,Male,Pants,Clothing,30,Wisconsin,XL,Lavender,Winter,3.0,0,Next Day Air,1,1,49,Debit Card,Monthly,12,1,Medium,Veteran,Low,0.5031,Gold,High_Value_Promo_Dependent,35-44,1,1,2,0.4781,Developing,0.1013,Transactional
1398,55,Male,Sunglasses,Accessories,67,Massachusetts,S,Magenta,Summer,4.7,0,Store Pickup,1,1,33,PayPal,Annually,1,1,High,Established,Medium,0.3787,Silver,Low_Value_Promo_Dependent,55-64,0,0,1,0.2612,Transactional,0.4549,Developing
1399,30,Male,Dress,Clothing,45,Texas,M,Cyan,Summer,2.5,0,Free Shipping,1,1,25,Credit Card,Weekly,52,1,Low,Established,Medium,0.6584,Platinum,High_Value_Promo_Dependent,25-34,0,1,3,0.5959,Loyal,0.0781,Transactional
1400,19,Male,Hat,Accessories,81,Nebraska,M,Olive,Winter,3.1,0,Store Pickup,1,1,48,Venmo,Annually,1,1,Medium,Veteran,High,0.5362,Gold,High_Value_Promo_Dependent,18-24,0,1,2,0.3837,Developing,0.2746,Transactional
1401,36,Male,Backpack,Accessories,23,Nevada,M,Red,Fall,3.6,0,Next Day Air,1,1,22,Credit Card,Quarterly,4,1,Medium,Growing,Low,0.2025,Bronze,Low_Value_Promo_Dependent,35-44,1,0,2,0.195,Transactional,0.1634,Transactional
1402,23,Male,Sandals,Footwear,59,Indiana,M,Blue,Fall,3.5,0,2-Day Shipping,1,1,1,PayPal,Weekly,52,1,Medium,New,Medium,0.4975,Gold,High_Value_Promo_Dependent,18-24,1,1,2,0.4,Developing,0.2619,Transactional
1403,62,Male,Sunglasses,Accessories,21,North Dakota,L,White,Summer,3.1,0,Express,1,1,47,PayPal,Monthly,12,1,Medium,Veteran,Low,0.4643,Gold,High_Value_Promo_Dependent,55-64,1,1,2,0.4618,Developing,0.0871,Transactional
1404,26,Male,Backpack,Accessories,20,Georgia,M,Peach,Spring,3.6,0,Store Pickup,1,1,20,Credit Card,Fortnightly,26,1,Medium,Growing,Low,0.3512,Silver,Low_Value_Promo_Dependent,25-34,0,0,2,0.3512,Developing,0.154,Transactional
1405,36,Male,Jewelry,Accessories,28,New Mexico,M,Charcoal,Winter,3.5,0,Next Day Air,1,1,10,Debit Card,Weekly,52,1,Medium,Growing,Low,0.4935,Gold,High_Value_Promo_Dependent,35-44,1,1,2,0.4735,Developing,0.165,Transactional
1406,33,Male,Socks,Clothing,100,New Hampshire,M,Peach,Winter,2.7,0,Store Pickup,1,1,39,Credit Card,Monthly,12,1,Low,Established,High,0.5965,Gold,High_Value_Promo_Dependent,25-34,0,1,3,0.3965,Developing,0.278,Transactional
1407,32,Male,Shirt,Clothing,46,Washington,L,Turquoise,Spring,3.6,0,Express,1,1,15,Debit Card,Monthly,12,1,Medium,Growing,Medium,0.2656,Silver,Low_Value_Promo_Dependent,25-34,1,0,2,0.2006,Transactional,0.2353,Transactional
1408,56,Male,Handbag,Accessories,61,Nevada,XL,Charcoal,Spring,4.5,0,Express,1,1,11,Credit Card,Annually,1,1,High,Growing,Medium,0.1841,Bronze,Low_Value_Promo_Dependent,55-64,1,0,1,0.0816,Transactional,0.4081,Developing
1409,58,Male,Blouse,Clothing,58,Maine,M,Yellow,Winter,4.1,0,Free Shipping,1,1,38,Venmo,Weekly,52,1,High,Established,Medium,0.797,Platinum,High_Value_Promo_Dependent,55-64,0,1,1,0.702,Loyal,0.3428,Transactional
1410,34,Male,Backpack,Accessories,50,Idaho,M,Blue,Spring,4.2,0,Standard,1,1,41,Cash,Fortnightly,26,1,High,Veteran,Medium,0.5976,Gold,High_Value_Promo_Dependent,25-34,0,1,1,0.5226,Developing,0.3318,Transactional
1411,61,Male,Hat,Accessories,93,Tennessee,M,Purple,Summer,4.0,0,Store Pickup,1,1,18,Debit Card,Annually,1,1,High,Growing,High,0.3213,Silver,Low_Value_Promo_Dependent,55-64,0,0,1,0.1388,Transactional,0.4381,Developing
1412,48,Male,Skirt,Clothing,24,Louisiana,L,Green,Summer,2.8,0,Store Pickup,1,1,13,Venmo,Quarterly,4,1,Low,Growing,Low,0.1315,Bronze,Low_Value_Promo_Dependent,45-54,0,0,3,0.1215,Transactional,0.0545,Transactional
1413,25,Male,Shorts,Clothing,100,Michigan,M,Charcoal,Summer,2.6,0,2-Day Shipping,1,1,43,Venmo,Annually,1,1,Low,Veteran,High,0.5429,Gold,High_Value_Promo_Dependent,25-34,1,1,3,0.3429,Transactional,0.264,Transactional
1414,51,Male,Blouse,Clothing,79,New Hampshire,S,Indigo,Fall,2.7,0,Store Pickup,1,1,12,Bank Transfer,Quarterly,4,1,Low,Growing,High,0.2608,Silver,Low_Value_Promo_Dependent,45-54,0,0,3,0.1133,Transactional,0.2124,Transactional
1415,29,Male,Socks,Clothing,51,Minnesota,M,Black,Summer,4.5,0,Store Pickup,1,1,3,Credit Card,Fortnightly,26,1,High,New,Medium,0.2899,Silver,Low_Value_Promo_Dependent,25-34,0,0,1,0.2124,Transactional,0.3769,Transactional
1416,54,Male,Belt,Accessories,90,Illinois,M,Blue,Winter,3.7,0,Free Shipping,1,1,12,Credit Card,Quarterly,4,1,Medium,Growing,High,0.2883,Silver,Low_Value_Promo_Dependent,45-54,0,0,2,0.1133,Transactional,0.3868,Transactional
1417,48,Male,Boots,Footwear,56,Idaho,L,Silver,Summer,3.4,0,Free Shipping,1,1,46,Cash,Quarterly,4,1,Medium,Veteran,Medium,0.4809,Gold,High_Value_Promo_Dependent,45-54,0,1,2,0.3909,Developing,0.2385,Transactional
1418,62,Male,Shorts,Clothing,25,Montana,S,Brown,Spring,4.6,0,Standard,1,1,21,Debit Card,Fortnightly,26,1,High,Growing,Low,0.3718,Silver,Low_Value_Promo_Dependent,55-64,0,0,1,0.3593,Developing,0.3096,Transactional
1419,18,Male,Shirt,Clothing,75,Alabama,M,Violet,Summer,4.1,0,2-Day Shipping,1,1,23,Venmo,Quarterly,4,1,High,Growing,High,0.3406,Silver,Low_Value_Promo_Dependent,18-24,1,0,1,0.2031,Transactional,0.3959,Developing
1420,43,Male,Handbag,Accessories,75,Montana,M,Orange,Summer,2.6,0,Free Shipping,1,1,4,Debit Card,Quarterly,4,1,Low,New,High,0.1855,Bronze,Low_Value_Promo_Dependent,35-44,0,0,3,0.048,Transactional,0.1859,Transactional
1421,22,Male,Jeans,Clothing,53,California,XL,Gray,Summer,4.6,0,Store Pickup,1,1,45,PayPal,Quarterly,4,1,High,Veteran,Medium,0.4652,Gold,High_Value_Promo_Dependent,18-24,0,1,1,0.3827,Developing,0.3971,Developing
1422,68,Male,Dress,Clothing,100,Pennsylvania,S,Gold,Spring,3.0,0,Standard,1,1,24,Bank Transfer,Fortnightly,26,1,Medium,Growing,High,0.5838,Gold,High_Value_Promo_Dependent,65+,0,1,2,0.3838,Developing,0.32,Transactional
1423,44,Male,Dress,Clothing,27,Texas,L,Charcoal,Fall,3.4,0,Free Shipping,1,1,3,PayPal,Fortnightly,26,1,Medium,New,Low,0.2299,Bronze,Low_Value_Promo_Dependent,35-44,0,0,2,0.2124,Transactional,0.1479,Transactional
1424,51,Male,Sandals,Footwear,60,Michigan,S,Black,Fall,3.5,0,Free Shipping,1,1,12,Venmo,Quarterly,4,1,Medium,Growing,Medium,0.2133,Bronze,Low_Value_Promo_Dependent,45-54,0,0,2,0.1133,Transactional,0.265,Transactional
1425,66,Male,Jacket,Outerwear,23,Connecticut,S,Indigo,Fall,3.5,0,Standard,1,1,34,Bank Transfer,Quarterly,4,1,Medium,Established,Low,0.3004,Silver,Low_Value_Promo_Dependent,65+,0,0,2,0.2929,Transactional,0.1494,Transactional
1426,59,Male,Coat,Outerwear,40,Wyoming,S,White,Winter,3.7,0,Next Day Air,1,1,39,Credit Card,Annually,1,1,Medium,Established,Low,0.3602,Silver,Low_Value_Promo_Dependent,55-64,1,0,2,0.3102,Transactional,0.2305,Transactional
1427,60,Male,Pants,Clothing,38,Michigan,M,Yellow,Summer,4.8,0,Free Shipping,1,1,35,PayPal,Quarterly,4,1,High,Established,Low,0.3461,Silver,Low_Value_Promo_Dependent,55-64,0,0,1,0.3011,Transactional,0.3782,Transactional
1428,31,Male,Backpack,Accessories,90,South Dakota,S,Orange,Summer,4.9,0,Store Pickup,1,1,8,Credit Card,Annually,1,1,High,New,High,0.2321,Bronze,Low_Value_Promo_Dependent,25-34,0,0,1,0.0571,Transactional,0.5548,Loyal
1429,20,Male,Blouse,Clothing,97,North Dakota,S,Green,Summer,4.9,0,Express,1,1,42,PayPal,Quarterly,4,1,High,Veteran,High,0.5507,Gold,High_Value_Promo_Dependent,18-24,1,1,1,0.3582,Developing,0.5766,Loyal
1430,24,Male,Skirt,Clothing,38,Maryland,L,Gold,Fall,4.7,0,Standard,1,1,6,Credit Card,Quarterly,4,1,High,New,Low,0.1093,Bronze,Low_Value_Promo_Dependent,18-24,0,0,1,0.0643,Transactional,0.3642,Transactional
1431,48,Male,Sandals,Footwear,30,Michigan,S,Orange,Summer,4.9,0,Free Shipping,1,1,3,Credit Card,Fortnightly,26,1,High,New,Low,0.2374,Bronze,Low_Value_Promo_Dependent,45-54,0,0,1,0.2124,Transactional,0.3672,Transactional
1432,39,Male,Pants,Clothing,88,South Dakota,M,Cyan,Fall,2.9,0,Express,1,1,29,Venmo,Quarterly,4,1,Low,Established,High,0.4221,Silver,Low_Value_Promo_Dependent,35-44,1,0,3,0.2521,Transactional,0.2685,Transactional
1433,34,Male,Hat,Accessories,33,Florida,L,Black,Winter,4.4,0,Express,1,1,32,Debit Card,Quarterly,4,1,High,Established,Low,0.3091,Silver,Low_Value_Promo_Dependent,25-34,1,0,1,0.2766,Transactional,0.3066,Transactional
1434,70,Male,Hoodie,Clothing,60,Minnesota,L,Yellow,Winter,3.2,0,Next Day Air,1,1,45,Debit Card,Weekly,52,1,Medium,Veteran,Medium,0.8592,Platinum,High_Value_Promo_Dependent,65+,1,1,2,0.7592,Loyal,0.223,Transactional
1435,59,Male,Sweater,Clothing,64,New York,L,Maroon,Summer,4.6,0,Free Shipping,1,1,21,Debit Card,Fortnightly,26,1,High,Growing,Medium,0.4693,Gold,High_Value_Promo_Dependent,55-64,0,1,1,0.3593,Developing,0.4315,Developing
1436,45,Male,Scarf,Accessories,95,Oregon,XL,Black,Fall,4.0,0,Standard,1,1,41,Cash,Weekly,52,1,High,Veteran,High,0.914,Platinum,High_Value_Promo_Dependent,45-54,0,1,1,0.7265,Loyal,0.4444,Developing
1437,35,Male,Sneakers,Footwear,83,Minnesota,M,Gray,Winter,3.7,0,Free Shipping,1,1,23,PayPal,Fortnightly,26,1,Medium,Growing,High,0.5332,Gold,High_Value_Promo_Dependent,35-44,0,1,2,0.3757,Developing,0.3649,Transactional
1438,69,Male,Boots,Footwear,97,Montana,XL,Orange,Winter,4.2,0,Free Shipping,1,1,14,Cash,Annually,1,1,High,Growing,High,0.2986,Silver,Low_Value_Promo_Dependent,65+,0,0,1,0.1061,Transactional,0.4786,Developing
1439,58,Male,Coat,Outerwear,38,Washington,M,Cyan,Spring,2.9,0,Standard,1,1,24,Debit Card,Monthly,12,1,Low,Growing,Low,0.319,Silver,Low_Value_Promo_Dependent,55-64,0,0,3,0.274,Transactional,0.1122,Transactional
1440,25,Male,Boots,Footwear,48,New Mexico,M,Magenta,Summer,4.8,0,Next Day Air,1,1,25,Cash,Fortnightly,26,1,High,Established,Medium,0.462,Gold,High_Value_Promo_Dependent,25-34,1,1,1,0.392,Developing,0.4095,Developing
1441,27,Male,Sandals,Footwear,76,Arizona,M,Pink,Spring,4.4,0,Standard,1,1,13,Venmo,Monthly,12,1,High,Growing,High,0.3242,Silver,Low_Value_Promo_Dependent,25-34,0,0,1,0.1842,Transactional,0.441,Developing
1442,34,Male,Pants,Clothing,25,Nebraska,S,Turquoise,Summer,3.4,0,Free Shipping,1,1,3,Venmo,Quarterly,4,1,Medium,New,Low,0.0524,Bronze,Low_Value_Promo_Dependent,25-34,0,0,2,0.0399,Transactional,0.1416,Transactional
1443,53,Male,Hoodie,Clothing,92,Idaho,S,Violet,Spring,2.8,0,2-Day Shipping,1,1,42,Credit Card,Annually,1,1,Low,Veteran,High,0.5147,Gold,High_Value_Promo_Dependent,45-54,1,1,3,0.3347,Transactional,0.267,Transactional
1444,58,Male,Sandals,Footwear,47,Idaho,L,Teal,Fall,4.2,0,Next Day Air,1,1,2,Cash,Monthly,12,1,High,New,Medium,0.1619,Bronze,Low_Value_Promo_Dependent,55-64,1,0,1,0.0944,Transactional,0.3224,Transactional
1445,32,Male,Sweater,Clothing,36,Vermont,L,Pink,Fall,3.8,0,Express,1,1,26,Cash,Quarterly,4,1,Medium,Established,Low,0.2676,Silver,Low_Value_Promo_Dependent,25-34,1,0,2,0.2276,Transactional,0.232,Transactional
1446,64,Male,Belt,Accessories,51,Arkansas,M,Gold,Fall,3.1,0,2-Day Shipping,1,1,24,Credit Card,Annually,1,1,Medium,Growing,Medium,0.2653,Silver,Low_Value_Promo_Dependent,55-64,1,0,2,0.1878,Transactional,0.1809,Transactional
1447,63,Male,Jeans,Clothing,35,Wyoming,XL,Red,Summer,3.2,0,Express,1,1,6,Credit Card,Quarterly,4,1,Medium,New,Low,0.1018,Bronze,Low_Value_Promo_Dependent,55-64,1,0,2,0.0643,Transactional,0.1449,Transactional
1448,23,Male,Hoodie,Clothing,57,New Mexico,S,Beige,Summer,3.0,0,Next Day Air,1,1,25,PayPal,Monthly,12,1,Medium,Established,Medium,0.3747,Silver,Low_Value_Promo_Dependent,18-24,1,0,2,0.2822,Transactional,0.1856,Transactional
1449,64,Male,Boots,Footwear,95,West Virginia,M,Black,Summer,3.6,0,Free Shipping,1,1,11,Credit Card,Quarterly,4,1,Medium,Growing,High,0.2927,Silver,Low_Value_Promo_Dependent,55-64,0,0,2,0.1052,Transactional,0.3884,Developing
1450,18,Male,Socks,Clothing,41,New York,L,Lavender,Winter,2.5,0,Store Pickup,1,1,20,Cash,Quarterly,4,1,Low,Growing,Low,0.2311,Bronze,Low_Value_Promo_Dependent,18-24,0,0,3,0.1786,Transactional,0.0656,Transactional
1451,25,Male,Dress,Clothing,44,Illinois,S,Teal,Winter,3.4,0,Free Shipping,1,1,25,Cash,Quarterly,4,1,Medium,Established,Low,0.2794,Silver,Low_Value_Promo_Dependent,25-34,0,0,2,0.2194,Transactional,0.201,Transactional
1452,54,Male,Jacket,Outerwear,34,Utah,M,Maroon,Fall,2.5,0,Next Day Air,1,1,35,PayPal,Quarterly,4,1,Low,Established,Low,0.3361,Silver,Low_Value_Promo_Dependent,45-54,1,0,3,0.3011,Transactional,0.0438,Transactional
1453,60,Male,Jacket,Outerwear,25,Colorado,L,Blue,Spring,4.7,0,2-Day Shipping,1,1,11,Bank Transfer,Quarterly,4,1,High,Growing,Low,0.1177,Bronze,Low_Value_Promo_Dependent,55-64,1,0,1,0.1052,Transactional,0.3236,Transactional
1454,36,Male,Boots,Footwear,93,Virginia,S,Teal,Winter,3.2,0,2-Day Shipping,1,1,41,Bank Transfer,Fortnightly,26,1,Medium,Veteran,High,0.7051,Platinum,High_Value_Promo_Dependent,35-44,1,1,2,0.5226,Developing,0.3261,Transactional
1455,66,Male,Sneakers,Footwear,50,Georgia,L,Maroon,Winter,2.9,0,Free Shipping,1,1,17,Credit Card,Annually,1,1,Low,Growing,Medium,0.2056,Bronze,Low_Value_Promo_Dependent,65+,0,0,3,0.1306,Transactional,0.1497,Transactional
1456,60,Male,Pants,Clothing,79,Alabama,L,Silver,Fall,4.9,0,Express,1,1,1,PayPal,Quarterly,4,1,High,New,High,0.171,Bronze,Low_Value_Promo_Dependent,55-64,1,0,1,0.0235,Transactional,0.5204,Loyal
1457,59,Male,Coat,Outerwear,100,Montana,S,Olive,Spring,2.7,0,Store Pickup,1,1,30,PayPal,Quarterly,4,1,Low,Established,High,0.4603,Gold,High_Value_Promo_Dependent,55-64,0,1,3,0.2603,Transactional,0.278,Transactional
1458,58,Male,Shirt,Clothing,57,Pennsylvania,S,Gray,Spring,4.7,0,Express,1,1,47,Venmo,Fortnightly,26,1,High,Veteran,Medium,0.6641,Platinum,High_Value_Promo_Dependent,55-64,1,1,1,0.5716,Loyal,0.4236,Developing
1459,35,Male,Sweater,Clothing,28,Missouri,M,Peach,Spring,2.9,0,2-Day Shipping,1,1,34,Venmo,Weekly,52,1,Low,Established,Low,0.6894,Platinum,High_Value_Promo_Dependent,35-44,1,1,3,0.6694,Loyal,0.081,Transactional
1460,20,Male,Shoes,Footwear,35,Maine,L,Yellow,Winter,4.8,0,Express,1,1,18,Venmo,Fortnightly,26,1,High,Growing,Low,0.3724,Silver,Low_Value_Promo_Dependent,18-24,1,0,1,0.3349,Transactional,0.3689,Transactional
1461,70,Male,Boots,Footwear,85,Pennsylvania,L,Violet,Fall,4.6,0,Standard,1,1,33,Venmo,Fortnightly,26,1,High,Established,High,0.6198,Gold,High_Value_Promo_Dependent,65+,0,1,1,0.4573,Developing,0.4971,Developing
1462,54,Male,Sunglasses,Accessories,95,Oregon,S,Red,Summer,5.0,0,2-Day Shipping,1,1,42,Venmo,Quarterly,4,1,High,Veteran,High,0.5457,Gold,High_Value_Promo_Dependent,45-54,1,1,1,0.3582,Developing,0.5844,Loyal
1463,38,Male,Sneakers,Footwear,90,Utah,S,Charcoal,Summer,4.8,0,2-Day Shipping,1,1,2,Venmo,Quarterly,4,1,High,New,High,0.2067,Bronze,Low_Value_Promo_Dependent,35-44,1,0,1,0.0317,Transactional,0.5407,Loyal
1464,54,Male,Jewelry,Accessories,49,Oklahoma,M,Beige,Summer,4.9,0,Store Pickup,1,1,1,Bank Transfer,Monthly,12,1,High,New,Medium,0.1588,Bronze,Low_Value_Promo_Dependent,45-54,0,0,1,0.0863,Transactional,0.4266,Developing
1465,33,Male,Belt,Accessories,92,Montana,M,Peach,Winter,4.6,0,2-Day Shipping,1,1,23,Bank Transfer,Quarterly,4,1,High,Growing,High,0.3831,Silver,Low_Value_Promo_Dependent,25-34,1,0,1,0.2031,Transactional,0.519,Loyal
1466,46,Male,Gloves,Accessories,72,Nebraska,XL,Violet,Winter,3.9,0,Store Pickup,1,1,42,Cash,Fortnightly,26,1,Medium,Veteran,Medium,0.6608,Platinum,High_Value_Promo_Dependent,45-54,0,1,2,0.5308,Loyal,0.3585,Transactional
1467,58,Male,Shorts,Clothing,71,Alabama,M,Green,Summer,4.5,0,Store Pickup,1,1,3,PayPal,Annually,1,1,High,New,Medium,0.1438,Bronze,Low_Value_Promo_Dependent,55-64,0,0,1,0.0163,Transactional,0.4394,Developing
1468,30,Male,Jewelry,Accessories,27,Ohio,XL,Olive,Winter,4.7,0,Store Pickup,1,1,16,Debit Card,Fortnightly,26,1,High,Growing,Low,0.336,Silver,Low_Value_Promo_Dependent,25-34,0,0,1,0.3185,Transactional,0.3299,Transactional
1469,42,Male,Gloves,Accessories,39,Arkansas,S,Silver,Fall,3.9,0,Express,1,1,46,Cash,Fortnightly,26,1,Medium,Veteran,Low,0.6109,Gold,High_Value_Promo_Dependent,35-44,1,1,2,0.5634,Loyal,0.2554,Transactional
1470,28,Male,Jewelry,Accessories,98,Mississippi,M,Purple,Winter,4.4,0,Standard,1,1,31,PayPal,Quarterly,4,1,High,Established,High,0.4634,Gold,High_Value_Promo_Dependent,25-34,0,1,1,0.2684,Transactional,0.5098,Developing
1471,43,Male,Sandals,Footwear,27,California,M,Silver,Spring,3.9,0,Next Day Air,1,1,15,Cash,Quarterly,4,1,Medium,Growing,Low,0.1553,Bronze,Low_Value_Promo_Dependent,35-44,1,0,2,0.1378,Transactional,0.2179,Transactional
1472,31,Male,Jewelry,Accessories,71,Alaska,S,Gray,Spring,2.8,0,2-Day Shipping,1,1,48,Venmo,Quarterly,4,1,Low,Veteran,Medium,0.5347,Gold,High_Value_Promo_Dependent,25-34,1,1,3,0.4072,Developing,0.2014,Transactional
1473,39,Male,Hat,Accessories,24,Indiana,L,Turquoise,Spring,3.5,0,Store Pickup,1,1,11,Cash,Weekly,52,1,Medium,Growing,Low,0.4916,Gold,High_Value_Promo_Dependent,35-44,0,1,2,0.4816,Developing,0.1525,Transactional
1474,69,Male,Shorts,Clothing,63,Wisconsin,M,Violet,Fall,4.3,0,Express,1,1,20,Credit Card,Quarterly,4,1,High,Growing,Medium,0.2861,Silver,Low_Value_Promo_Dependent,65+,1,0,1,0.1786,Transactional,0.3864,Transactional
1475,31,Male,Sweater,Clothing,72,New Jersey,S,Pink,Fall,3.9,0,Next Day Air,1,1,6,Credit Card,Monthly,12,1,Medium,New,Medium,0.2571,Silver,Low_Value_Promo_Dependent,25-34,1,0,2,0.1271,Transactional,0.3585,Transactional
1476,44,Male,Blouse,Clothing,61,Rhode Island,M,Teal,Spring,4.0,0,Express,1,1,24,Cash,Monthly,12,1,High,Growing,Medium,0.3765,Silver,Low_Value_Promo_Dependent,35-44,1,0,1,0.274,Transactional,0.3381,Transactional
1477,39,Male,Hat,Accessories,56,Wyoming,M,Magenta,Fall,4.1,0,Next Day Air,1,1,18,Credit Card,Monthly,12,1,High,Growing,Medium,0.3151,Silver,Low_Value_Promo_Dependent,35-44,1,0,1,0.2251,Transactional,0.3365,Transactional
1478,24,Male,Belt,Accessories,32,Oregon,XL,Silver,Summer,4.3,0,Standard,1,1,1,PayPal,Quarterly,4,1,High,New,Low,0.0535,Bronze,Low_Value_Promo_Dependent,18-24,0,0,1,0.0235,Transactional,0.2895,Transactional
1479,28,Male,Gloves,Accessories,23,Washington,M,Blue,Summer,4.2,0,Free Shipping,1,1,13,Venmo,Fortnightly,26,1,High,Growing,Low,0.3015,Silver,Low_Value_Promo_Dependent,25-34,0,0,1,0.294,Transactional,0.2474,Transactional
1480,48,Male,Coat,Outerwear,100,Washington,L,Black,Spring,4.0,0,Standard,1,1,2,Bank Transfer,Weekly,52,1,High,New,High,0.6082,Gold,High_Value_Promo_Dependent,45-54,0,1,1,0.4082,Developing,0.46,Developing
1481,39,Male,Jewelry,Accessories,74,New Hampshire,M,Gold,Fall,3.6,0,Express,1,1,26,Cash,Quarterly,4,1,Medium,Established,High,0.3626,Silver,Low_Value_Promo_Dependent,35-44,1,0,2,0.2276,Transactional,0.3228,Transactional
1482,64,Male,Skirt,Clothing,33,Maryland,S,Gray,Spring,3.3,0,Standard,1,1,31,PayPal,Quarterly,4,1,Medium,Established,Low,0.3009,Silver,Low_Value_Promo_Dependent,55-64,0,0,2,0.2684,Transactional,0.1526,Transactional
1483,28,Male,Gloves,Accessories,67,Wisconsin,S,Magenta,Spring,4.1,0,2-Day Shipping,1,1,43,Bank Transfer,Weekly,52,1,High,Veteran,Medium,0.8604,Platinum,High_Value_Promo_Dependent,25-34,1,1,1,0.7429,Loyal,0.3709,Transactional
1484,39,Male,Jewelry,Accessories,61,Massachusetts,S,Yellow,Summer,4.7,0,Next Day Air,1,1,12,Debit Card,Fortnightly,26,1,High,Growing,Medium,0.3884,Silver,Low_Value_Promo_Dependent,35-44,1,0,1,0.2859,Transactional,0.4361,Developing
1485,49,Male,Shorts,Clothing,46,Nebraska,M,Teal,Summer,4.4,0,Store Pickup,1,1,22,Venmo,Quarterly,4,1,High,Growing,Medium,0.26,Silver,Low_Value_Promo_Dependent,45-54,0,0,1,0.195,Transactional,0.3473,Transactional
1486,22,Male,Gloves,Accessories,56,Nebraska,L,Red,Spring,3.4,0,Standard,1,1,3,Cash,Fortnightly,26,1,Medium,New,Medium,0.3024,Silver,Low_Value_Promo_Dependent,18-24,0,0,2,0.2124,Transactional,0.2385,Transactional
1487,25,Male,Sneakers,Footwear,73,Idaho,S,Yellow,Spring,5.0,0,Free Shipping,1,1,23,Venmo,Quarterly,4,1,High,Growing,High,0.3356,Silver,Low_Value_Promo_Dependent,25-34,0,0,1,0.2031,Transactional,0.5156,Developing
1488,40,Male,Skirt,Clothing,44,Arizona,L,Black,Summer,4.6,0,Store Pickup,1,1,26,PayPal,Annually,1,1,High,Established,Low,0.2641,Silver,Low_Value_Promo_Dependent,35-44,0,0,1,0.2041,Transactional,0.369,Transactional
1489,23,Male,Hat,Accessories,44,Hawaii,L,Pink,Winter,4.0,0,Standard,1,1,37,Credit Card,Weekly,52,1,High,Established,Low,0.7539,Platinum,High_Value_Promo_Dependent,18-24,0,1,1,0.6939,Loyal,0.285,Transactional
1490,24,Male,Jewelry,Accessories,26,Missouri,XL,Magenta,Summer,4.1,0,Next Day Air,1,1,42,Venmo,Quarterly,4,1,High,Veteran,Low,0.3732,Silver,Low_Value_Promo_Dependent,18-24,1,0,1,0.3582,Developing,0.2427,Transactional
1491,66,Male,Sneakers,Footwear,52,Louisiana,L,Olive,Spring,4.9,0,Express,1,1,15,Venmo,Fortnightly,26,1,High,Growing,Medium,0.3904,Silver,Low_Value_Promo_Dependent,65+,1,0,1,0.3104,Transactional,0.436,Developing
1492,27,Male,Shirt,Clothing,54,Arkansas,S,Black,Summer,2.7,0,Free Shipping,1,1,10,Bank Transfer,Quarterly,4,1,Low,Growing,Medium,0.182,Bronze,Low_Value_Promo_Dependent,25-34,0,0,3,0.097,Transactional,0.1343,Transactional
1493,62,Male,Jacket,Outerwear,38,North Carolina,M,Maroon,Summer,4.5,0,Free Shipping,1,1,3,Venmo,Quarterly,4,1,High,New,Low,0.0849,Bronze,Low_Value_Promo_Dependent,55-64,0,0,1,0.0399,Transactional,0.3362,Transactional
1494,70,Male,Belt,Accessories,44,North Dakota,S,Gold,Fall,2.7,0,Standard,1,1,44,Credit Card,Quarterly,4,1,Low,Veteran,Low,0.4345,Silver,Low_Value_Promo_Dependent,65+,0,0,3,0.3745,Developing,0.103,Transactional
1495,43,Male,T-shirt,Clothing,76,Montana,M,Gray,Spring,3.0,0,Next Day Air,1,1,23,Bank Transfer,Fortnightly,26,1,Medium,Growing,High,0.5157,Gold,High_Value_Promo_Dependent,35-44,1,1,2,0.3757,Developing,0.245,Transactional
1496,45,Male,Jewelry,Accessories,23,Rhode Island,M,Brown,Winter,4.5,0,Next Day Air,1,1,6,PayPal,Weekly,52,1,High,New,Low,0.4483,Silver,Low_Value_Promo_Dependent,45-54,1,0,1,0.4408,Developing,0.2894,Transactional
1497,63,Male,T-shirt,Clothing,98,Idaho,M,Purple,Winter,5.0,0,Standard,1,1,9,Venmo,Fortnightly,26,1,High,New,High,0.4564,Gold,High_Value_Promo_Dependent,55-64,0,1,1,0.2614,Transactional,0.5938,Loyal
1498,69,Male,Jacket,Outerwear,33,Michigan,S,Magenta,Spring,3.8,0,2-Day Shipping,1,1,16,Debit Card,Quarterly,4,1,Medium,Growing,Low,0.1785,Bronze,Low_Value_Promo_Dependent,65+,1,0,2,0.146,Transactional,0.2226,Transactional
1499,59,Male,Sweater,Clothing,32,Illinois,M,Teal,Summer,3.1,0,Standard,1,1,46,Venmo,Fortnightly,26,1,Medium,Veteran,Low,0.5934,Gold,High_Value_Promo_Dependent,55-64,0,1,2,0.5634,Loyal,0.1215,Transactional
1500,19,Male,Boots,Footwear,85,Georgia,S,Olive,Fall,3.4,0,Free Shipping,1,1,24,Credit Card,Quarterly,4,1,Medium,Growing,High,0.3738,Silver,Low_Value_Promo_Dependent,18-24,0,0,2,0.2113,Transactional,0.3291,Transactional
1501,63,Male,Jeans,Clothing,69,Alabama,L,Maroon,Summer,4.8,0,Next Day Air,1,1,22,Debit Card,Monthly,12,1,High,Growing,Medium,0.3802,Silver,Low_Value_Promo_Dependent,55-64,1,0,1,0.2577,Transactional,0.4751,Developing
1502,37,Male,Jeans,Clothing,55,Alaska,XL,Silver,Spring,2.7,0,Standard,1,1,13,Debit Card,Quarterly,4,1,Low,Growing,Medium,0.209,Bronze,Low_Value_Promo_Dependent,35-44,0,0,3,0.1215,Transactional,0.1374,Transactional
1503,37,Male,Pants,Clothing,66,Massachusetts,M,Black,Summer,3.2,0,Store Pickup,1,1,20,Cash,Fortnightly,26,1,Medium,Growing,Medium,0.4662,Gold,High_Value_Promo_Dependent,35-44,0,1,2,0.3512,Developing,0.2418,Transactional
1504,50,Male,Jacket,Outerwear,30,Michigan,M,Maroon,Fall,3.9,0,2-Day Shipping,1,1,46,Cash,Quarterly,4,1,Medium,Veteran,Low,0.4159,Silver,Low_Value_Promo_Dependent,45-54,1,0,2,0.3909,Developing,0.2272,Transactional
1505,60,Male,Jacket,Outerwear,80,Alaska,M,Teal,Winter,4.2,0,Next Day Air,1,1,10,Bank Transfer,Monthly,12,1,High,Growing,High,0.3097,Silver,Low_Value_Promo_Dependent,55-64,1,0,1,0.1597,Transactional,0.4255,Developing
1506,46,Male,Belt,Accessories,20,North Dakota,M,Teal,Summer,3.0,0,Express,1,1,39,Cash,Monthly,12,1,Medium,Established,Low,0.3965,Silver,Low_Value_Promo_Dependent,45-54,1,0,2,0.3965,Developing,0.07,Transactional
1507,35,Male,Shirt,Clothing,30,South Carolina,L,Beige,Fall,3.0,0,2-Day Shipping,1,1,44,PayPal,Quarterly,4,1,Medium,Veteran,Low,0.3995,Silver,Low_Value_Promo_Dependent,35-44,1,0,2,0.3745,Developing,0.1013,Transactional
1508,66,Male,Dress,Clothing,86,Pennsylvania,S,Maroon,Winter,3.7,0,2-Day Shipping,1,1,7,Venmo,Annually,1,1,Medium,New,High,0.214,Bronze,Low_Value_Promo_Dependent,65+,1,0,2,0.049,Transactional,0.3743,Transactional
1509,35,Male,Blouse,Clothing,84,Colorado,L,Beige,Spring,4.4,0,Store Pickup,1,1,3,Cash,Quarterly,4,1,High,New,High,0.1999,Bronze,Low_Value_Promo_Dependent,35-44,0,0,1,0.0399,Transactional,0.466,Developing
1510,20,Male,Dress,Clothing,54,New Hampshire,XL,White,Summer,4.6,0,Free Shipping,1,1,44,Debit Card,Annually,1,1,High,Veteran,Medium,0.436,Silver,Low_Value_Promo_Dependent,18-24,0,0,1,0.351,Developing,0.4002,Developing
1511,55,Male,Blouse,Clothing,30,Maryland,XL,Gray,Fall,3.0,0,Free Shipping,1,1,31,Venmo,Annually,1,1,Medium,Established,Low,0.2699,Silver,Low_Value_Promo_Dependent,55-64,0,0,2,0.2449,Transactional,0.1013,Transactional
1512,34,Male,Dress,Clothing,91,Georgia,M,Violet,Winter,3.6,0,Express,1,1,48,Credit Card,Weekly,52,1,Medium,Veteran,High,0.9612,Platinum,High_Value_Promo_Dependent,25-34,1,1,2,0.7837,Loyal,0.3759,Transactional
1513,60,Male,Sneakers,Footwear,23,Wisconsin,L,Silver,Winter,3.9,0,Standard,1,1,18,PayPal,Fortnightly,26,1,Medium,Growing,Low,0.3424,Silver,Low_Value_Promo_Dependent,55-64,0,0,2,0.3349,Transactional,0.2054,Transactional
1514,22,Male,Socks,Clothing,35,Texas,M,Red,Spring,4.1,0,Free Shipping,1,1,27,Cash,Monthly,12,1,High,Established,Low,0.336,Silver,Low_Value_Promo_Dependent,18-24,0,0,1,0.2985,Transactional,0.2709,Transactional
1515,26,Male,Shoes,Footwear,90,Utah,L,Brown,Winter,3.9,0,2-Day Shipping,1,1,1,Venmo,Weekly,52,1,Medium,New,High,0.575,Gold,High_Value_Promo_Dependent,25-34,1,1,2,0.4,Developing,0.4148,Developing
1516,39,Male,Jeans,Clothing,93,Indiana,S,Turquoise,Fall,3.9,0,2-Day Shipping,1,1,34,Cash,Weekly,52,1,Medium,Established,High,0.8519,Platinum,High_Value_Promo_Dependent,35-44,1,1,2,0.6694,Loyal,0.4241,Developing
1517,20,Male,Jeans,Clothing,68,Nevada,L,Indigo,Winter,4.5,0,Express,1,1,5,Bank Transfer,Fortnightly,26,1,High,New,Medium,0.3487,Silver,Low_Value_Promo_Dependent,18-24,1,0,1,0.2287,Transactional,0.43,Developing
1518,57,Male,Gloves,Accessories,41,New Hampshire,M,Violet,Spring,3.4,0,Standard,1,1,12,Cash,Quarterly,4,1,Medium,Growing,Low,0.1658,Bronze,Low_Value_Promo_Dependent,55-64,0,0,2,0.1133,Transactional,0.1916,Transactional
1519,68,Male,Belt,Accessories,73,New York,M,Yellow,Winter,4.1,0,Next Day Air,1,1,14,Venmo,Fortnightly,26,1,High,Growing,High,0.4347,Silver,Low_Value_Promo_Dependent,65+,1,0,1,0.3022,Transactional,0.3896,Developing
1520,50,Male,Sunglasses,Accessories,73,Texas,L,Cyan,Fall,4.9,0,Next Day Air,1,1,40,PayPal,Weekly,52,1,High,Veteran,High,0.8509,Platinum,High_Value_Promo_Dependent,45-54,1,1,1,0.7184,Loyal,0.5016,Developing
1521,21,Male,Hat,Accessories,66,Iowa,M,Brown,Summer,4.4,0,2-Day Shipping,1,1,39,Cash,Quarterly,4,1,High,Established,Medium,0.4487,Silver,Low_Value_Promo_Dependent,18-24,1,0,1,0.3337,Transactional,0.4098,Developing
1522,29,Male,Backpack,Accessories,59,Washington,M,White,Summer,2.7,0,2-Day Shipping,1,1,50,Bank Transfer,Weekly,52,1,Low,Veteran,Medium,0.8975,Platinum,High_Value_Promo_Dependent,25-34,1,1,3,0.8,Loyal,0.1499,Transactional
1523,38,Male,Shorts,Clothing,72,Tennessee,L,Yellow,Spring,4.8,0,Free Shipping,1,1,5,Debit Card,Monthly,12,1,High,New,Medium,0.2489,Bronze,Low_Value_Promo_Dependent,35-44,0,0,1,0.1189,Transactional,0.4845,Developing
1524,54,Male,Socks,Clothing,88,Georgia,M,White,Summer,3.3,0,2-Day Shipping,1,1,35,Debit Card,Annually,1,1,Medium,Established,High,0.4476,Silver,Low_Value_Promo_Dependent,45-54,1,0,2,0.2776,Transactional,0.3245,Transactional
1525,22,Male,Socks,Clothing,76,Massachusetts,L,Pink,Summer,4.4,0,Free Shipping,1,1,6,Cash,Fortnightly,26,1,High,New,High,0.3769,Silver,Low_Value_Promo_Dependent,18-24,0,0,1,0.2369,Transactional,0.441,Developing
1526,29,Male,Belt,Accessories,31,Oregon,M,Indigo,Winter,4.6,0,2-Day Shipping,1,1,22,Cash,Fortnightly,26,1,High,Growing,Low,0.395,Silver,Low_Value_Promo_Dependent,25-34,1,0,1,0.3675,Developing,0.3284,Transactional
1527,41,Male,Jacket,Outerwear,22,Oklahoma,L,White,Summer,3.1,0,Next Day Air,1,1,27,PayPal,Monthly,12,1,Medium,Established,Low,0.3035,Silver,Low_Value_Promo_Dependent,35-44,1,0,2,0.2985,Transactional,0.0903,Transactional
1528,26,Male,Hat,Accessories,75,Wisconsin,L,Red,Fall,4.5,0,2-Day Shipping,1,1,33,Debit Card,Fortnightly,26,1,High,Established,High,0.5948,Gold,High_Value_Promo_Dependent,25-34,1,1,1,0.4573,Developing,0.4519,Developing
1529,69,Male,T-shirt,Clothing,75,Oregon,S,Red,Spring,4.0,0,Store Pickup,1,1,47,Venmo,Fortnightly,26,1,High,Veteran,High,0.7091,Platinum,High_Value_Promo_Dependent,65+,0,1,1,0.5716,Loyal,0.3819,Transactional
1530,20,Male,Backpack,Accessories,63,Georgia,M,Lavender,Winter,3.1,0,Free Shipping,1,1,48,Credit Card,Fortnightly,26,1,Medium,Veteran,Medium,0.6873,Platinum,High_Value_Promo_Dependent,18-24,0,1,2,0.5798,Loyal,0.2184,Transactional
1531,59,Male,Coat,Outerwear,21,New Mexico,M,Teal,Spring,3.9,0,Next Day Air,1,1,22,Bank Transfer,Quarterly,4,1,Medium,Growing,Low,0.1975,Bronze,Low_Value_Promo_Dependent,55-64,1,0,2,0.195,Transactional,0.1991,Transactional
1532,63,Male,Backpack,Accessories,83,Mississippi,S,Violet,Spring,4.5,0,Next Day Air,1,1,8,PayPal,Fortnightly,26,1,High,New,High,0.4107,Silver,Low_Value_Promo_Dependent,55-64,1,0,1,0.2532,Transactional,0.4769,Developing
1533,68,Male,Jacket,Outerwear,46,Wisconsin,S,Silver,Winter,4.4,0,Next Day Air,1,1,5,PayPal,Quarterly,4,1,High,New,Medium,0.1212,Bronze,Low_Value_Promo_Dependent,65+,1,0,1,0.0562,Transactional,0.3473,Transactional
1534,50,Male,Shoes,Footwear,59,New Hampshire,M,Gold,Summer,3.6,0,2-Day Shipping,1,1,16,Bank Transfer,Quarterly,4,1,Medium,Growing,Medium,0.2435,Bronze,Low_Value_Promo_Dependent,45-54,1,0,2,0.146,Transactional,0.2759,Transactional
1535,55,Male,Blouse,Clothing,66,Wyoming,M,Green,Summer,3.4,0,Free Shipping,1,1,26,Venmo,Fortnightly,26,1,Medium,Established,Medium,0.5152,Gold,High_Value_Promo_Dependent,55-64,0,1,2,0.4002,Developing,0.2698,Transactional
1536,36,Male,Sandals,Footwear,74,West Virginia,S,Turquoise,Fall,4.0,0,2-Day Shipping,1,1,8,Venmo,Monthly,12,1,High,New,High,0.2784,Silver,Low_Value_Promo_Dependent,35-44,1,0,1,0.1434,Transactional,0.3788,Transactional
1537,18,Male,Sunglasses,Accessories,82,Michigan,M,Indigo,Summer,2.6,0,Store Pickup,1,1,17,Cash,Quarterly,4,1,Low,Growing,High,0.3091,Silver,Low_Value_Promo_Dependent,18-24,0,0,3,0.1541,Transactional,0.2078,Transactional
1538,68,Male,Shoes,Footwear,89,Alaska,L,Black,Spring,3.2,0,Next Day Air,1,1,50,Venmo,Annually,1,1,Medium,Veteran,High,0.5725,Gold,High_Value_Promo_Dependent,65+,1,1,2,0.4,Developing,0.3136,Transactional
1539,56,Male,Dress,Clothing,65,Illinois,L,Charcoal,Fall,3.2,0,Standard,1,1,22,Venmo,Fortnightly,26,1,Medium,Growing,Medium,0.48,Gold,High_Value_Promo_Dependent,55-64,0,1,2,0.3675,Developing,0.2386,Transactional
1540,32,Male,Belt,Accessories,55,Hawaii,M,Turquoise,Spring,5.0,0,2-Day Shipping,1,1,19,Cash,Quarterly,4,1,High,Growing,Medium,0.258,Silver,Low_Value_Promo_Dependent,25-34,1,0,1,0.1705,Transactional,0.4594,Developing
1541,28,Male,Shorts,Clothing,95,Colorado,M,Red,Winter,2.9,0,Next Day Air,1,1,14,Bank Transfer,Monthly,12,1,Low,Growing,High,0.3799,Silver,Low_Value_Promo_Dependent,25-34,1,0,3,0.1924,Transactional,0.2904,Transactional
1542,24,Male,Handbag,Accessories,77,Illinois,S,Indigo,Winter,2.9,0,Store Pickup,1,1,35,Cash,Fortnightly,26,1,Low,Established,High,0.6161,Gold,High_Value_Promo_Dependent,18-24,0,1,3,0.4736,Developing,0.2341,Transactional
1543,59,Male,Blouse,Clothing,44,Hawaii,M,Maroon,Winter,3.5,0,Next Day Air,1,1,43,PayPal,Weekly,52,1,Medium,Veteran,Low,0.8029,Platinum,High_Value_Promo_Dependent,55-64,1,1,2,0.7429,Loyal,0.215,Transactional
1544,56,Male,Jeans,Clothing,89,Wisconsin,M,Indigo,Fall,4.0,0,Standard,1,1,24,Venmo,Annually,1,1,High,Growing,High,0.3603,Silver,Low_Value_Promo_Dependent,55-64,0,0,1,0.1878,Transactional,0.4256,Developing
1545,30,Male,Jewelry,Accessories,24,Arkansas,M,Maroon,Spring,3.9,0,Standard,1,1,17,Debit Card,Fortnightly,26,1,Medium,Growing,Low,0.3367,Silver,Low_Value_Promo_Dependent,25-34,0,0,2,0.3267,Transactional,0.2085,Transactional
1546,48,Male,Belt,Accessories,43,Delaware,M,Black,Winter,4.9,0,Store Pickup,1,1,49,Bank Transfer,Annually,1,1,High,Veteran,Low,0.4493,Silver,Low_Value_Promo_Dependent,45-54,0,0,1,0.3918,Developing,0.4079,Developing
1547,60,Male,Sneakers,Footwear,51,Oregon,XL,Purple,Summer,3.8,0,Express,1,1,17,Bank Transfer,Annually,1,1,Medium,Growing,Medium,0.2081,Bronze,Low_Value_Promo_Dependent,55-64,1,0,2,0.1306,Transactional,0.2789,Transactional
1548,46,Male,Hat,Accessories,46,South Carolina,L,Teal,Summer,3.5,0,Standard,1,1,40,Cash,Quarterly,4,1,Medium,Veteran,Medium,0.4069,Silver,Low_Value_Promo_Dependent,45-54,0,0,2,0.3419,Transactional,0.2213,Transactional
1549,69,Male,Dress,Clothing,32,Maryland,M,Silver,Summer,3.7,0,Store Pickup,1,1,43,Bank Transfer,Weekly,52,1,Medium,Veteran,Low,0.7729,Platinum,High_Value_Promo_Dependent,65+,0,1,2,0.7429,Loyal,0.2055,Transactional
1550,19,Male,Sneakers,Footwear,55,Kansas,M,Black,Spring,2.9,0,2-Day Shipping,1,1,19,Debit Card,Quarterly,4,1,Low,Growing,Medium,0.258,Silver,Low_Value_Promo_Dependent,18-24,1,0,3,0.1705,Transactional,0.1654,Transactional
1551,66,Male,Sunglasses,Accessories,26,Arkansas,S,Black,Summer,2.8,0,Free Shipping,1,1,40,Bank Transfer,Quarterly,4,1,Low,Veteran,Low,0.3569,Silver,Low_Value_Promo_Dependent,65+,0,0,3,0.3419,Transactional,0.0607,Transactional
1552,64,Male,Handbag,Accessories,29,Minnesota,M,Olive,Summer,3.7,0,2-Day Shipping,1,1,13,Credit Card,Monthly,12,1,Medium,Growing,Low,0.2067,Bronze,Low_Value_Promo_Dependent,55-64,1,0,2,0.1842,Transactional,0.1961,Transactional
1553,54,Male,Blouse,Clothing,49,New Mexico,L,Purple,Spring,3.0,0,Express,1,1,20,Credit Card,Monthly,12,1,Medium,Growing,Medium,0.3139,Silver,Low_Value_Promo_Dependent,45-54,1,0,2,0.2414,Transactional,0.1606,Transactional
1554,27,Male,Blouse,Clothing,45,Delaware,M,Indigo,Spring,4.8,0,Free Shipping,1,1,21,Debit Card,Quarterly,4,1,High,Growing,Medium,0.2493,Bronze,Low_Value_Promo_Dependent,25-34,0,0,1,0.1868,Transactional,0.4001,Developing
1555,64,Male,Shorts,Clothing,48,Utah,S,Lavender,Winter,2.7,0,Standard,1,1,18,Cash,Fortnightly,26,1,Low,Growing,Medium,0.4049,Silver,Low_Value_Promo_Dependent,55-64,0,0,3,0.3349,Transactional,0.1155,Transactional
1556,43,Male,Shorts,Clothing,47,Ohio,S,Cyan,Winter,4.5,0,Free Shipping,1,1,44,Cash,Quarterly,4,1,High,Veteran,Medium,0.442,Silver,Low_Value_Promo_Dependent,35-44,0,0,1,0.3745,Developing,0.3644,Transactional
1557,43,Male,Hoodie,Clothing,57,Alabama,M,Gold,Fall,2.7,0,Standard,1,1,26,Credit Card,Quarterly,4,1,Low,Established,Medium,0.3201,Silver,Low_Value_Promo_Dependent,35-44,0,0,3,0.2276,Transactional,0.1436,Transactional
1558,27,Male,Backpack,Accessories,34,South Dakota,L,Magenta,Fall,3.5,0,Next Day Air,1,1,34,PayPal,Quarterly,4,1,Medium,Established,Low,0.3279,Silver,Low_Value_Promo_Dependent,25-34,1,0,2,0.2929,Transactional,0.1838,Transactional
1559,35,Male,Sunglasses,Accessories,75,New Mexico,XL,Teal,Fall,3.5,0,Express,1,1,24,Credit Card,Quarterly,4,1,Medium,Growing,High,0.3488,Silver,Low_Value_Promo_Dependent,35-44,1,0,2,0.2113,Transactional,0.3119,Transactional
1560,43,Male,Scarf,Accessories,94,Oregon,L,Beige,Fall,4.5,0,Store Pickup,1,1,23,PayPal,Fortnightly,26,1,High,Growing,High,0.5607,Gold,High_Value_Promo_Dependent,35-44,0,1,1,0.3757,Developing,0.5112,Developing
1561,57,Male,Hat,Accessories,84,Oregon,M,Teal,Winter,3.8,0,Free Shipping,1,1,3,Debit Card,Weekly,52,1,Medium,New,High,0.5763,Gold,High_Value_Promo_Dependent,55-64,0,1,2,0.4163,Developing,0.382,Transactional
1562,50,Male,Scarf,Accessories,38,Mississippi,M,Indigo,Summer,3.8,0,Standard,1,1,2,Bank Transfer,Quarterly,4,1,Medium,New,Low,0.0767,Bronze,Low_Value_Promo_Dependent,45-54,0,0,2,0.0317,Transactional,0.2382,Transactional
1563,37,Male,Scarf,Accessories,75,Alabama,M,Purple,Winter,3.2,0,Next Day Air,1,1,23,Venmo,Fortnightly,26,1,Medium,Growing,High,0.5132,Gold,High_Value_Promo_Dependent,35-44,1,1,2,0.3757,Developing,0.2699,Transactional
1564,68,Male,Pants,Clothing,44,Kansas,M,Teal,Fall,4.3,0,Next Day Air,1,1,8,Cash,Weekly,52,1,High,New,Low,0.5171,Gold,High_Value_Promo_Dependent,65+,1,1,1,0.4571,Developing,0.327,Transactional
1565,22,Male,Backpack,Accessories,33,California,XL,Turquoise,Summer,4.5,0,Next Day Air,1,1,30,Debit Card,Quarterly,4,1,High,Established,Low,0.2928,Silver,Low_Value_Promo_Dependent,18-24,1,0,1,0.2603,Transactional,0.3206,Transactional
1566,58,Male,Sunglasses,Accessories,93,Idaho,L,Peach,Fall,4.2,0,Free Shipping,1,1,48,PayPal,Annually,1,1,High,Veteran,High,0.5662,Gold,High_Value_Promo_Dependent,55-64,0,1,1,0.3837,Developing,0.4661,Developing
1567,48,Male,Sneakers,Footwear,99,Wyoming,S,Green,Winter,3.0,0,Free Shipping,1,1,21,Cash,Fortnightly,26,1,Medium,Growing,High,0.5568,Gold,High_Value_Promo_Dependent,45-54,0,1,2,0.3593,Developing,0.3169,Transactional
1568,30,Male,Backpack,Accessories,33,Minnesota,M,Turquoise,Spring,4.1,0,Standard,1,1,9,Cash,Monthly,12,1,High,New,Low,0.1841,Bronze,Low_Value_Promo_Dependent,25-34,0,0,1,0.1516,Transactional,0.2646,Transactional
1569,51,Male,Sneakers,Footwear,76,Washington,L,Yellow,Spring,4.6,0,Store Pickup,1,1,8,Debit Card,Monthly,12,1,High,New,High,0.2834,Silver,Low_Value_Promo_Dependent,45-54,0,0,1,0.1434,Transactional,0.469,Developing
1570,20,Male,Skirt,Clothing,63,Hawaii,M,Orange,Summer,2.9,0,Standard,1,1,29,Debit Card,Weekly,52,1,Low,Established,Medium,0.7361,Platinum,High_Value_Promo_Dependent,18-24,0,1,3,0.6286,Loyal,0.1904,Transactional
1571,30,Male,Pants,Clothing,41,Missouri,L,Brown,Winter,4.8,0,Next Day Air,1,1,3,Bank Transfer,Quarterly,4,1,High,New,Low,0.0924,Bronze,Low_Value_Promo_Dependent,25-34,1,0,1,0.0399,Transactional,0.3876,Developing
1572,28,Male,Jewelry,Accessories,88,Colorado,L,Silver,Winter,4.5,0,Next Day Air,1,1,11,Bank Transfer,Fortnightly,26,1,High,Growing,High,0.4477,Silver,Low_Value_Promo_Dependent,25-34,1,0,1,0.2777,Transactional,0.4925,Developing
1573,37,Male,Skirt,Clothing,92,Washington,L,White,Summer,3.4,0,2-Day Shipping,1,1,16,Debit Card,Monthly,12,1,Medium,Growing,High,0.3887,Silver,Low_Value_Promo_Dependent,35-44,1,0,2,0.2087,Transactional,0.351,Transactional
1574,36,Male,T-shirt,Clothing,31,North Dakota,L,Indigo,Summer,4.3,0,2-Day Shipping,1,1,25,Debit Card,Weekly,52,1,High,Established,Low,0.6234,Gold,High_Value_Promo_Dependent,35-44,1,1,1,0.5959,Loyal,0.2864,Transactional
1575,18,Male,Skirt,Clothing,25,Minnesota,S,Magenta,Spring,4.2,0,Free Shipping,1,1,32,PayPal,Fortnightly,26,1,High,Established,Low,0.4616,Gold,High_Value_Promo_Dependent,18-24,0,1,1,0.4491,Developing,0.2536,Transactional
1576,52,Male,Shirt,Clothing,28,California,M,Turquoise,Spring,3.6,0,Next Day Air,1,1,28,Cash,Fortnightly,26,1,Medium,Established,Low,0.4365,Silver,Low_Value_Promo_Dependent,45-54,1,0,2,0.4165,Developing,0.179,Transactional
1577,56,Male,Dress,Clothing,75,Michigan,M,White,Spring,3.7,0,2-Day Shipping,1,1,36,PayPal,Monthly,12,1,Medium,Established,High,0.5095,Gold,High_Value_Promo_Dependent,55-64,1,1,2,0.372,Developing,0.3399,Transactional
1578,68,Male,Boots,Footwear,34,Delaware,S,Olive,Spring,4.0,0,Standard,1,1,7,Venmo,Fortnightly,26,1,High,New,Low,0.2801,Silver,Low_Value_Promo_Dependent,65+,0,0,1,0.2451,Transactional,0.2538,Transactional
1579,62,Male,Pants,Clothing,97,California,S,Maroon,Winter,4.9,0,2-Day Shipping,1,1,2,PayPal,Quarterly,4,1,High,New,High,0.2242,Bronze,Low_Value_Promo_Dependent,55-64,1,0,1,0.0317,Transactional,0.5766,Loyal
1580,35,Male,Jacket,Outerwear,80,Oklahoma,M,Violet,Summer,3.1,0,Free Shipping,1,1,6,Bank Transfer,Monthly,12,1,Medium,New,High,0.2771,Silver,Low_Value_Promo_Dependent,35-44,0,0,2,0.1271,Transactional,0.2715,Transactional
1581,65,Male,Sneakers,Footwear,71,North Dakota,L,Cyan,Summer,3.7,0,Standard,1,1,30,Cash,Annually,1,1,Medium,Established,Medium,0.3642,Silver,Low_Value_Promo_Dependent,65+,0,0,2,0.2367,Transactional,0.3274,Transactional
1582,69,Male,Jewelry,Accessories,77,Ohio,L,Teal,Fall,4.2,0,Free Shipping,1,1,46,Cash,Quarterly,4,1,High,Veteran,High,0.5334,Gold,High_Value_Promo_Dependent,65+,0,1,1,0.3909,Developing,0.4161,Developing
1583,28,Male,Belt,Accessories,41,Hawaii,L,Red,Spring,2.5,0,Next Day Air,1,1,39,Cash,Monthly,12,1,Low,Established,Low,0.449,Silver,Low_Value_Promo_Dependent,25-34,1,0,3,0.3965,Developing,0.0656,Transactional
1584,37,Male,Scarf,Accessories,92,Maryland,XL,Yellow,Summer,4.3,0,Next Day Air,1,1,8,Venmo,Annually,1,1,High,New,High,0.2371,Bronze,Low_Value_Promo_Dependent,35-44,1,0,1,0.0571,Transactional,0.477,Developing
1585,41,Male,Blouse,Clothing,95,Hawaii,S,Silver,Spring,3.1,0,Store Pickup,1,1,46,Credit Card,Quarterly,4,1,Medium,Veteran,High,0.5784,Gold,High_Value_Promo_Dependent,35-44,0,1,2,0.3909,Developing,0.3184,Transactional
1586,37,Male,Sweater,Clothing,25,Alabama,M,Charcoal,Fall,3.0,0,Next Day Air,1,1,40,Debit Card,Fortnightly,26,1,Medium,Veteran,Low,0.5269,Gold,High_Value_Promo_Dependent,35-44,1,1,2,0.5144,Developing,0.0856,Transactional
1587,25,Male,Boots,Footwear,77,Oklahoma,M,Purple,Fall,4.0,0,Express,1,1,21,Bank Transfer,Weekly,52,1,High,Growing,High,0.7058,Platinum,High_Value_Promo_Dependent,25-34,1,1,1,0.5633,Loyal,0.3881,Developing
1588,41,Male,Socks,Clothing,99,Alabama,M,Beige,Summer,3.5,0,Free Shipping,1,1,33,Credit Card,Fortnightly,26,1,Medium,Established,High,0.6548,Platinum,High_Value_Promo_Dependent,35-44,0,1,2,0.4573,Developing,0.3869,Developing
1589,48,Male,Belt,Accessories,24,Vermont,L,Cyan,Winter,3.2,0,Next Day Air,1,1,3,Venmo,Monthly,12,1,Medium,New,Low,0.1126,Bronze,Low_Value_Promo_Dependent,45-54,1,0,2,0.1026,Transactional,0.1105,Transactional
1590,42,Male,Sneakers,Footwear,72,Ohio,M,Silver,Summer,2.7,0,Store Pickup,1,1,48,Cash,Weekly,52,1,Low,Veteran,Medium,0.9137,Platinum,High_Value_Promo_Dependent,35-44,0,1,3,0.7837,Loyal,0.1905,Transactional
1591,54,Male,Jeans,Clothing,80,Wisconsin,S,Pink,Winter,3.0,0,Free Shipping,1,1,8,PayPal,Annually,1,1,Medium,New,High,0.2071,Bronze,Low_Value_Promo_Dependent,45-54,0,0,2,0.0571,Transactional,0.2575,Transactional
1592,18,Male,Skirt,Clothing,100,South Dakota,L,Gold,Winter,2.9,0,Next Day Air,1,1,24,PayPal,Annually,1,1,Low,Growing,High,0.3878,Silver,Low_Value_Promo_Dependent,18-24,1,0,3,0.1878,Transactional,0.306,Transactional
1593,56,Male,Shoes,Footwear,83,Iowa,M,Cyan,Summer,3.3,0,Free Shipping,1,1,10,Bank Transfer,Quarterly,4,1,Medium,Growing,High,0.2545,Silver,Low_Value_Promo_Dependent,55-64,0,0,2,0.097,Transactional,0.3089,Transactional
1594,61,Male,Dress,Clothing,95,Maryland,M,Black,Spring,4.9,0,2-Day Shipping,1,1,25,Bank Transfer,Monthly,12,1,High,Established,High,0.4697,Gold,High_Value_Promo_Dependent,55-64,1,1,1,0.2822,Transactional,0.5704,Loyal
1595,40,Male,Handbag,Accessories,41,Colorado,XL,Charcoal,Summer,3.7,0,Store Pickup,1,1,3,Cash,Fortnightly,26,1,Medium,New,Low,0.2649,Silver,Low_Value_Promo_Dependent,35-44,0,0,2,0.2124,Transactional,0.2336,Transactional
1596,34,Male,Backpack,Accessories,35,Wisconsin,S,Magenta,Spring,3.5,0,Standard,1,1,45,Debit Card,Fortnightly,26,1,Medium,Veteran,Low,0.5928,Gold,High_Value_Promo_Dependent,25-34,0,1,2,0.5553,Loyal,0.1869,Transactional
1597,42,Male,Jewelry,Accessories,30,Mississippi,S,Pink,Fall,4.7,0,Store Pickup,1,1,15,Debit Card,Monthly,12,1,High,Growing,Low,0.2256,Bronze,Low_Value_Promo_Dependent,35-44,0,0,1,0.2006,Transactional,0.3392,Transactional
1598,43,Male,Hat,Accessories,21,Mississippi,XL,Maroon,Winter,2.6,0,Store Pickup,1,1,34,Bank Transfer,Quarterly,4,1,Low,Established,Low,0.2954,Silver,Low_Value_Promo_Dependent,35-44,0,0,3,0.2929,Transactional,0.0171,Transactional
1599,47,Male,Jewelry,Accessories,85,California,M,Teal,Fall,4.1,0,Express,1,1,21,Venmo,Fortnightly,26,1,High,Growing,High,0.5218,Gold,High_Value_Promo_Dependent,45-54,1,1,1,0.3593,Developing,0.4271,Developing
1600,48,Male,Shirt,Clothing,54,Delaware,M,Orange,Winter,2.8,0,2-Day Shipping,1,1,22,Debit Card,Fortnightly,26,1,Low,Growing,Medium,0.4525,Gold,High_Value_Promo_Dependent,45-54,1,1,3,0.3675,Developing,0.1482,Transactional
1601,20,Male,Boots,Footwear,26,Montana,S,Yellow,Spring,4.7,0,Next Day Air,1,1,24,PayPal,Weekly,52,1,High,Growing,Low,0.6028,Gold,High_Value_Promo_Dependent,18-24,1,1,1,0.5878,Loyal,0.3268,Transactional
1602,65,Male,Shirt,Clothing,59,Indiana,XL,Red,Spring,2.9,0,Store Pickup,1,1,33,Credit Card,Monthly,12,1,Low,Established,Medium,0.445,Silver,Low_Value_Promo_Dependent,65+,0,0,3,0.3475,Developing,0.1779,Transactional
1603,54,Male,Sunglasses,Accessories,48,West Virginia,S,Charcoal,Winter,2.8,0,Free Shipping,1,1,13,Venmo,Fortnightly,26,1,Low,Growing,Medium,0.364,Silver,Low_Value_Promo_Dependent,45-54,0,0,3,0.294,Transactional,0.1295,Transactional
1604,23,Male,Shorts,Clothing,98,Iowa,L,Black,Summer,4.3,0,Next Day Air,1,1,17,Debit Card,Fortnightly,26,1,High,Growing,High,0.5217,Gold,High_Value_Promo_Dependent,18-24,1,1,1,0.3267,Transactional,0.4958,Developing
1605,18,Male,Sweater,Clothing,92,Maine,M,White,Summer,4.8,0,2-Day Shipping,1,1,25,Credit Card,Quarterly,4,1,High,Established,High,0.3994,Silver,Low_Value_Promo_Dependent,18-24,1,0,1,0.2194,Transactional,0.547,Loyal
1606,70,Male,Belt,Accessories,46,Connecticut,M,Lavender,Winter,3.4,0,Next Day Air,1,1,15,Credit Card,Fortnightly,26,1,Medium,Growing,Medium,0.3754,Silver,Low_Value_Promo_Dependent,65+,1,0,2,0.3104,Transactional,0.2073,Transactional
1607,55,Male,T-shirt,Clothing,21,Kansas,S,White,Spring,4.3,0,Standard,1,1,4,PayPal,Fortnightly,26,1,High,New,Low,0.2231,Bronze,Low_Value_Promo_Dependent,55-64,0,0,1,0.2206,Transactional,0.2551,Transactional
1608,49,Male,Shorts,Clothing,72,Vermont,S,Gray,Fall,2.7,0,Free Shipping,1,1,43,Debit Card,Quarterly,4,1,Low,Veteran,Medium,0.4964,Gold,High_Value_Promo_Dependent,45-54,0,1,3,0.3664,Developing,0.1905,Transactional
1609,26,Male,Sandals,Footwear,58,Nebraska,XL,Cyan,Fall,4.6,0,Next Day Air,1,1,12,Bank Transfer,Fortnightly,26,1,High,Growing,Medium,0.3809,Silver,Low_Value_Promo_Dependent,25-34,1,0,1,0.2859,Transactional,0.4127,Developing
1610,33,Male,Shirt,Clothing,93,Nevada,S,Brown,Fall,4.1,0,Standard,1,1,3,Venmo,Monthly,12,1,High,New,High,0.2851,Silver,Low_Value_Promo_Dependent,25-34,0,0,1,0.1026,Transactional,0.4521,Developing
1611,20,Male,Socks,Clothing,31,Tennessee,L,Purple,Spring,3.4,0,2-Day Shipping,1,1,1,PayPal,Annually,1,1,Medium,New,Low,0.0275,Bronze,Low_Value_Promo_Dependent,18-24,1,0,2,0.0,Transactional,0.1604,Transactional
1612,41,Male,Pants,Clothing,26,Arkansas,L,Yellow,Winter,4.5,0,Next Day Air,1,1,6,Debit Card,Monthly,12,1,High,New,Low,0.1421,Bronze,Low_Value_Promo_Dependent,35-44,1,0,1,0.1271,Transactional,0.2987,Transactional
1613,18,Male,Skirt,Clothing,68,Wisconsin,M,Indigo,Summer,4.4,0,Standard,1,1,26,Venmo,Monthly,12,1,High,Established,Medium,0.4104,Silver,Low_Value_Promo_Dependent,18-24,0,0,1,0.2904,Transactional,0.416,Developing
1614,26,Male,Jewelry,Accessories,31,Illinois,S,Black,Summer,4.0,0,Next Day Air,1,1,6,Credit Card,Fortnightly,26,1,High,New,Low,0.2644,Silver,Low_Value_Promo_Dependent,25-34,1,0,1,0.2369,Transactional,0.2444,Transactional
1615,30,Male,T-shirt,Clothing,41,Kansas,S,Gray,Summer,3.4,0,Free Shipping,1,1,22,Cash,Fortnightly,26,1,Medium,Growing,Low,0.42,Silver,Low_Value_Promo_Dependent,25-34,0,0,2,0.3675,Developing,0.1916,Transactional
1616,64,Male,Jewelry,Accessories,62,New York,M,Indigo,Fall,3.2,0,Standard,1,1,45,Cash,Fortnightly,26,1,Medium,Veteran,Medium,0.6603,Platinum,High_Value_Promo_Dependent,55-64,0,1,2,0.5553,Loyal,0.2293,Transactional
1617,26,Male,Hat,Accessories,41,Colorado,M,Green,Spring,3.4,0,Standard,1,1,50,Cash,Quarterly,4,1,Medium,Veteran,Low,0.476,Gold,High_Value_Promo_Dependent,25-34,0,1,2,0.4235,Developing,0.1916,Transactional
1618,43,Male,Blouse,Clothing,64,Wisconsin,M,Peach,Winter,4.3,0,Standard,1,1,50,Credit Card,Fortnightly,26,1,High,Veteran,Medium,0.7061,Platinum,High_Value_Promo_Dependent,35-44,0,1,1,0.5961,Loyal,0.3895,Developing
1619,63,Male,Sandals,Footwear,72,Michigan,L,Purple,Summer,5.0,0,Standard,1,1,39,Debit Card,Quarterly,4,1,High,Established,Medium,0.4637,Gold,High_Value_Promo_Dependent,55-64,0,1,1,0.3337,Transactional,0.5125,Developing
1620,57,Male,Handbag,Accessories,78,Hawaii,L,Beige,Winter,3.5,0,Store Pickup,1,1,50,Venmo,Fortnightly,26,1,Medium,Veteran,High,0.7411,Platinum,High_Value_Promo_Dependent,55-64,0,1,2,0.5961,Loyal,0.3213,Transactional
1621,25,Male,Hat,Accessories,47,Virginia,M,Charcoal,Winter,3.1,0,2-Day Shipping,1,1,27,PayPal,Quarterly,4,1,Medium,Established,Medium,0.3033,Silver,Low_Value_Promo_Dependent,25-34,1,0,2,0.2358,Transactional,0.1684,Transactional
1622,68,Male,Scarf,Accessories,46,Ohio,L,Gray,Summer,3.9,0,2-Day Shipping,1,1,38,Debit Card,Fortnightly,26,1,Medium,Established,Medium,0.5631,Gold,High_Value_Promo_Dependent,65+,1,1,2,0.4981,Developing,0.2772,Transactional
1623,31,Male,Shorts,Clothing,43,Missouri,S,Brown,Winter,4.0,0,Store Pickup,1,1,37,Bank Transfer,Quarterly,4,1,High,Established,Low,0.3749,Silver,Low_Value_Promo_Dependent,25-34,0,0,1,0.3174,Transactional,0.2819,Transactional
1624,64,Male,Backpack,Accessories,58,Indiana,M,Cyan,Summer,3.5,0,Next Day Air,1,1,50,Debit Card,Annually,1,1,Medium,Veteran,Medium,0.495,Gold,High_Value_Promo_Dependent,55-64,1,1,2,0.4,Developing,0.2588,Transactional
1625,38,Male,Sweater,Clothing,32,Florida,M,White,Winter,3.6,0,Free Shipping,1,1,40,PayPal,Quarterly,4,1,Medium,Veteran,Low,0.3719,Silver,Low_Value_Promo_Dependent,35-44,0,0,2,0.3419,Transactional,0.1915,Transactional
1626,34,Male,Skirt,Clothing,45,Minnesota,L,Beige,Winter,3.0,0,Next Day Air,1,1,3,PayPal,Fortnightly,26,1,Medium,New,Medium,0.2749,Silver,Low_Value_Promo_Dependent,25-34,1,0,2,0.2124,Transactional,0.1481,Transactional
1627,32,Male,Sneakers,Footwear,35,Nevada,L,Orange,Summer,2.6,0,Next Day Air,1,1,45,Credit Card,Fortnightly,26,1,Low,Veteran,Low,0.5928,Gold,High_Value_Promo_Dependent,25-34,1,1,3,0.5553,Loyal,0.0609,Transactional
1628,69,Male,Sunglasses,Accessories,21,Maine,M,Olive,Winter,2.9,0,Next Day Air,1,1,8,Credit Card,Annually,1,1,Low,New,Low,0.0596,Bronze,Low_Value_Promo_Dependent,65+,1,0,3,0.0571,Transactional,0.0591,Transactional
1629,45,Male,Dress,Clothing,64,Massachusetts,S,Teal,Winter,3.1,0,Next Day Air,1,1,7,Cash,Monthly,12,1,Medium,New,Medium,0.2453,Bronze,Low_Value_Promo_Dependent,45-54,1,0,2,0.1353,Transactional,0.2215,Transactional
1630,35,Male,Blouse,Clothing,88,North Dakota,S,Silver,Spring,3.3,0,Next Day Air,1,1,13,Venmo,Quarterly,4,1,Medium,Growing,High,0.2915,Silver,Low_Value_Promo_Dependent,35-44,1,0,2,0.1215,Transactional,0.3245,Transactional
1631,63,Male,Shoes,Footwear,48,New Jersey,M,Gold,Summer,2.9,0,Store Pickup,1,1,29,Venmo,Quarterly,4,1,Low,Established,Medium,0.3221,Silver,Low_Value_Promo_Dependent,55-64,0,0,3,0.2521,Transactional,0.1435,Transactional
1632,65,Male,Sweater,Clothing,36,Indiana,L,Violet,Summer,3.9,0,2-Day Shipping,1,1,7,Bank Transfer,Fortnightly,26,1,Medium,New,Low,0.2851,Silver,Low_Value_Promo_Dependent,65+,1,0,2,0.2451,Transactional,0.246,Transactional
1633,35,Male,Gloves,Accessories,28,Oregon,S,White,Summer,4.7,0,2-Day Shipping,1,1,50,Debit Card,Quarterly,4,1,High,Veteran,Low,0.4435,Silver,Low_Value_Promo_Dependent,35-44,1,0,1,0.4235,Developing,0.333,Transactional
1634,54,Male,Socks,Clothing,80,North Dakota,M,Peach,Spring,4.4,0,2-Day Shipping,1,1,33,Debit Card,Fortnightly,26,1,High,Established,High,0.6073,Gold,High_Value_Promo_Dependent,45-54,1,1,1,0.4573,Developing,0.4535,Developing
1635,28,Male,Coat,Outerwear,23,South Carolina,S,Orange,Summer,3.6,0,Store Pickup,1,1,30,Cash,Quarterly,4,1,Medium,Established,Low,0.2678,Silver,Low_Value_Promo_Dependent,25-34,0,0,2,0.2603,Transactional,0.1634,Transactional
1636,68,Male,Sunglasses,Accessories,24,North Carolina,L,Violet,Summer,3.2,0,Standard,1,1,40,Cash,Annually,1,1,Medium,Veteran,Low,0.3284,Silver,Low_Value_Promo_Dependent,65+,0,0,2,0.3184,Transactional,0.1105,Transactional
1637,58,Male,Boots,Footwear,22,North Dakota,L,Green,Fall,4.0,0,Free Shipping,1,1,49,Cash,Fortnightly,26,1,High,Veteran,Low,0.5929,Gold,High_Value_Promo_Dependent,55-64,0,1,1,0.5879,Loyal,0.2163,Transactional
1638,35,Male,Dress,Clothing,21,Massachusetts,M,Peach,Spring,3.5,0,Next Day Air,1,1,32,Venmo,Fortnightly,26,1,Medium,Established,Low,0.4516,Gold,High_Value_Promo_Dependent,35-44,1,1,2,0.4491,Developing,0.1431,Transactional
1639,68,Male,Jacket,Outerwear,51,Tennessee,M,Black,Spring,4.6,0,Free Shipping,1,1,18,Venmo,Weekly,52,1,High,Growing,Medium,0.6163,Gold,High_Value_Promo_Dependent,65+,0,1,1,0.5388,Loyal,0.3909,Developing
1640,41,Male,Gloves,Accessories,65,Missouri,L,Blue,Summer,3.3,0,Free Shipping,1,1,50,PayPal,Annually,1,1,Medium,Veteran,Medium,0.5125,Gold,High_Value_Promo_Dependent,35-44,0,1,2,0.4,Developing,0.2526,Transactional
1641,65,Male,Scarf,Accessories,51,Tennessee,S,Magenta,Spring,4.0,0,2-Day Shipping,1,1,13,PayPal,Weekly,52,1,High,Growing,Medium,0.5755,Gold,High_Value_Promo_Dependent,65+,1,1,1,0.498,Developing,0.3069,Transactional
1642,50,Male,Hoodie,Clothing,32,Colorado,L,Violet,Summer,3.4,0,Free Shipping,1,1,1,Bank Transfer,Quarterly,4,1,Medium,New,Low,0.0535,Bronze,Low_Value_Promo_Dependent,45-54,0,0,2,0.0235,Transactional,0.1635,Transactional
1643,18,Male,Coat,Outerwear,70,Mississippi,M,Beige,Spring,4.2,0,Store Pickup,1,1,16,PayPal,Fortnightly,26,1,High,Growing,Medium,0.4435,Silver,Low_Value_Promo_Dependent,18-24,0,0,1,0.3185,Transactional,0.3943,Developing
1644,38,Male,Scarf,Accessories,77,Ohio,L,Pink,Summer,3.9,0,2-Day Shipping,1,1,6,PayPal,Monthly,12,1,Medium,New,High,0.2696,Silver,Low_Value_Promo_Dependent,35-44,1,0,2,0.1271,Transactional,0.3741,Transactional
1645,68,Male,Coat,Outerwear,90,North Carolina,S,Beige,Summer,3.9,0,Next Day Air,1,1,21,Debit Card,Monthly,12,1,Medium,Growing,High,0.4245,Silver,Low_Value_Promo_Dependent,65+,1,0,2,0.2495,Transactional,0.4148,Developing
1646,53,Male,Scarf,Accessories,36,Ohio,L,Green,Summer,2.8,0,Standard,1,1,36,Venmo,Quarterly,4,1,Low,Established,Low,0.3492,Silver,Low_Value_Promo_Dependent,45-54,0,0,3,0.3092,Transactional,0.092,Transactional
1647,58,Male,Handbag,Accessories,77,Nebraska,S,Silver,Summer,3.7,0,Standard,1,1,20,Bank Transfer,Quarterly,4,1,Medium,Growing,High,0.3211,Silver,Low_Value_Promo_Dependent,55-64,0,0,2,0.1786,Transactional,0.3461,Transactional
1648,34,Male,Boots,Footwear,78,Hawaii,M,Purple,Summer,4.9,0,Store Pickup,1,1,8,Debit Card,Quarterly,4,1,High,New,High,0.2257,Bronze,Low_Value_Promo_Dependent,25-34,0,0,1,0.0807,Transactional,0.5172,Developing
1649,36,Male,Pants,Clothing,69,Oklahoma,M,Gray,Summer,2.6,0,Express,1,1,22,Credit Card,Monthly,12,1,Low,Growing,Medium,0.3802,Silver,Low_Value_Promo_Dependent,35-44,1,0,3,0.2577,Transactional,0.1671,Transactional
1650,58,Male,T-shirt,Clothing,63,Wisconsin,M,White,Summer,4.9,0,Free Shipping,1,1,3,Credit Card,Quarterly,4,1,High,New,Medium,0.1474,Bronze,Low_Value_Promo_Dependent,55-64,0,0,1,0.0399,Transactional,0.4704,Developing
1651,60,Male,Scarf,Accessories,36,Arkansas,M,Silver,Winter,3.4,0,Next Day Air,1,1,46,Credit Card,Fortnightly,26,1,Medium,Veteran,Low,0.6034,Gold,High_Value_Promo_Dependent,55-64,1,1,2,0.5634,Loyal,0.176,Transactional
1652,59,Male,Coat,Outerwear,80,Texas,M,Blue,Winter,3.9,0,Standard,1,1,42,Debit Card,Monthly,12,1,Medium,Veteran,High,0.571,Gold,High_Value_Promo_Dependent,55-64,0,1,2,0.421,Developing,0.3835,Transactional
1653,65,Male,Sweater,Clothing,35,New Mexico,M,Orange,Summer,4.0,0,Next Day Air,1,1,1,Bank Transfer,Fortnightly,26,1,High,New,Low,0.2336,Bronze,Low_Value_Promo_Dependent,65+,1,0,1,0.1961,Transactional,0.2569,Transactional
1654,31,Male,Belt,Accessories,93,Colorado,L,Silver,Winter,3.0,0,2-Day Shipping,1,1,29,Debit Card,Fortnightly,26,1,Medium,Established,High,0.6071,Gold,High_Value_Promo_Dependent,25-34,1,1,2,0.4246,Developing,0.2981,Transactional
1655,43,Male,Belt,Accessories,25,Indiana,L,Gray,Spring,2.6,0,Store Pickup,1,1,14,Credit Card,Quarterly,4,1,Low,Growing,Low,0.1422,Bronze,Low_Value_Promo_Dependent,35-44,0,0,3,0.1297,Transactional,0.0296,Transactional
1656,37,Male,Sweater,Clothing,81,Arizona,L,Gold,Spring,3.2,0,Next Day Air,1,1,4,PayPal,Monthly,12,1,Medium,New,High,0.2633,Silver,Low_Value_Promo_Dependent,35-44,1,0,2,0.1108,Transactional,0.2886,Transactional
1657,21,Male,Blouse,Clothing,42,Indiana,L,Brown,Spring,2.6,0,2-Day Shipping,1,1,41,PayPal,Quarterly,4,1,Low,Veteran,Low,0.4051,Silver,Low_Value_Promo_Dependent,18-24,1,0,3,0.3501,Developing,0.0828,Transactional
1658,69,Male,Skirt,Clothing,36,Indiana,L,Turquoise,Spring,3.2,0,Store Pickup,1,1,4,Debit Card,Fortnightly,26,1,Medium,New,Low,0.2606,Silver,Low_Value_Promo_Dependent,65+,0,0,2,0.2206,Transactional,0.148,Transactional
1659,32,Male,Jewelry,Accessories,66,Alaska,S,Pink,Spring,4.1,0,Store Pickup,1,1,47,Cash,Weekly,52,1,High,Veteran,Medium,0.8905,Platinum,High_Value_Promo_Dependent,25-34,0,1,1,0.7755,Loyal,0.3677,Transactional
1660,53,Male,Gloves,Accessories,37,Utah,M,Black,Fall,3.9,0,Next Day Air,1,1,44,Venmo,Annually,1,1,Medium,Veteran,Low,0.3935,Silver,Low_Value_Promo_Dependent,45-54,1,0,2,0.351,Developing,0.2491,Transactional
1661,59,Male,T-shirt,Clothing,45,Louisiana,L,Yellow,Winter,4.1,0,Standard,1,1,37,Venmo,Monthly,12,1,High,Established,Medium,0.4427,Silver,Low_Value_Promo_Dependent,55-64,0,0,1,0.3802,Developing,0.3021,Transactional
1662,64,Male,Gloves,Accessories,86,Iowa,S,Beige,Summer,2.7,0,2-Day Shipping,1,1,21,Debit Card,Quarterly,4,1,Low,Growing,High,0.3518,Silver,Low_Value_Promo_Dependent,55-64,1,0,3,0.1868,Transactional,0.2342,Transactional
1663,63,Male,Sunglasses,Accessories,24,New Mexico,M,Olive,Winter,4.6,0,Free Shipping,1,1,46,Debit Card,Fortnightly,26,1,High,Veteran,Low,0.5734,Gold,High_Value_Promo_Dependent,55-64,0,1,1,0.5634,Loyal,0.3065,Transactional
1664,43,Male,Shirt,Clothing,22,Maine,XL,Gold,Summer,3.5,0,Standard,1,1,1,Cash,Fortnightly,26,1,Medium,New,Low,0.2011,Bronze,Low_Value_Promo_Dependent,35-44,0,0,2,0.1961,Transactional,0.1463,Transactional
1665,19,Male,Handbag,Accessories,53,Minnesota,M,Purple,Spring,5.0,0,Next Day Air,1,1,35,PayPal,Weekly,52,1,High,Established,Medium,0.7601,Platinum,High_Value_Promo_Dependent,18-24,1,1,1,0.6776,Loyal,0.4531,Developing
1666,40,Male,Jacket,Outerwear,41,New Mexico,L,Pink,Fall,3.4,0,Next Day Air,1,1,49,Venmo,Monthly,12,1,Medium,Veteran,Low,0.5306,Gold,High_Value_Promo_Dependent,35-44,1,1,2,0.4781,Developing,0.1916,Transactional
1667,51,Male,Skirt,Clothing,64,Arkansas,M,Blue,Summer,3.1,0,Store Pickup,1,1,47,PayPal,Annually,1,1,Medium,Veteran,Medium,0.4855,Gold,High_Value_Promo_Dependent,45-54,0,1,2,0.3755,Developing,0.2215,Transactional
1668,51,Male,Handbag,Accessories,40,Oklahoma,L,Brown,Winter,3.4,0,2-Day Shipping,1,1,24,Bank Transfer,Quarterly,4,1,Medium,Growing,Low,0.2613,Silver,Low_Value_Promo_Dependent,45-54,1,0,2,0.2113,Transactional,0.1885,Transactional
1669,66,Male,Blouse,Clothing,33,Utah,L,Charcoal,Summer,4.0,0,Standard,1,1,28,Debit Card,Fortnightly,26,1,High,Established,Low,0.449,Silver,Low_Value_Promo_Dependent,65+,0,0,1,0.4165,Developing,0.2506,Transactional
1670,42,Male,T-shirt,Clothing,59,Wisconsin,L,Maroon,Winter,2.7,0,Store Pickup,1,1,22,Bank Transfer,Quarterly,4,1,Low,Growing,Medium,0.2925,Silver,Low_Value_Promo_Dependent,35-44,0,0,3,0.195,Transactional,0.1499,Transactional
1671,22,Male,Pants,Clothing,73,Utah,L,Cyan,Fall,3.6,0,Free Shipping,1,1,20,Cash,Weekly,52,1,Medium,Growing,High,0.6876,Platinum,High_Value_Promo_Dependent,18-24,0,1,2,0.5551,Loyal,0.3196,Transactional
1672,31,Male,Hoodie,Clothing,22,Utah,M,Olive,Winter,4.0,0,Free Shipping,1,1,25,Bank Transfer,Weekly,52,1,High,Established,Low,0.6009,Gold,High_Value_Promo_Dependent,25-34,0,1,1,0.5959,Loyal,0.2163,Transactional
1673,18,Male,Boots,Footwear,73,South Carolina,L,Gold,Fall,3.8,0,Free Shipping,1,1,15,Venmo,Quarterly,4,1,Medium,Growing,High,0.2703,Silver,Low_Value_Promo_Dependent,18-24,0,0,2,0.1378,Transactional,0.3476,Transactional
1674,21,Male,Blouse,Clothing,62,Hawaii,M,Violet,Fall,3.4,0,Next Day Air,1,1,49,Venmo,Fortnightly,26,1,Medium,Veteran,Medium,0.6929,Platinum,High_Value_Promo_Dependent,18-24,1,1,2,0.5879,Loyal,0.2573,Transactional
1675,35,Male,Coat,Outerwear,56,Alaska,M,Peach,Winter,3.2,0,Free Shipping,1,1,10,Debit Card,Fortnightly,26,1,Medium,Growing,Medium,0.3595,Silver,Low_Value_Promo_Dependent,35-44,0,0,2,0.2695,Transactional,0.2105,Transactional
1676,35,Male,Pants,Clothing,90,Colorado,M,Beige,Spring,4.7,0,Next Day Air,1,1,21,Credit Card,Annually,1,1,High,Growing,High,0.3383,Silver,Low_Value_Promo_Dependent,35-44,1,0,1,0.1633,Transactional,0.5268,Loyal
1677,27,Male,Sunglasses,Accessories,44,West Virginia,M,Cyan,Winter,3.1,0,Next Day Air,1,1,34,Bank Transfer,Weekly,52,1,Medium,Established,Low,0.7294,Platinum,High_Value_Promo_Dependent,25-34,1,1,2,0.6694,Loyal,0.159,Transactional
1678,65,Male,Jeans,Clothing,35,Oregon,L,Silver,Summer,3.3,0,Next Day Air,0,0,41,Debit Card,Weekly,52,0,Medium,Veteran,Low,0.764,Platinum,High_Value_Organic,65+,1,1,1,0.9265,Loyal,0.3089,Transactional
1679,41,Male,Pants,Clothing,71,Ohio,S,Magenta,Summer,4.8,0,2-Day Shipping,0,0,30,Venmo,Fortnightly,26,0,High,Established,Medium,0.5603,Gold,High_Value_Organic,35-44,1,1,0,0.6328,Loyal,0.6314,Loyal
1680,60,Male,Dress,Clothing,52,Massachusetts,S,Black,Fall,4.5,0,Next Day Air,0,0,24,Debit Card,Fortnightly,26,0,High,Growing,Medium,0.4638,Gold,High_Value_Organic,55-64,1,1,0,0.5838,Loyal,0.53,Loyal
1681,61,Male,Shoes,Footwear,37,Louisiana,M,Olive,Summer,3.4,0,Store Pickup,0,0,6,Credit Card,Annually,1,0,Medium,New,Low,0.0833,Bronze,Low_Value_Organic,55-64,0,0,1,0.2408,Transactional,0.3291,Transactional
1682,24,Male,Sneakers,Footwear,95,Virginia,L,Green,Winter,3.7,0,2-Day Shipping,0,0,14,Credit Card,Fortnightly,26,0,Medium,Growing,High,0.4897,Gold,High_Value_Organic,18-24,1,1,1,0.5022,Developing,0.5524,Loyal
1683,65,Male,Socks,Clothing,97,New York,M,Yellow,Fall,4.9,0,2-Day Shipping,0,0,37,Credit Card,Fortnightly,26,0,High,Established,High,0.6825,Platinum,High_Value_Organic,65+,1,1,0,0.69,Loyal,0.7266,Loyal
1684,23,Male,Coat,Outerwear,57,Arkansas,S,Lavender,Spring,3.5,0,Next Day Air,0,0,37,Venmo,Quarterly,4,0,Medium,Established,Medium,0.4099,Silver,Low_Value_Organic,18-24,1,0,1,0.5174,Developing,0.4056,Developing
1685,30,Male,Shirt,Clothing,93,New Mexico,M,Indigo,Spring,4.6,0,Standard,0,0,28,PayPal,Weekly,52,0,High,Established,High,0.8029,Platinum,High_Value_Organic,25-34,0,1,0,0.8204,Loyal,0.6721,Loyal
1686,33,Male,Blouse,Clothing,48,Minnesota,M,Pink,Winter,4.6,0,Standard,0,0,43,PayPal,Fortnightly,26,0,High,Veteran,Medium,0.6089,Gold,High_Value_Organic,25-34,0,1,0,0.7389,Loyal,0.5315,Loyal
1687,22,Male,Gloves,Accessories,75,Illinois,L,Red,Fall,4.2,0,Store Pickup,0,0,25,Cash,Annually,1,0,High,Established,High,0.3334,Silver,Low_Value_Organic,18-24,0,0,0,0.3959,Developing,0.5599,Loyal
1688,67,Male,Skirt,Clothing,70,Georgia,S,Magenta,Winter,3.7,0,Free Shipping,0,0,4,PayPal,Annually,1,0,Medium,New,Medium,0.1495,Bronze,Low_Value_Organic,65+,0,0,1,0.2245,Transactional,0.4743,Developing
1689,28,Male,Handbag,Accessories,26,Mississippi,S,Peach,Winter,3.0,0,Next Day Air,0,0,13,Venmo,Fortnightly,26,0,Medium,Growing,Low,0.309,Silver,Low_Value_Organic,25-34,1,0,1,0.494,Developing,0.2388,Transactional
1690,32,Male,Shirt,Clothing,73,North Carolina,L,Turquoise,Winter,4.6,0,Store Pickup,0,0,32,Bank Transfer,Monthly,12,0,High,Established,High,0.4718,Gold,High_Value_Organic,25-34,0,1,0,0.5393,Loyal,0.6096,Loyal
1691,40,Male,Coat,Outerwear,30,Nevada,M,Black,Summer,3.2,0,Free Shipping,0,0,1,Cash,Annually,1,0,Medium,New,Low,0.025,Bronze,Low_Value_Organic,35-44,0,0,1,0.2,Transactional,0.2793,Transactional
1692,64,Male,Shoes,Footwear,61,Connecticut,L,Blue,Summer,3.5,0,Next Day Air,0,0,4,Cash,Annually,1,0,Medium,New,Medium,0.127,Bronze,Low_Value_Organic,55-64,1,0,1,0.2245,Transactional,0.4181,Developing
1693,56,Male,Handbag,Accessories,75,Utah,M,Beige,Winter,2.6,0,Standard,0,0,33,Cash,Fortnightly,26,0,Low,Established,High,0.5948,Gold,High_Value_Organic,55-64,0,1,2,0.6573,Loyal,0.3359,Transactional
1694,63,Male,Jacket,Outerwear,88,Tennessee,XL,Olive,Fall,4.9,0,Standard,0,0,45,Bank Transfer,Fortnightly,26,0,High,Veteran,High,0.7253,Platinum,High_Value_Organic,55-64,0,1,0,0.7553,Loyal,0.6985,Loyal
1695,20,Male,Shirt,Clothing,67,Mississippi,M,Turquoise,Summer,2.7,0,Express,0,0,20,Debit Card,Fortnightly,26,0,Low,Growing,Medium,0.4687,Gold,High_Value_Organic,18-24,1,1,2,0.5512,Loyal,0.3249,Transactional
1696,54,Male,Hat,Accessories,95,Nebraska,S,Yellow,Fall,4.7,0,2-Day Shipping,0,0,1,PayPal,Fortnightly,26,0,High,New,High,0.3836,Silver,Low_Value_Organic,45-54,1,0,0,0.3961,Developing,0.6924,Loyal
1697,31,Male,Sunglasses,Accessories,69,West Virginia,S,Turquoise,Spring,4.0,0,Free Shipping,0,0,7,Credit Card,Fortnightly,26,0,High,New,Medium,0.3676,Silver,Low_Value_Organic,25-34,0,0,0,0.4451,Developing,0.5131,Developing
1698,36,Male,Shirt,Clothing,87,South Carolina,L,Lavender,Fall,3.5,0,Next Day Air,0,0,48,Credit Card,Quarterly,4,0,Medium,Veteran,High,0.5747,Gold,High_Value_Organic,35-44,1,1,1,0.6072,Loyal,0.4994,Developing
1699,25,Male,Belt,Accessories,41,Iowa,XL,Turquoise,Winter,4.8,0,Standard,0,0,46,Bank Transfer,Quarterly,4,0,High,Veteran,Low,0.4434,Silver,Low_Value_Organic,25-34,0,0,0,0.5909,Loyal,0.5376,Loyal
1700,20,Male,Sweater,Clothing,67,North Dakota,L,Teal,Spring,4.0,0,Free Shipping,0,0,34,Debit Card,Annually,1,0,High,Established,Medium,0.3869,Silver,Low_Value_Organic,18-24,0,0,0,0.4694,Developing,0.5069,Developing
1701,62,Male,Hoodie,Clothing,70,West Virginia,L,Black,Fall,4.1,0,Express,0,0,36,Bank Transfer,Monthly,12,0,High,Established,Medium,0.497,Gold,High_Value_Organic,55-64,1,1,0,0.572,Loyal,0.5302,Loyal
1702,69,Male,Handbag,Accessories,41,Mississippi,XL,Blue,Winter,3.8,0,Next Day Air,0,0,44,Debit Card,Quarterly,4,0,Medium,Veteran,Low,0.427,Silver,Low_Value_Organic,65+,1,0,1,0.5745,Loyal,0.3976,Developing
1703,54,Male,Jeans,Clothing,83,Alabama,XL,Yellow,Summer,5.0,0,Express,0,0,48,Bank Transfer,Weekly,52,0,High,Veteran,High,0.9412,Platinum,High_Value_Organic,45-54,1,1,0,0.9837,Loyal,0.6969,Loyal
1704,39,Male,Backpack,Accessories,22,California,M,Black,Spring,4.0,0,Next Day Air,0,0,12,Bank Transfer,Annually,1,0,High,Growing,Low,0.0948,Bronze,Low_Value_Organic,35-44,1,0,0,0.2898,Transactional,0.3662,Transactional
1705,56,Male,Sneakers,Footwear,20,Idaho,M,Lavender,Summer,3.9,0,Store Pickup,0,0,19,Cash,Quarterly,4,0,Medium,Growing,Low,0.1705,Bronze,Low_Value_Organic,55-64,0,0,1,0.3705,Developing,0.346,Transactional
1706,39,Male,Jewelry,Accessories,29,South Dakota,L,Cyan,Summer,3.4,0,2-Day Shipping,0,0,49,Venmo,Fortnightly,26,0,Medium,Veteran,Low,0.6104,Gold,High_Value_Organic,35-44,1,1,1,0.7879,Loyal,0.3041,Transactional
1707,37,Male,Sunglasses,Accessories,87,North Dakota,M,Brown,Spring,3.0,0,Standard,0,0,25,Venmo,Fortnightly,26,0,Medium,Established,High,0.5595,Gold,High_Value_Organic,35-44,0,1,1,0.592,Loyal,0.4294,Developing
1708,25,Male,Shorts,Clothing,81,Nevada,L,Maroon,Fall,4.9,0,2-Day Shipping,0,0,25,Cash,Fortnightly,26,0,High,Established,High,0.5445,Gold,High_Value_Organic,25-34,1,1,0,0.592,Loyal,0.6766,Loyal
1709,35,Male,Boots,Footwear,58,Florida,L,Cyan,Spring,3.2,0,Express,0,0,1,Credit Card,Quarterly,4,0,Medium,New,Medium,0.1185,Bronze,Low_Value_Organic,35-44,1,0,1,0.2235,Transactional,0.3668,Transactional
1710,45,Male,Skirt,Clothing,83,Indiana,M,Pink,Winter,3.8,0,Standard,0,0,19,Bank Transfer,Annually,1,0,Medium,Growing,High,0.3044,Silver,Low_Value_Organic,45-54,0,0,1,0.3469,Developing,0.5289,Loyal
1711,19,Male,Pants,Clothing,59,Arkansas,XL,Orange,Fall,3.8,0,Store Pickup,0,0,7,Credit Card,Quarterly,4,0,Medium,New,Medium,0.17,Bronze,Low_Value_Organic,18-24,0,0,1,0.2725,Transactional,0.4539,Developing
1712,21,Male,T-shirt,Clothing,93,North Carolina,M,Lavender,Spring,4.7,0,Express,0,0,19,Credit Card,Monthly,12,0,High,Growing,High,0.4157,Silver,Low_Value_Organic,18-24,1,0,0,0.4332,Developing,0.6861,Loyal
1713,65,Male,T-shirt,Clothing,87,Illinois,S,Beige,Fall,3.8,0,2-Day Shipping,0,0,9,Cash,Fortnightly,26,0,Medium,New,High,0.4289,Silver,Low_Value_Organic,65+,1,0,1,0.4614,Developing,0.5414,Loyal
1714,49,Male,Jacket,Outerwear,22,Missouri,M,Pink,Winter,4.6,0,Free Shipping,0,0,37,PayPal,Quarterly,4,0,High,Established,Low,0.3224,Silver,Low_Value_Organic,45-54,0,0,0,0.5174,Developing,0.4502,Developing
1715,30,Male,Jeans,Clothing,71,South Dakota,S,Charcoal,Summer,4.4,0,Standard,0,0,15,Cash,Monthly,12,0,High,Growing,Medium,0.3281,Silver,Low_Value_Organic,25-34,0,0,0,0.4006,Developing,0.5754,Loyal
1716,23,Male,Dress,Clothing,69,Idaho,XL,Gray,Spring,3.4,0,2-Day Shipping,0,0,30,PayPal,Fortnightly,26,0,Medium,Established,Medium,0.5553,Gold,High_Value_Organic,18-24,1,1,1,0.6328,Loyal,0.4291,Developing
1717,69,Male,Blouse,Clothing,47,Connecticut,M,Cyan,Winter,4.7,0,Standard,0,0,30,Cash,Quarterly,4,0,High,Established,Medium,0.3278,Silver,Low_Value_Organic,65+,0,0,0,0.4603,Developing,0.5424,Loyal
1718,29,Male,Hoodie,Clothing,50,Hawaii,L,Orange,Summer,2.9,0,Express,0,0,16,Debit Card,Fortnightly,26,0,Low,Growing,Medium,0.3935,Silver,Low_Value_Organic,25-34,1,0,2,0.5185,Developing,0.2997,Transactional
1719,54,Male,T-shirt,Clothing,96,Maryland,L,Pink,Winter,3.4,0,2-Day Shipping,0,0,14,PayPal,Quarterly,4,0,Medium,Growing,High,0.3197,Silver,Low_Value_Organic,45-54,1,0,1,0.3297,Transactional,0.5135,Developing
1720,45,Male,Sweater,Clothing,39,Maryland,M,White,Winter,3.2,0,Free Shipping,0,0,8,Venmo,Quarterly,4,0,Medium,New,Low,0.1282,Bronze,Low_Value_Organic,45-54,0,0,1,0.2807,Transactional,0.3074,Transactional
1721,25,Male,Shorts,Clothing,84,Massachusetts,S,Beige,Winter,2.8,0,Express,0,0,40,Debit Card,Fortnightly,26,0,Low,Veteran,High,0.6744,Platinum,High_Value_Organic,25-34,1,1,2,0.7144,Loyal,0.392,Developing
1722,34,Male,Jewelry,Accessories,28,Delaware,S,Magenta,Spring,4.3,0,Free Shipping,0,0,24,Credit Card,Monthly,12,0,High,Growing,Low,0.294,Silver,Low_Value_Organic,25-34,0,0,0,0.474,Developing,0.427,Developing
1723,46,Male,T-shirt,Clothing,51,Massachusetts,L,Violet,Summer,3.3,0,Standard,0,0,14,Cash,Fortnightly,26,0,Medium,Growing,Medium,0.3797,Silver,Low_Value_Organic,45-54,0,0,1,0.5022,Developing,0.3589,Transactional
1724,70,Male,Scarf,Accessories,20,New York,XL,Gold,Spring,3.3,0,Standard,0,0,39,PayPal,Annually,1,0,Medium,Established,Low,0.3102,Silver,Low_Value_Organic,65+,0,0,1,0.5102,Developing,0.262,Transactional
1725,42,Male,Shoes,Footwear,72,Delaware,S,Teal,Winter,3.3,0,Free Shipping,0,0,21,PayPal,Weekly,52,0,Medium,Growing,Medium,0.6933,Platinum,High_Value_Organic,35-44,0,1,1,0.7633,Loyal,0.4245,Developing
1726,45,Male,Sunglasses,Accessories,33,Massachusetts,M,Indigo,Spring,3.0,0,Next Day Air,0,0,32,Venmo,Quarterly,4,0,Medium,Established,Low,0.3091,Silver,Low_Value_Organic,45-54,1,0,1,0.4766,Developing,0.2606,Transactional
1727,57,Male,Coat,Outerwear,28,Indiana,S,Olive,Summer,2.8,0,Express,0,0,45,Debit Card,Weekly,52,0,Low,Veteran,Low,0.7792,Platinum,High_Value_Organic,55-64,1,1,2,0.9592,Loyal,0.217,Transactional
1728,49,Male,Blouse,Clothing,53,Virginia,S,Violet,Spring,4.0,0,Express,0,0,19,PayPal,Monthly,12,0,High,Growing,Medium,0.3157,Silver,Low_Value_Organic,45-54,1,0,0,0.4332,Developing,0.4631,Developing
1729,23,Male,Jeans,Clothing,48,Wyoming,L,Black,Fall,4.3,0,Express,0,0,1,Debit Card,Quarterly,4,0,High,New,Medium,0.0935,Bronze,Low_Value_Organic,18-24,1,0,0,0.2235,Transactional,0.4895,Developing
1730,47,Male,Shorts,Clothing,21,Illinois,M,Brown,Winter,3.8,0,Store Pickup,0,0,12,Venmo,Fortnightly,26,0,Medium,Growing,Low,0.2884,Silver,Low_Value_Organic,45-54,0,0,1,0.4859,Developing,0.3351,Transactional
1731,23,Male,Shirt,Clothing,22,Alabama,S,Silver,Fall,4.2,0,Free Shipping,0,0,26,Credit Card,Weekly,52,0,High,Established,Low,0.6091,Gold,High_Value_Organic,18-24,0,1,0,0.8041,Loyal,0.3943,Developing
1732,21,Male,Backpack,Accessories,87,Idaho,M,Gray,Fall,3.1,0,Next Day Air,0,0,12,Cash,Monthly,12,0,Medium,Growing,High,0.3436,Silver,Low_Value_Organic,18-24,1,0,1,0.3761,Developing,0.4434,Developing
1733,45,Male,Belt,Accessories,50,Rhode Island,S,Charcoal,Winter,2.6,0,Free Shipping,0,0,36,Cash,Quarterly,4,0,Low,Established,Medium,0.3842,Silver,Low_Value_Organic,45-54,0,0,2,0.5092,Developing,0.2578,Transactional
1734,67,Male,Blouse,Clothing,85,New York,L,Black,Summer,3.4,0,Express,0,0,22,Credit Card,Annually,1,0,Medium,Growing,High,0.3339,Silver,Low_Value_Organic,65+,1,0,1,0.3714,Developing,0.4791,Developing
1735,31,Male,Jeans,Clothing,98,Missouri,L,Brown,Spring,3.1,0,Next Day Air,0,0,16,PayPal,Quarterly,4,0,Medium,Growing,High,0.341,Silver,Low_Value_Organic,25-34,1,0,1,0.346,Developing,0.4778,Developing
1736,58,Male,Dress,Clothing,34,Texas,M,Purple,Winter,3.6,0,Express,0,0,31,Venmo,Annually,1,0,Medium,Established,Low,0.2799,Silver,Low_Value_Organic,55-64,1,0,1,0.4449,Developing,0.3478,Transactional
1737,57,Male,Shorts,Clothing,61,Tennessee,M,Purple,Summer,2.6,0,2-Day Shipping,0,0,43,Cash,Quarterly,4,0,Low,Veteran,Medium,0.4689,Gold,High_Value_Organic,55-64,1,1,2,0.5664,Loyal,0.2921,Transactional
1738,42,Male,Jewelry,Accessories,98,Ohio,L,Gray,Summer,4.2,0,Store Pickup,0,0,50,Venmo,Fortnightly,26,0,High,Veteran,High,0.7911,Platinum,High_Value_Organic,35-44,0,1,0,0.7961,Loyal,0.6318,Loyal
1739,60,Male,Handbag,Accessories,61,Tennessee,M,Green,Spring,2.9,0,2-Day Shipping,0,0,37,Credit Card,Weekly,52,0,Low,Established,Medium,0.7964,Platinum,High_Value_Organic,55-64,1,1,2,0.8939,Loyal,0.3341,Transactional
1740,21,Male,Jewelry,Accessories,98,Minnesota,L,Silver,Winter,4.2,0,Express,0,0,23,Cash,Weekly,52,0,High,Growing,High,0.7746,Platinum,High_Value_Organic,18-24,1,1,0,0.7796,Loyal,0.6318,Loyal
1741,69,Male,Pants,Clothing,21,Wisconsin,L,Charcoal,Fall,3.3,0,Next Day Air,0,0,10,Bank Transfer,Quarterly,4,0,Medium,Growing,Low,0.0995,Bronze,Low_Value_Organic,65+,1,0,1,0.297,Transactional,0.2651,Transactional
1742,41,Male,Pants,Clothing,51,Delaware,XL,Teal,Winter,3.6,0,Next Day Air,0,0,20,Bank Transfer,Monthly,12,0,Medium,Growing,Medium,0.3189,Silver,Low_Value_Organic,35-44,1,0,1,0.4414,Developing,0.4009,Developing
1743,51,Male,Sandals,Footwear,80,Kansas,XL,White,Spring,4.3,0,Express,0,0,18,Venmo,Quarterly,4,0,High,Growing,High,0.3123,Silver,Low_Value_Organic,45-54,1,0,0,0.3623,Developing,0.5895,Loyal
1744,23,Male,Skirt,Clothing,72,Missouri,XL,Brown,Winter,3.3,0,Standard,0,0,3,Bank Transfer,Weekly,52,0,Medium,New,Medium,0.5463,Gold,High_Value_Organic,18-24,0,1,1,0.6163,Loyal,0.4245,Developing
1745,57,Male,Sunglasses,Accessories,63,Michigan,L,Teal,Winter,3.0,0,Standard,0,0,23,PayPal,Weekly,52,0,Medium,Growing,Medium,0.6871,Platinum,High_Value_Organic,55-64,0,1,1,0.7796,Loyal,0.3544,Transactional
1746,40,Male,Skirt,Clothing,27,West Virginia,L,Red,Winter,3.6,0,Store Pickup,0,0,27,Cash,Weekly,52,0,Medium,Established,Low,0.6297,Gold,High_Value_Organic,35-44,0,1,1,0.8122,Loyal,0.3259,Transactional
1747,65,Male,Handbag,Accessories,44,Alabama,L,Brown,Summer,3.1,0,Store Pickup,0,0,44,Bank Transfer,Fortnightly,26,0,Medium,Veteran,Low,0.6071,Gold,High_Value_Organic,65+,0,1,1,0.7471,Loyal,0.309,Transactional
1748,61,Male,Coat,Outerwear,23,New Hampshire,M,Yellow,Winter,2.9,0,Express,0,0,41,Venmo,Quarterly,4,0,Low,Veteran,Low,0.3576,Silver,Low_Value_Organic,55-64,1,0,2,0.5501,Loyal,0.2154,Transactional
1749,34,Male,Skirt,Clothing,93,Montana,L,Teal,Winter,3.9,0,2-Day Shipping,0,0,41,Bank Transfer,Annually,1,0,Medium,Veteran,High,0.509,Gold,High_Value_Organic,25-34,1,1,1,0.5265,Loyal,0.5741,Loyal
1750,43,Male,Hoodie,Clothing,70,Wyoming,L,Pink,Fall,3.2,0,2-Day Shipping,0,0,36,Debit Card,Quarterly,4,0,Medium,Established,Medium,0.4342,Silver,Low_Value_Organic,35-44,1,0,1,0.5092,Developing,0.4043,Developing
1751,31,Male,Sunglasses,Accessories,85,Missouri,M,White,Fall,3.1,0,Express,0,0,38,Venmo,Quarterly,4,0,Medium,Established,High,0.4881,Gold,High_Value_Organic,25-34,1,1,1,0.5256,Loyal,0.4371,Developing
1752,57,Male,Sweater,Clothing,40,Ohio,M,Silver,Winter,3.2,0,2-Day Shipping,0,0,34,Cash,Annually,1,0,Medium,Established,Low,0.3194,Silver,Low_Value_Organic,55-64,1,0,1,0.4694,Developing,0.3105,Transactional
1753,34,Male,Boots,Footwear,29,South Dakota,L,Blue,Winter,3.3,0,Store Pickup,0,0,14,Venmo,Quarterly,4,0,Medium,Growing,Low,0.1522,Bronze,Low_Value_Organic,25-34,0,0,1,0.3297,Transactional,0.2901,Transactional
1754,25,Male,Skirt,Clothing,27,Colorado,L,Black,Fall,4.8,0,Next Day Air,0,0,23,Credit Card,Fortnightly,26,0,High,Growing,Low,0.3932,Silver,Low_Value_Organic,25-34,1,0,0,0.5757,Loyal,0.4939,Developing
1755,66,Male,Dress,Clothing,93,Massachusetts,S,Beige,Fall,3.8,0,2-Day Shipping,0,0,18,Credit Card,Fortnightly,26,0,Medium,Growing,High,0.5174,Gold,High_Value_Organic,65+,1,1,1,0.5349,Loyal,0.5601,Loyal
1756,56,Male,Belt,Accessories,20,Delaware,XL,Charcoal,Spring,4.6,0,Next Day Air,0,0,45,Cash,Monthly,12,0,High,Veteran,Low,0.4455,Silver,Low_Value_Organic,55-64,1,0,0,0.6455,Loyal,0.444,Developing
1757,49,Male,Jewelry,Accessories,55,New Hampshire,S,Cyan,Fall,2.8,0,Free Shipping,0,0,14,Bank Transfer,Weekly,52,0,Low,Growing,Medium,0.5936,Gold,High_Value_Organic,45-54,0,1,2,0.7061,Loyal,0.3014,Transactional
1758,19,Male,Dress,Clothing,94,Michigan,L,Yellow,Fall,3.6,0,Standard,0,0,48,Debit Card,Annually,1,0,Medium,Veteran,High,0.5687,Gold,High_Value_Organic,18-24,0,1,1,0.5837,Loyal,0.5353,Loyal
1759,27,Male,Hat,Accessories,56,Pennsylvania,M,Silver,Winter,4.3,0,Free Shipping,0,0,17,Venmo,Fortnightly,26,0,High,Growing,Medium,0.4167,Silver,Low_Value_Organic,25-34,0,0,0,0.5267,Loyal,0.5145,Developing
1760,68,Male,Sweater,Clothing,58,Louisiana,L,Green,Spring,4.0,0,Next Day Air,0,0,1,PayPal,Weekly,52,0,High,New,Medium,0.495,Gold,High_Value_Organic,65+,1,1,0,0.6,Loyal,0.4788,Developing
1761,20,Male,Skirt,Clothing,44,Minnesota,XL,Peach,Spring,3.5,0,Standard,0,0,39,PayPal,Weekly,52,0,Medium,Established,Low,0.7702,Platinum,High_Value_Organic,18-24,0,1,1,0.9102,Loyal,0.365,Transactional
1762,21,Male,Hoodie,Clothing,95,Hawaii,S,Green,Fall,4.9,0,2-Day Shipping,0,0,24,Cash,Weekly,52,0,High,Growing,High,0.7753,Platinum,High_Value_Organic,18-24,1,1,0,0.7878,Loyal,0.7204,Loyal
1763,36,Male,Sandals,Footwear,42,Idaho,M,Brown,Summer,3.1,0,Express,0,0,41,Bank Transfer,Fortnightly,26,0,Medium,Veteran,Low,0.5776,Gold,High_Value_Organic,35-44,1,1,1,0.7226,Loyal,0.3028,Transactional
1764,37,Male,Jewelry,Accessories,93,Vermont,M,Lavender,Winter,3.9,0,Store Pickup,0,0,28,PayPal,Annually,1,0,Medium,Established,High,0.4029,Silver,Low_Value_Organic,35-44,0,0,1,0.4204,Developing,0.5741,Loyal
1765,61,Male,Dress,Clothing,56,Delaware,M,Charcoal,Summer,3.0,0,Store Pickup,0,0,34,Venmo,Quarterly,4,0,Medium,Established,Medium,0.3829,Silver,Low_Value_Organic,55-64,0,0,1,0.4929,Developing,0.3325,Transactional
1766,68,Male,Hoodie,Clothing,88,New Mexico,M,Orange,Spring,4.1,0,2-Day Shipping,0,0,41,Venmo,Quarterly,4,0,High,Veteran,High,0.5201,Gold,High_Value_Organic,65+,1,1,0,0.5501,Loyal,0.5865,Loyal
1767,60,Male,Sweater,Clothing,54,Alaska,S,Cyan,Winter,4.3,0,2-Day Shipping,0,0,27,Cash,Fortnightly,26,0,High,Established,Medium,0.4933,Gold,High_Value_Organic,55-64,1,1,0,0.6083,Loyal,0.5082,Developing
1768,69,Male,Jewelry,Accessories,89,Minnesota,L,Lavender,Fall,3.8,0,2-Day Shipping,0,0,46,Debit Card,Fortnightly,26,0,Medium,Veteran,High,0.7359,Platinum,High_Value_Organic,65+,1,1,1,0.7634,Loyal,0.5476,Loyal
1769,25,Male,Sandals,Footwear,45,Nebraska,M,Indigo,Summer,3.9,0,2-Day Shipping,0,0,2,PayPal,Quarterly,4,0,Medium,New,Medium,0.0942,Bronze,Low_Value_Organic,25-34,1,0,1,0.2317,Transactional,0.4241,Developing
1770,32,Male,Socks,Clothing,75,Alaska,L,Brown,Winter,4.3,0,Free Shipping,0,0,45,Cash,Monthly,12,0,High,Veteran,High,0.583,Gold,High_Value_Organic,25-34,0,1,0,0.6455,Loyal,0.5739,Loyal
1771,53,Male,Backpack,Accessories,22,Michigan,M,Pink,Fall,4.3,0,Express,0,0,34,Bank Transfer,Weekly,52,0,High,Established,Low,0.6744,Platinum,High_Value_Organic,45-54,1,1,0,0.8694,Loyal,0.4082,Developing
1772,46,Male,Shirt,Clothing,82,Indiana,XL,Turquoise,Fall,4.7,0,Store Pickup,0,0,9,Credit Card,Annually,1,0,High,New,High,0.2203,Bronze,Low_Value_Organic,45-54,0,0,0,0.2653,Transactional,0.6518,Loyal
1773,58,Male,Shoes,Footwear,34,Hawaii,M,Gold,Summer,3.1,0,2-Day Shipping,0,0,1,Bank Transfer,Annually,1,0,Medium,New,Low,0.035,Bronze,Low_Value_Organic,55-64,1,0,1,0.2,Transactional,0.2778,Transactional
1774,21,Male,Coat,Outerwear,92,West Virginia,M,Blue,Summer,2.7,0,Free Shipping,0,0,17,PayPal,Annually,1,0,Low,Growing,High,0.3106,Silver,Low_Value_Organic,18-24,0,0,2,0.3306,Transactional,0.403,Developing
1775,46,Male,Sweater,Clothing,78,New York,M,Lavender,Spring,3.7,0,Express,0,0,6,PayPal,Weekly,52,0,Medium,New,High,0.5858,Gold,High_Value_Organic,45-54,1,1,1,0.6408,Loyal,0.4993,Developing
1776,18,Male,Jacket,Outerwear,47,Iowa,M,Violet,Spring,3.3,0,2-Day Shipping,0,0,12,Cash,Fortnightly,26,0,Medium,Growing,Medium,0.3534,Silver,Low_Value_Organic,18-24,1,0,1,0.4859,Developing,0.3464,Transactional
1777,56,Male,Jacket,Outerwear,64,Arizona,L,Cyan,Summer,3.4,0,Free Shipping,0,0,10,Venmo,Quarterly,4,0,Medium,Growing,Medium,0.207,Bronze,Low_Value_Organic,55-64,0,0,1,0.297,Transactional,0.4135,Developing
1778,18,Male,Sneakers,Footwear,44,Minnesota,L,Purple,Winter,4.7,0,Free Shipping,0,0,4,Cash,Fortnightly,26,0,High,New,Low,0.2806,Silver,Low_Value_Organic,18-24,0,0,0,0.4206,Developing,0.533,Loyal
1779,49,Male,Belt,Accessories,94,Texas,M,Red,Winter,4.9,0,Store Pickup,0,0,8,Debit Card,Fortnightly,26,0,High,New,High,0.4382,Silver,Low_Value_Organic,45-54,0,0,0,0.4532,Developing,0.7173,Loyal
1780,29,Male,Scarf,Accessories,62,Virginia,M,Charcoal,Winter,4.3,0,Free Shipping,0,0,41,Venmo,Weekly,52,0,High,Veteran,Medium,0.8315,Platinum,High_Value_Organic,25-34,0,1,0,0.9265,Loyal,0.5332,Loyal
1781,67,Male,Jewelry,Accessories,81,North Dakota,S,Gray,Summer,4.2,0,Next Day Air,0,0,49,Credit Card,Weekly,52,0,High,Veteran,High,0.9443,Platinum,High_Value_Organic,65+,1,1,0,0.9918,Loyal,0.5786,Loyal
1782,31,Male,T-shirt,Clothing,33,Iowa,M,Pink,Fall,3.7,0,Express,0,0,49,Bank Transfer,Quarterly,4,0,Medium,Veteran,Low,0.4479,Silver,Low_Value_Organic,25-34,1,0,1,0.6154,Loyal,0.3586,Transactional
1783,52,Male,Pants,Clothing,88,Utah,M,Lavender,Fall,2.7,0,Next Day Air,0,0,40,Bank Transfer,Fortnightly,26,0,Low,Veteran,High,0.6844,Platinum,High_Value_Organic,45-54,1,1,2,0.7144,Loyal,0.3905,Developing
1784,42,Male,Handbag,Accessories,49,Ohio,L,Lavender,Winter,3.3,0,Free Shipping,0,0,30,Credit Card,Monthly,12,0,Medium,Established,Medium,0.3955,Silver,Low_Value_Organic,35-44,0,0,1,0.523,Developing,0.3526,Transactional
1785,32,Male,Backpack,Accessories,31,Louisiana,L,Yellow,Summer,4.8,0,Standard,0,0,4,Debit Card,Quarterly,4,0,High,New,Low,0.0755,Bronze,Low_Value_Organic,25-34,0,0,0,0.248,Transactional,0.5064,Developing
1786,47,Male,Gloves,Accessories,29,Iowa,S,Peach,Fall,4.1,0,Next Day Air,0,0,22,Venmo,Monthly,12,0,High,Growing,Low,0.2802,Silver,Low_Value_Organic,45-54,1,0,0,0.4577,Developing,0.4021,Developing
1787,45,Male,Jacket,Outerwear,34,Maryland,M,Brown,Spring,4.6,0,2-Day Shipping,0,0,22,Venmo,Monthly,12,0,High,Growing,Low,0.2927,Silver,Low_Value_Organic,45-54,1,0,0,0.4577,Developing,0.4877,Developing
1788,20,Male,Sweater,Clothing,38,Montana,L,Gold,Fall,4.9,0,2-Day Shipping,0,0,10,Bank Transfer,Quarterly,4,0,High,Growing,Low,0.142,Bronze,Low_Value_Organic,18-24,1,0,0,0.297,Transactional,0.5422,Loyal
1789,66,Male,Blouse,Clothing,41,Illinois,L,Pink,Summer,3.1,0,Store Pickup,0,0,23,Cash,Fortnightly,26,0,Medium,Growing,Low,0.4282,Silver,Low_Value_Organic,65+,0,0,1,0.5757,Loyal,0.2996,Transactional
1790,52,Male,Blouse,Clothing,34,Arizona,L,Peach,Spring,3.0,0,2-Day Shipping,0,0,43,Debit Card,Quarterly,4,0,Medium,Veteran,Low,0.4014,Silver,Low_Value_Organic,45-54,1,0,1,0.5664,Loyal,0.2638,Transactional
1791,50,Male,Gloves,Accessories,26,North Carolina,S,Violet,Summer,3.7,0,Store Pickup,0,0,31,PayPal,Fortnightly,26,0,Medium,Established,Low,0.456,Gold,High_Value_Organic,45-54,0,1,1,0.641,Loyal,0.3368,Transactional
1792,62,Male,Jeans,Clothing,98,Montana,S,Purple,Winter,4.0,0,Store Pickup,0,0,38,Cash,Annually,1,0,High,Established,High,0.497,Gold,High_Value_Organic,55-64,0,1,0,0.502,Developing,0.6038,Loyal
1793,38,Male,Sneakers,Footwear,59,Iowa,M,Peach,Fall,3.0,0,Express,0,0,22,Debit Card,Quarterly,4,0,Medium,Growing,Medium,0.2925,Silver,Low_Value_Organic,35-44,1,0,1,0.395,Developing,0.3419,Transactional
1794,65,Male,Hat,Accessories,92,Iowa,S,White,Fall,3.8,0,Store Pickup,0,0,45,Cash,Quarterly,4,0,Medium,Veteran,High,0.5627,Gold,High_Value_Organic,65+,0,1,1,0.5827,Loyal,0.557,Loyal
1795,60,Male,Backpack,Accessories,40,Ohio,L,Indigo,Spring,3.7,0,Express,0,0,21,Debit Card,Fortnightly,26,0,Medium,Growing,Low,0.4093,Silver,Low_Value_Organic,55-64,1,0,1,0.5593,Loyal,0.3805,Transactional
1796,68,Male,Jeans,Clothing,20,Wisconsin,S,Violet,Fall,4.0,0,2-Day Shipping,0,0,9,Debit Card,Fortnightly,26,0,High,New,Low,0.2614,Silver,Low_Value_Organic,65+,1,0,0,0.4614,Developing,0.36,Transactional
1797,62,Male,Skirt,Clothing,35,South Carolina,S,Brown,Spring,3.1,0,Store Pickup,0,0,34,Venmo,Weekly,52,0,Medium,Established,Low,0.7069,Platinum,High_Value_Organic,55-64,0,1,1,0.8694,Loyal,0.2809,Transactional
1798,62,Male,Belt,Accessories,35,Oregon,L,Maroon,Spring,3.9,0,2-Day Shipping,0,0,26,Venmo,Weekly,52,0,Medium,Established,Low,0.6416,Gold,High_Value_Organic,55-64,1,1,1,0.8041,Loyal,0.3929,Developing
1799,40,Male,Dress,Clothing,82,North Dakota,L,Magenta,Winter,3.7,0,Express,0,0,1,Cash,Weekly,52,0,Medium,New,High,0.555,Gold,High_Value_Organic,35-44,1,1,1,0.6,Loyal,0.5118,Developing
1800,32,Male,Hoodie,Clothing,48,California,M,Charcoal,Fall,3.9,0,Express,0,0,47,Venmo,Weekly,52,0,Medium,Veteran,Medium,0.8455,Platinum,High_Value_Organic,25-34,1,1,1,0.9755,Loyal,0.4335,Developing
1801,22,Male,Coat,Outerwear,58,Mississippi,XL,Indigo,Winter,2.7,0,Express,0,0,30,Credit Card,Weekly,52,0,Low,Established,Medium,0.7317,Platinum,High_Value_Organic,18-24,1,1,2,0.8367,Loyal,0.2968,Transactional
1802,33,Male,Sweater,Clothing,57,New Jersey,M,Turquoise,Spring,3.9,0,Express,0,0,48,Debit Card,Fortnightly,26,0,Medium,Veteran,Medium,0.6723,Platinum,High_Value_Organic,25-34,1,1,1,0.7798,Loyal,0.4616,Developing
1803,57,Male,Shorts,Clothing,96,Rhode Island,L,Turquoise,Winter,2.6,0,Store Pickup,0,0,31,Venmo,Fortnightly,26,0,Low,Established,High,0.631,Gold,High_Value_Organic,55-64,0,1,2,0.641,Loyal,0.4015,Developing
1804,60,Male,Sneakers,Footwear,97,New Hampshire,S,Gray,Summer,3.5,0,Free Shipping,0,0,33,Venmo,Fortnightly,26,0,Medium,Established,High,0.6498,Gold,High_Value_Organic,55-64,0,1,1,0.6573,Loyal,0.5306,Loyal
1805,30,Male,Sweater,Clothing,42,Louisiana,L,Peach,Winter,4.4,0,Next Day Air,0,0,39,Credit Card,Weekly,52,0,High,Established,Low,0.7652,Platinum,High_Value_Organic,25-34,1,1,0,0.9102,Loyal,0.4848,Developing
1806,41,Male,T-shirt,Clothing,62,Arizona,L,Gold,Spring,4.9,0,Store Pickup,0,0,46,Debit Card,Weekly,52,0,High,Veteran,Medium,0.8723,Platinum,High_Value_Organic,35-44,0,1,0,0.9673,Loyal,0.6173,Loyal
1807,58,Male,Handbag,Accessories,67,Rhode Island,M,Green,Fall,3.9,0,Standard,0,0,24,Venmo,Annually,1,0,Medium,Growing,Medium,0.3053,Silver,Low_Value_Organic,55-64,0,0,1,0.3878,Developing,0.4929,Developing
1808,34,Male,Sneakers,Footwear,46,Vermont,L,Gold,Summer,3.5,0,Standard,0,0,37,Venmo,Fortnightly,26,0,Medium,Established,Medium,0.555,Gold,High_Value_Organic,25-34,0,1,1,0.69,Loyal,0.3713,Transactional
1809,67,Male,Jacket,Outerwear,71,Tennessee,M,Lavender,Spring,4.3,0,Next Day Air,0,0,7,Debit Card,Monthly,12,0,High,New,Medium,0.2628,Silver,Low_Value_Organic,65+,1,0,0,0.3353,Transactional,0.5614,Loyal
1810,58,Male,Backpack,Accessories,99,Alaska,S,Blue,Fall,3.4,0,Free Shipping,0,0,6,Debit Card,Fortnightly,26,0,Medium,New,High,0.4344,Silver,Low_Value_Organic,55-64,0,0,1,0.4369,Developing,0.5229,Loyal
1811,41,Male,Jeans,Clothing,28,Maryland,M,Magenta,Fall,2.7,0,Standard,0,0,16,Cash,Fortnightly,26,0,Low,Growing,Low,0.3385,Silver,Low_Value_Organic,35-44,0,0,2,0.5185,Developing,0.203,Transactional
1812,42,Male,Belt,Accessories,77,Wisconsin,L,Blue,Summer,3.6,0,Standard,0,0,33,Bank Transfer,Annually,1,0,Medium,Established,High,0.4037,Silver,Low_Value_Organic,35-44,0,0,1,0.4612,Developing,0.4821,Developing
1813,50,Male,Boots,Footwear,63,Nevada,S,Blue,Summer,4.9,0,Express,0,0,18,PayPal,Fortnightly,26,0,High,Growing,Medium,0.4424,Silver,Low_Value_Organic,45-54,1,0,0,0.5349,Loyal,0.6204,Loyal
1814,40,Male,Shorts,Clothing,62,Illinois,M,Olive,Spring,3.5,0,Free Shipping,0,0,24,PayPal,Weekly,52,0,Medium,Growing,Medium,0.6928,Platinum,High_Value_Organic,35-44,0,1,1,0.7878,Loyal,0.4212,Developing
1815,32,Male,Jeans,Clothing,92,Montana,M,White,Summer,3.8,0,Free Shipping,0,0,24,Cash,Quarterly,4,0,Medium,Growing,High,0.3913,Silver,Low_Value_Organic,25-34,0,0,1,0.4113,Developing,0.557,Loyal
1816,51,Male,Shoes,Footwear,72,New Mexico,L,White,Winter,4.5,0,2-Day Shipping,0,0,48,Credit Card,Quarterly,4,0,High,Veteran,Medium,0.5372,Gold,High_Value_Organic,45-54,1,1,0,0.6072,Loyal,0.5925,Loyal
1817,26,Male,Hat,Accessories,79,Virginia,M,Purple,Summer,4.0,0,Express,0,0,4,Cash,Weekly,52,0,High,New,High,0.572,Gold,High_Value_Organic,25-34,1,1,0,0.6245,Loyal,0.5444,Loyal
1818,32,Male,T-shirt,Clothing,27,Delaware,M,White,Summer,4.7,0,Free Shipping,0,0,20,Cash,Weekly,52,0,High,Growing,Low,0.5726,Gold,High_Value_Organic,25-34,0,1,0,0.7551,Loyal,0.4799,Developing
1819,58,Male,Sunglasses,Accessories,39,North Carolina,M,White,Fall,3.8,0,Express,0,0,47,Debit Card,Quarterly,4,0,Medium,Veteran,Low,0.4465,Silver,Low_Value_Organic,55-64,1,0,1,0.599,Loyal,0.3914,Developing
1820,51,Male,Socks,Clothing,86,Nevada,S,Peach,Spring,4.5,0,Next Day Air,0,0,50,Cash,Quarterly,4,0,High,Veteran,High,0.5885,Gold,High_Value_Organic,45-54,1,1,0,0.6235,Loyal,0.6362,Loyal
1821,19,Male,Shirt,Clothing,94,Washington,XL,Gold,Fall,5.0,0,Express,0,0,31,PayPal,Monthly,12,0,High,Established,High,0.5162,Gold,High_Value_Organic,18-24,1,1,0,0.5312,Loyal,0.7313,Loyal
1822,57,Male,Shorts,Clothing,53,Maine,M,Teal,Spring,2.8,0,Express,0,0,29,PayPal,Quarterly,4,0,Low,Established,Medium,0.3346,Silver,Low_Value_Organic,55-64,1,0,2,0.4521,Developing,0.2951,Transactional
1823,66,Male,Shirt,Clothing,85,Connecticut,S,Cyan,Summer,4.4,0,Standard,0,0,4,Cash,Annually,1,0,High,New,High,0.187,Bronze,Low_Value_Organic,65+,0,0,0,0.2245,Transactional,0.6191,Loyal
1824,62,Male,Socks,Clothing,50,Louisiana,L,Pink,Fall,4.7,0,Free Shipping,0,0,40,Bank Transfer,Fortnightly,26,0,High,Veteran,Medium,0.5894,Gold,High_Value_Organic,55-64,0,1,0,0.7144,Loyal,0.5518,Loyal
1825,58,Male,Pants,Clothing,47,Illinois,XL,Magenta,Winter,3.8,0,Express,0,0,31,Cash,Monthly,12,0,Medium,Established,Medium,0.3987,Silver,Low_Value_Organic,55-64,1,0,1,0.5312,Loyal,0.4164,Developing
1826,23,Male,Boots,Footwear,75,South Dakota,M,Pink,Winter,4.9,0,Next Day Air,0,0,41,Credit Card,Weekly,52,0,High,Veteran,High,0.864,Platinum,High_Value_Organic,18-24,1,1,0,0.9265,Loyal,0.6579,Loyal
1827,45,Male,T-shirt,Clothing,60,Indiana,M,Turquoise,Winter,4.2,0,Express,0,0,44,Debit Card,Annually,1,0,High,Veteran,Medium,0.451,Gold,High_Value_Organic,45-54,1,1,0,0.551,Loyal,0.513,Developing
1828,20,Male,T-shirt,Clothing,36,Vermont,S,Pink,Spring,4.9,0,2-Day Shipping,0,0,31,Bank Transfer,Weekly,52,0,High,Established,Low,0.6849,Platinum,High_Value_Organic,18-24,1,1,0,0.8449,Loyal,0.536,Loyal
1829,33,Male,Coat,Outerwear,80,New Hampshire,L,Gray,Spring,3.9,0,Express,0,0,45,Cash,Quarterly,4,0,Medium,Veteran,High,0.5327,Gold,High_Value_Organic,25-34,1,1,1,0.5827,Loyal,0.5335,Loyal
1830,30,Male,Hat,Accessories,96,Oregon,M,White,Spring,4.9,0,2-Day Shipping,0,0,50,Credit Card,Quarterly,4,0,High,Veteran,High,0.6135,Gold,High_Value_Organic,25-34,1,1,0,0.6235,Loyal,0.7235,Loyal
1831,50,Male,Sunglasses,Accessories,80,Kansas,M,Blue,Winter,4.8,0,Express,0,0,7,Venmo,Annually,1,0,High,New,High,0.199,Bronze,Low_Value_Organic,45-54,1,0,0,0.249,Transactional,0.6595,Loyal
1832,62,Male,Blouse,Clothing,71,Maine,M,Cyan,Summer,3.3,0,Free Shipping,0,0,5,Bank Transfer,Quarterly,4,0,Medium,New,Medium,0.1837,Bronze,Low_Value_Organic,55-64,0,0,1,0.2562,Transactional,0.4214,Developing
1833,69,Male,Jewelry,Accessories,29,Louisiana,M,Blue,Fall,4.6,0,Free Shipping,0,0,48,Cash,Monthly,12,0,High,Veteran,Low,0.4924,Gold,High_Value_Organic,65+,0,1,0,0.6699,Loyal,0.4721,Developing
1834,34,Male,Jewelry,Accessories,53,Louisiana,M,Yellow,Spring,4.5,0,2-Day Shipping,0,0,19,PayPal,Fortnightly,26,0,High,Growing,Medium,0.4255,Silver,Low_Value_Organic,25-34,1,0,0,0.543,Loyal,0.5331,Loyal
1835,49,Male,Skirt,Clothing,35,Indiana,M,Charcoal,Summer,4.1,0,2-Day Shipping,0,0,39,Venmo,Fortnightly,26,0,High,Established,Low,0.5438,Gold,High_Value_Organic,45-54,1,1,0,0.7063,Loyal,0.4209,Developing
1836,65,Male,Scarf,Accessories,75,Kentucky,M,Lavender,Fall,3.2,0,2-Day Shipping,0,0,45,Credit Card,Quarterly,4,0,Medium,Veteran,High,0.5202,Gold,High_Value_Organic,65+,1,1,1,0.5827,Loyal,0.4199,Developing
1837,66,Male,Pants,Clothing,52,South Carolina,M,Teal,Fall,4.2,0,2-Day Shipping,0,0,35,Credit Card,Monthly,12,0,High,Established,Medium,0.4438,Silver,Low_Value_Organic,65+,1,0,0,0.5638,Loyal,0.488,Developing
1838,41,Male,Hat,Accessories,77,Montana,M,Beige,Winter,4.8,0,Free Shipping,0,0,8,Venmo,Monthly,12,0,High,New,High,0.2859,Silver,Low_Value_Organic,35-44,0,0,0,0.3434,Transactional,0.6501,Loyal
1839,37,Male,Gloves,Accessories,24,Vermont,L,Blue,Fall,4.1,0,Next Day Air,0,0,11,Credit Card,Quarterly,4,0,High,Growing,Low,0.1152,Bronze,Low_Value_Organic,35-44,1,0,0,0.3052,Transactional,0.3865,Transactional
1840,32,Male,Shirt,Clothing,78,Mississippi,XL,Purple,Winter,3.7,0,Store Pickup,0,0,32,Cash,Annually,1,0,Medium,Established,High,0.3981,Silver,Low_Value_Organic,25-34,0,0,1,0.4531,Developing,0.4993,Developing
1841,42,Male,Sandals,Footwear,98,Wyoming,M,Gold,Winter,2.6,0,Store Pickup,0,0,46,Bank Transfer,Quarterly,4,0,Low,Veteran,High,0.5859,Gold,High_Value_Organic,35-44,0,1,2,0.5909,Loyal,0.4078,Developing
1842,31,Male,Socks,Clothing,57,Vermont,L,Blue,Winter,3.0,0,Standard,0,0,7,PayPal,Quarterly,4,0,Medium,New,Medium,0.165,Bronze,Low_Value_Organic,25-34,0,0,1,0.2725,Transactional,0.3356,Transactional
1843,61,Male,Handbag,Accessories,78,Alabama,M,Black,Summer,4.4,0,Express,0,0,1,Debit Card,Annually,1,0,High,New,High,0.145,Bronze,Low_Value_Organic,55-64,1,0,0,0.2,Transactional,0.5973,Loyal
1844,36,Male,Jacket,Outerwear,76,Kentucky,M,Charcoal,Fall,4.7,0,Next Day Air,0,0,32,Credit Card,Monthly,12,0,High,Established,High,0.4793,Gold,High_Value_Organic,35-44,1,1,0,0.5393,Loyal,0.633,Loyal
1845,60,Male,Shorts,Clothing,26,South Dakota,M,Purple,Spring,2.7,0,2-Day Shipping,0,0,31,Credit Card,Annually,1,0,Low,Established,Low,0.2599,Silver,Low_Value_Organic,55-64,1,0,2,0.4449,Developing,0.1968,Transactional
1846,51,Male,Sandals,Footwear,78,Delaware,M,Orange,Winter,2.8,0,2-Day Shipping,0,0,39,Bank Transfer,Quarterly,4,0,Low,Established,High,0.4787,Gold,High_Value_Organic,45-54,1,1,2,0.5337,Loyal,0.3732,Transactional
1847,68,Male,Scarf,Accessories,53,Wisconsin,M,Yellow,Summer,2.9,0,Standard,0,0,9,Venmo,Quarterly,4,0,Low,New,Medium,0.1713,Bronze,Low_Value_Organic,65+,0,0,2,0.2888,Transactional,0.3091,Transactional
1848,46,Male,Sandals,Footwear,100,Arizona,XL,Cyan,Summer,4.4,0,Free Shipping,0,0,49,Credit Card,Weekly,52,0,High,Veteran,High,0.9918,Platinum,High_Value_Organic,45-54,0,1,0,0.9918,Loyal,0.666,Loyal
1849,19,Male,Jeans,Clothing,73,Maine,XL,Yellow,Winter,2.7,0,Express,0,0,34,Cash,Quarterly,4,0,Low,Established,High,0.4254,Silver,Low_Value_Organic,18-24,1,0,2,0.4929,Developing,0.3436,Transactional
1850,30,Male,Skirt,Clothing,40,New Mexico,M,Maroon,Winter,4.5,0,Store Pickup,0,0,35,Bank Transfer,Monthly,12,0,High,Established,Low,0.4138,Silver,Low_Value_Organic,25-34,0,0,0,0.5638,Loyal,0.4925,Developing
1851,51,Male,Gloves,Accessories,76,Wyoming,S,Black,Winter,2.8,0,Store Pickup,0,0,50,Debit Card,Weekly,52,0,Low,Veteran,High,0.94,Platinum,High_Value_Organic,45-54,0,1,2,1.0,Loyal,0.367,Transactional
1852,28,Male,Skirt,Clothing,80,Delaware,S,Lavender,Fall,3.1,0,Free Shipping,0,0,4,Bank Transfer,Fortnightly,26,0,Medium,New,High,0.3706,Silver,Low_Value_Organic,25-34,0,0,1,0.4206,Developing,0.4215,Developing
1853,41,Male,Sweater,Clothing,80,Pennsylvania,XL,Violet,Winter,3.8,0,Store Pickup,0,0,32,Cash,Weekly,52,0,Medium,Established,High,0.8031,Platinum,High_Value_Organic,35-44,0,1,1,0.8531,Loyal,0.5195,Loyal
1854,29,Male,Blouse,Clothing,67,North Dakota,XL,Olive,Spring,2.9,0,Express,0,0,11,PayPal,Fortnightly,26,0,Low,Growing,Medium,0.3952,Silver,Low_Value_Organic,25-34,1,0,2,0.4777,Developing,0.3529,Transactional
1855,25,Male,Sweater,Clothing,61,Kentucky,M,Teal,Spring,3.8,0,Express,0,0,49,Credit Card,Annually,1,0,Medium,Veteran,Medium,0.4943,Gold,High_Value_Organic,25-34,1,1,1,0.5918,Loyal,0.4601,Developing
1856,60,Male,Shirt,Clothing,76,Rhode Island,XL,Teal,Spring,4.7,0,Standard,0,0,9,Cash,Annually,1,0,High,New,High,0.2053,Bronze,Low_Value_Organic,55-64,0,0,0,0.2653,Transactional,0.633,Loyal
1857,63,Male,Jewelry,Accessories,55,Arizona,XL,Beige,Summer,3.2,0,Free Shipping,0,0,30,PayPal,Fortnightly,26,0,Medium,Established,Medium,0.5203,Gold,High_Value_Organic,55-64,0,1,1,0.6328,Loyal,0.3574,Transactional
1858,51,Male,T-shirt,Clothing,85,Colorado,L,Maroon,Summer,4.0,0,Next Day Air,0,0,33,Cash,Monthly,12,0,High,Established,High,0.51,Gold,High_Value_Organic,45-54,1,1,0,0.5475,Loyal,0.5631,Loyal
1859,22,Male,Scarf,Accessories,69,Maine,S,Peach,Spring,4.9,0,2-Day Shipping,0,0,8,Debit Card,Annually,1,0,High,New,Medium,0.1796,Bronze,Low_Value_Organic,18-24,1,0,0,0.2571,Transactional,0.6391,Loyal
1860,54,Male,Belt,Accessories,26,New Jersey,L,Beige,Summer,3.7,0,Store Pickup,0,0,29,Debit Card,Fortnightly,26,0,Medium,Established,Low,0.4396,Silver,Low_Value_Organic,45-54,0,0,1,0.6246,Loyal,0.3368,Transactional
1861,18,Male,T-shirt,Clothing,64,Kansas,M,Silver,Summer,4.8,0,Next Day Air,0,0,4,Credit Card,Monthly,12,0,High,New,Medium,0.2208,Bronze,Low_Value_Organic,18-24,1,0,0,0.3108,Transactional,0.6095,Loyal
1862,29,Male,Sneakers,Footwear,60,South Dakota,S,Peach,Fall,3.6,0,Standard,0,0,19,Debit Card,Monthly,12,0,Medium,Growing,Medium,0.3332,Silver,Low_Value_Organic,25-34,0,0,1,0.4332,Developing,0.429,Developing
1863,59,Male,Gloves,Accessories,36,New Hampshire,M,Turquoise,Winter,4.6,0,Express,0,0,10,PayPal,Fortnightly,26,0,High,Growing,Low,0.3095,Silver,Low_Value_Organic,55-64,1,0,0,0.4695,Developing,0.494,Developing
1864,25,Male,Sandals,Footwear,21,Connecticut,L,Orange,Spring,4.3,0,2-Day Shipping,0,0,39,Debit Card,Monthly,12,0,High,Established,Low,0.399,Silver,Low_Value_Organic,25-34,1,0,0,0.5965,Loyal,0.4051,Developing
1865,19,Male,Backpack,Accessories,72,Wyoming,S,Cyan,Fall,3.2,0,2-Day Shipping,0,0,21,Venmo,Quarterly,4,0,Medium,Growing,Medium,0.3168,Silver,Low_Value_Organic,18-24,1,0,1,0.3868,Developing,0.4105,Developing
1866,56,Male,Pants,Clothing,62,Missouri,S,Silver,Summer,3.8,0,Store Pickup,0,0,12,Bank Transfer,Monthly,12,0,Medium,Growing,Medium,0.2811,Silver,Low_Value_Organic,55-64,0,0,1,0.3761,Developing,0.4633,Developing
1867,31,Male,T-shirt,Clothing,44,Alaska,XL,Gold,Winter,4.2,0,Standard,0,0,9,Credit Card,Fortnightly,26,0,High,New,Low,0.3214,Silver,Low_Value_Organic,25-34,0,0,0,0.4614,Developing,0.463,Developing
1868,45,Male,Skirt,Clothing,52,Delaware,M,Brown,Fall,3.4,0,2-Day Shipping,0,0,20,Venmo,Quarterly,4,0,Medium,Growing,Medium,0.2586,Silver,Low_Value_Organic,45-54,1,0,1,0.3786,Developing,0.376,Transactional
1869,23,Male,Gloves,Accessories,58,Indiana,M,Silver,Spring,4.7,0,Next Day Air,0,0,44,Cash,Fortnightly,26,0,High,Veteran,Medium,0.6421,Gold,High_Value_Organic,18-24,1,1,0,0.7471,Loyal,0.5768,Loyal
1870,18,Male,Blouse,Clothing,77,West Virginia,S,Beige,Spring,3.9,0,2-Day Shipping,0,0,16,Debit Card,Quarterly,4,0,Medium,Growing,High,0.2885,Silver,Low_Value_Organic,18-24,1,0,1,0.346,Developing,0.5241,Loyal
1871,43,Male,Blouse,Clothing,99,Wyoming,L,Violet,Spring,4.3,0,Store Pickup,0,0,27,Debit Card,Fortnightly,26,0,High,Established,High,0.6058,Gold,High_Value_Organic,35-44,0,1,0,0.6083,Loyal,0.6489,Loyal
1872,56,Male,Jeans,Clothing,96,Illinois,XL,Violet,Fall,2.7,0,Standard,0,0,14,Cash,Quarterly,4,0,Low,Growing,High,0.3197,Silver,Low_Value_Organic,55-64,0,0,2,0.3297,Transactional,0.4155,Developing
1873,43,Male,T-shirt,Clothing,64,Alaska,M,Lavender,Summer,4.6,0,Standard,0,0,24,Credit Card,Monthly,12,0,High,Growing,Medium,0.384,Silver,Low_Value_Organic,35-44,0,0,0,0.474,Developing,0.5815,Loyal
1874,64,Male,Sweater,Clothing,44,Wisconsin,XL,Red,Fall,2.9,0,Express,0,0,49,Bank Transfer,Weekly,52,0,Low,Veteran,Low,0.8518,Platinum,High_Value_Organic,55-64,1,1,2,0.9918,Loyal,0.281,Transactional
1875,67,Male,Pants,Clothing,33,Indiana,L,Purple,Fall,3.6,0,Free Shipping,0,0,14,Cash,Weekly,52,0,Medium,Growing,Low,0.5386,Gold,High_Value_Organic,65+,0,1,1,0.7061,Loyal,0.3446,Transactional
1876,63,Male,Boots,Footwear,71,Tennessee,M,Brown,Winter,3.9,0,Next Day Air,0,0,6,Credit Card,Quarterly,4,0,Medium,New,Medium,0.1918,Bronze,Low_Value_Organic,55-64,1,0,1,0.2643,Transactional,0.5054,Developing
1877,54,Male,Skirt,Clothing,36,Illinois,M,Gray,Fall,2.6,0,Standard,0,0,20,Venmo,Quarterly,4,0,Low,Growing,Low,0.2186,Bronze,Low_Value_Organic,45-54,0,0,2,0.3786,Developing,0.214,Transactional
1878,69,Male,Gloves,Accessories,62,Pennsylvania,L,Pink,Fall,3.6,0,Express,0,0,3,Credit Card,Annually,1,0,Medium,New,Medium,0.1213,Bronze,Low_Value_Organic,65+,1,0,1,0.2163,Transactional,0.4352,Developing
1879,34,Male,Socks,Clothing,29,Oklahoma,L,Magenta,Summer,3.4,0,Store Pickup,0,0,5,Credit Card,Monthly,12,0,Medium,New,Low,0.1414,Bronze,Low_Value_Organic,25-34,0,0,1,0.3189,Transactional,0.3041,Transactional
1880,56,Male,T-shirt,Clothing,33,Tennessee,L,Charcoal,Spring,3.5,0,Express,0,0,46,Cash,Fortnightly,26,0,Medium,Veteran,Low,0.5959,Gold,High_Value_Organic,55-64,1,1,1,0.7634,Loyal,0.3306,Transactional
1881,34,Male,Blouse,Clothing,33,New Jersey,L,Yellow,Fall,3.1,0,2-Day Shipping,0,0,8,Debit Card,Monthly,12,0,Medium,New,Low,0.1759,Bronze,Low_Value_Organic,25-34,1,0,1,0.3434,Transactional,0.2746,Transactional
1882,58,Male,Blouse,Clothing,41,New Jersey,M,Red,Winter,4.3,0,Standard,0,0,13,Cash,Fortnightly,26,0,High,Growing,Low,0.3465,Silver,Low_Value_Organic,55-64,0,0,0,0.494,Developing,0.4676,Developing
1883,44,Male,Scarf,Accessories,54,Tennessee,L,Blue,Winter,5.0,0,Store Pickup,0,0,25,Bank Transfer,Quarterly,4,0,High,Established,Medium,0.3044,Silver,Low_Value_Organic,35-44,0,0,0,0.4194,Developing,0.6062,Loyal
1884,25,Male,Backpack,Accessories,58,Georgia,M,Cyan,Spring,4.9,0,Store Pickup,0,0,39,Debit Card,Fortnightly,26,0,High,Established,Medium,0.6013,Gold,High_Value_Organic,25-34,0,1,0,0.7063,Loyal,0.6048,Loyal
1885,27,Male,Shorts,Clothing,30,Arizona,S,Pink,Summer,4.3,0,Next Day Air,0,0,15,Bank Transfer,Fortnightly,26,0,High,Growing,Low,0.3354,Silver,Low_Value_Organic,25-34,1,0,0,0.5104,Developing,0.4332,Developing
1886,26,Male,Jewelry,Accessories,53,Nevada,S,Maroon,Winter,4.4,0,Standard,0,0,35,Cash,Monthly,12,0,High,Established,Medium,0.4463,Silver,Low_Value_Organic,25-34,0,0,0,0.5638,Loyal,0.5191,Loyal
1887,18,Male,Gloves,Accessories,91,Arkansas,L,Beige,Spring,4.4,0,Next Day Air,0,0,46,Cash,Fortnightly,26,0,High,Veteran,High,0.7409,Platinum,High_Value_Organic,18-24,1,1,0,0.7634,Loyal,0.6379,Loyal
1888,64,Male,Hoodie,Clothing,44,North Dakota,XL,Gold,Fall,3.5,0,Express,0,0,3,PayPal,Monthly,12,0,Medium,New,Low,0.1626,Bronze,Low_Value_Organic,55-64,1,0,1,0.3026,Transactional,0.365,Transactional
1889,62,Male,Hoodie,Clothing,89,South Dakota,XL,Turquoise,Winter,3.4,0,Free Shipping,0,0,48,Credit Card,Weekly,52,0,Medium,Veteran,High,0.9562,Platinum,High_Value_Organic,55-64,0,1,1,0.9837,Loyal,0.4916,Developing
1890,59,Male,Skirt,Clothing,57,North Carolina,L,Peach,Spring,2.5,0,Next Day Air,0,0,27,Bank Transfer,Weekly,52,0,Low,Established,Medium,0.7047,Platinum,High_Value_Organic,55-64,1,1,2,0.8122,Loyal,0.2656,Transactional
1891,36,Male,Sunglasses,Accessories,57,Hawaii,M,Lavender,Spring,3.4,0,Store Pickup,0,0,5,Credit Card,Weekly,52,0,Medium,New,Medium,0.5252,Gold,High_Value_Organic,35-44,0,1,1,0.6327,Loyal,0.3916,Developing
1892,69,Male,Jewelry,Accessories,74,New Hampshire,M,Gray,Summer,2.6,0,Next Day Air,0,0,48,Debit Card,Quarterly,4,0,Low,Veteran,High,0.5422,Gold,High_Value_Organic,65+,1,1,2,0.6072,Loyal,0.3328,Transactional
1893,39,Male,Jacket,Outerwear,30,California,M,Blue,Fall,4.6,0,2-Day Shipping,0,0,12,Venmo,Weekly,52,0,High,Growing,Low,0.5148,Gold,High_Value_Organic,35-44,1,1,0,0.6898,Loyal,0.4752,Developing
1894,28,Male,Dress,Clothing,20,Delaware,L,Red,Summer,3.7,0,Express,0,0,10,PayPal,Fortnightly,26,0,Medium,Growing,Low,0.2695,Silver,Low_Value_Organic,25-34,1,0,1,0.4695,Developing,0.318,Transactional
1895,42,Male,Hoodie,Clothing,90,Arizona,M,Purple,Fall,2.5,0,Free Shipping,0,0,48,Debit Card,Fortnightly,26,0,Low,Veteran,High,0.7548,Platinum,High_Value_Organic,35-44,0,1,2,0.7798,Loyal,0.3688,Transactional
1896,31,Male,Jeans,Clothing,61,Washington,L,Indigo,Fall,4.5,0,Express,0,0,3,Debit Card,Monthly,12,0,High,New,Medium,0.2051,Bronze,Low_Value_Organic,25-34,1,0,0,0.3026,Transactional,0.5581,Loyal
1897,57,Male,Sandals,Footwear,51,Nevada,M,Gold,Fall,2.9,0,Standard,0,0,19,Venmo,Monthly,12,0,Low,Growing,Medium,0.3107,Silver,Low_Value_Organic,55-64,0,0,2,0.4332,Developing,0.3029,Transactional
1898,53,Male,Sunglasses,Accessories,97,Alaska,L,Teal,Winter,2.9,0,Free Shipping,0,0,11,Debit Card,Fortnightly,26,0,Low,Growing,High,0.4702,Gold,High_Value_Organic,45-54,0,1,2,0.4777,Developing,0.4466,Developing
1899,59,Male,Pants,Clothing,97,Texas,L,Magenta,Fall,3.5,0,Next Day Air,0,0,25,Venmo,Monthly,12,0,Medium,Established,High,0.4747,Gold,High_Value_Organic,55-64,1,1,1,0.4822,Developing,0.5306,Loyal
1900,32,Male,Shorts,Clothing,40,New York,L,Maroon,Winter,4.2,0,Store Pickup,0,0,42,PayPal,Weekly,52,0,High,Veteran,Low,0.7847,Platinum,High_Value_Organic,25-34,0,1,0,0.9347,Loyal,0.4505,Developing
1901,65,Male,Jewelry,Accessories,85,Iowa,S,Blue,Summer,3.3,0,Free Shipping,0,0,34,Cash,Quarterly,4,0,Medium,Established,High,0.4554,Gold,High_Value_Organic,65+,0,1,1,0.4929,Developing,0.4651,Developing
1902,56,Male,Socks,Clothing,76,Arizona,S,Beige,Winter,3.9,0,Store Pickup,0,0,50,Cash,Quarterly,4,0,Medium,Veteran,High,0.5635,Gold,High_Value_Organic,55-64,0,1,1,0.6235,Loyal,0.521,Loyal
1903,31,Male,Sandals,Footwear,22,New Mexico,S,Olive,Spring,5.0,0,Store Pickup,0,0,21,Venmo,Monthly,12,0,High,Growing,Low,0.2545,Silver,Low_Value_Organic,25-34,0,0,0,0.4495,Developing,0.5062,Developing
1904,59,Male,Pants,Clothing,63,North Carolina,M,Gold,Summer,3.3,0,Standard,0,0,37,Bank Transfer,Weekly,52,0,Medium,Established,Medium,0.8014,Platinum,High_Value_Organic,55-64,0,1,1,0.8939,Loyal,0.3964,Developing
1905,22,Male,T-shirt,Clothing,71,Nevada,S,Silver,Spring,4.2,0,Free Shipping,0,0,46,Cash,Monthly,12,0,High,Veteran,Medium,0.5811,Gold,High_Value_Organic,18-24,0,1,0,0.6536,Loyal,0.5474,Loyal
1906,47,Male,Boots,Footwear,35,Idaho,M,Teal,Summer,4.9,0,2-Day Shipping,0,0,14,Bank Transfer,Fortnightly,26,0,High,Growing,Low,0.3397,Silver,Low_Value_Organic,45-54,1,0,0,0.5022,Developing,0.5329,Loyal
1907,23,Male,Backpack,Accessories,30,Vermont,M,Green,Spring,4.6,0,2-Day Shipping,0,0,24,PayPal,Fortnightly,26,0,High,Growing,Low,0.4088,Silver,Low_Value_Organic,18-24,1,0,0,0.5838,Loyal,0.4752,Developing
1908,69,Male,Skirt,Clothing,74,New Mexico,L,Orange,Fall,4.8,0,Store Pickup,0,0,36,Credit Card,Quarterly,4,0,High,Established,High,0.4442,Silver,Low_Value_Organic,65+,0,0,0,0.5092,Developing,0.6407,Loyal
1909,18,Male,Scarf,Accessories,71,Georgia,XL,Charcoal,Winter,2.7,0,Next Day Air,0,0,19,Debit Card,Fortnightly,26,0,Low,Growing,Medium,0.4705,Gold,High_Value_Organic,18-24,1,1,2,0.543,Loyal,0.3374,Transactional
1910,50,Male,Sweater,Clothing,84,Kentucky,S,Black,Spring,4.3,0,Store Pickup,0,0,12,Credit Card,Monthly,12,0,High,Growing,High,0.3361,Silver,Low_Value_Organic,45-54,0,0,0,0.3761,Developing,0.602,Loyal
1911,29,Male,Sandals,Footwear,38,New York,S,Yellow,Fall,3.8,0,Express,0,0,13,Debit Card,Quarterly,4,0,Medium,Growing,Low,0.1665,Bronze,Low_Value_Organic,25-34,1,0,1,0.3215,Transactional,0.3882,Developing
1912,65,Male,Jewelry,Accessories,81,Arizona,M,Gray,Spring,4.9,0,Express,0,0,32,Debit Card,Fortnightly,26,0,High,Established,High,0.6016,Gold,High_Value_Organic,65+,1,1,0,0.6491,Loyal,0.6766,Loyal
1913,29,Male,Sweater,Clothing,56,Colorado,S,Charcoal,Winter,3.4,0,2-Day Shipping,0,0,5,Credit Card,Fortnightly,26,0,Medium,New,Medium,0.3187,Silver,Low_Value_Organic,25-34,1,0,1,0.4287,Developing,0.3885,Developing
1914,49,Male,Skirt,Clothing,48,Kentucky,M,Peach,Winter,3.6,0,Express,0,0,29,Cash,Annually,1,0,Medium,Established,Medium,0.2986,Silver,Low_Value_Organic,45-54,1,0,1,0.4286,Developing,0.3915,Developing
1915,28,Male,Shorts,Clothing,97,Alaska,L,Green,Fall,3.4,0,Standard,0,0,40,Credit Card,Fortnightly,26,0,Medium,Veteran,High,0.7069,Platinum,High_Value_Organic,25-34,0,1,1,0.7144,Loyal,0.5166,Developing
1916,51,Male,Backpack,Accessories,74,Alabama,M,Magenta,Fall,4.7,0,2-Day Shipping,0,0,44,Cash,Weekly,52,0,High,Veteran,High,0.886,Platinum,High_Value_Organic,45-54,1,1,0,0.951,Loyal,0.6268,Loyal
1917,26,Male,Hoodie,Clothing,50,Connecticut,S,Beige,Winter,3.0,0,Next Day Air,0,0,3,Debit Card,Fortnightly,26,0,Medium,New,Medium,0.2874,Silver,Low_Value_Organic,25-34,1,0,1,0.4124,Developing,0.3138,Transactional
1918,38,Male,Skirt,Clothing,71,Hawaii,L,Black,Winter,3.4,0,Free Shipping,0,0,35,PayPal,Fortnightly,26,0,Medium,Established,Medium,0.6011,Gold,High_Value_Organic,35-44,0,1,1,0.6736,Loyal,0.4354,Developing
1919,35,Male,Skirt,Clothing,33,Idaho,S,Purple,Summer,4.6,0,Standard,0,0,33,Debit Card,Monthly,12,0,High,Established,Low,0.38,Silver,Low_Value_Organic,35-44,0,0,0,0.5475,Loyal,0.4846,Developing
1920,34,Male,Backpack,Accessories,56,Virginia,M,Olive,Summer,3.1,0,Express,0,0,20,PayPal,Fortnightly,26,0,Medium,Growing,Medium,0.4412,Silver,Low_Value_Organic,25-34,1,0,1,0.5512,Loyal,0.3465,Transactional
1921,51,Male,Blouse,Clothing,84,Connecticut,M,Purple,Spring,2.8,0,Standard,0,0,40,Cash,Quarterly,4,0,Low,Veteran,High,0.5019,Gold,High_Value_Organic,45-54,0,1,2,0.5419,Loyal,0.392,Developing
1922,47,Male,Shirt,Clothing,36,Michigan,M,Green,Fall,3.5,0,Store Pickup,0,0,13,Venmo,Annually,1,0,Medium,Growing,Low,0.138,Bronze,Low_Value_Organic,45-54,0,0,1,0.298,Transactional,0.34,Transactional
1923,18,Male,Gloves,Accessories,63,Kentucky,S,Peach,Summer,4.6,0,Standard,0,0,9,PayPal,Monthly,12,0,High,New,Medium,0.2591,Silver,Low_Value_Organic,18-24,0,0,0,0.3516,Developing,0.5784,Loyal
1924,64,Male,Sandals,Footwear,36,Nebraska,XL,Blue,Summer,4.3,0,Standard,0,0,7,Cash,Annually,1,0,High,New,Low,0.089,Bronze,Low_Value_Organic,55-64,0,0,0,0.249,Transactional,0.452,Developing
1925,30,Male,Jacket,Outerwear,63,Michigan,M,Gray,Fall,4.8,0,Free Shipping,0,0,42,PayPal,Quarterly,4,0,High,Veteran,Medium,0.4657,Gold,High_Value_Organic,25-34,0,1,0,0.5582,Loyal,0.6064,Loyal
1926,59,Male,Sneakers,Footwear,32,Utah,L,Black,Winter,2.9,0,Express,0,0,44,Credit Card,Fortnightly,26,0,Low,Veteran,Low,0.5771,Gold,High_Value_Organic,55-64,1,1,2,0.7471,Loyal,0.2435,Transactional
1927,66,Male,Backpack,Accessories,93,New Mexico,M,Silver,Spring,3.0,0,Express,0,0,6,PayPal,Annually,1,0,Medium,New,High,0.2233,Bronze,Low_Value_Organic,65+,1,0,1,0.2408,Transactional,0.4481,Developing
1928,40,Male,Pants,Clothing,29,Florida,M,Pink,Summer,2.9,0,Standard,0,0,8,Cash,Quarterly,4,0,Low,New,Low,0.1032,Bronze,Low_Value_Organic,35-44,0,0,2,0.2807,Transactional,0.2341,Transactional
1929,25,Male,Sunglasses,Accessories,92,Mississippi,S,Lavender,Summer,3.7,0,Standard,0,0,10,PayPal,Weekly,52,0,Medium,Growing,High,0.6535,Platinum,High_Value_Organic,25-34,0,1,1,0.6735,Loyal,0.543,Loyal
1930,59,Male,Jeans,Clothing,33,Hawaii,L,Brown,Fall,4.7,0,Standard,0,0,46,Venmo,Quarterly,4,0,High,Veteran,Low,0.4234,Silver,Low_Value_Organic,55-64,0,0,0,0.5909,Loyal,0.4986,Developing
1931,66,Male,Pants,Clothing,52,North Carolina,L,Turquoise,Spring,3.5,0,Store Pickup,0,0,26,Cash,Weekly,52,0,Medium,Established,Medium,0.6841,Platinum,High_Value_Organic,65+,0,1,1,0.8041,Loyal,0.39,Developing
1932,54,Male,Jewelry,Accessories,42,Illinois,S,Olive,Spring,2.7,0,Store Pickup,0,0,6,Debit Card,Quarterly,4,0,Low,New,Low,0.1193,Bronze,Low_Value_Organic,45-54,0,0,2,0.2643,Transactional,0.2468,Transactional
1933,42,Male,Hoodie,Clothing,36,Maryland,M,White,Spring,5.0,0,Free Shipping,0,0,47,Credit Card,Quarterly,4,0,High,Veteran,Low,0.439,Silver,Low_Value_Organic,35-44,0,0,0,0.599,Loyal,0.55,Loyal
1934,48,Male,Sandals,Footwear,67,Montana,L,Violet,Summer,4.1,0,Next Day Air,0,0,28,Venmo,Annually,1,0,High,Established,Medium,0.3379,Silver,Low_Value_Organic,45-54,1,0,0,0.4204,Developing,0.5209,Loyal
1935,34,Male,Jacket,Outerwear,43,Michigan,L,Gold,Winter,2.7,0,Free Shipping,0,0,23,Bank Transfer,Annually,1,0,Low,Growing,Low,0.2371,Bronze,Low_Value_Organic,25-34,0,0,2,0.3796,Developing,0.2499,Transactional
1936,19,Male,Blouse,Clothing,68,North Carolina,XL,Violet,Spring,4.8,0,Free Shipping,0,0,45,Cash,Fortnightly,26,0,High,Veteran,Medium,0.6753,Platinum,High_Value_Organic,18-24,0,1,0,0.7553,Loyal,0.622,Loyal
1937,70,Male,Jewelry,Accessories,60,Minnesota,S,Teal,Summer,4.3,0,2-Day Shipping,0,0,44,PayPal,Quarterly,4,0,High,Veteran,Medium,0.4745,Gold,High_Value_Organic,65+,1,1,0,0.5745,Loyal,0.527,Loyal
1938,43,Male,Socks,Clothing,53,Delaware,M,Olive,Summer,4.5,0,2-Day Shipping,0,0,11,Bank Transfer,Monthly,12,0,High,Growing,Medium,0.2504,Silver,Low_Value_Organic,35-44,1,0,0,0.3679,Developing,0.5331,Loyal
1939,46,Male,Jeans,Clothing,23,Kentucky,L,Blue,Spring,3.8,0,Standard,0,0,39,Debit Card,Fortnightly,26,0,Medium,Established,Low,0.5138,Gold,High_Value_Organic,45-54,0,1,1,0.7063,Loyal,0.3414,Transactional
1940,66,Male,Gloves,Accessories,57,Ohio,L,Magenta,Winter,3.7,0,Store Pickup,0,0,20,PayPal,Quarterly,4,0,Medium,Growing,Medium,0.2711,Silver,Low_Value_Organic,65+,0,0,1,0.3786,Developing,0.4336,Developing
1941,50,Male,Hat,Accessories,89,Alaska,L,Gray,Fall,3.9,0,2-Day Shipping,0,0,48,PayPal,Fortnightly,26,0,Medium,Veteran,High,0.7523,Platinum,High_Value_Organic,45-54,1,1,1,0.7798,Loyal,0.5616,Loyal
1942,55,Male,Shoes,Footwear,99,Vermont,XL,Peach,Winter,3.3,0,Standard,0,0,46,Credit Card,Quarterly,4,0,Medium,Veteran,High,0.5884,Gold,High_Value_Organic,55-64,0,1,1,0.5909,Loyal,0.5089,Developing
1943,63,Male,Pants,Clothing,28,Alabama,M,Cyan,Fall,3.4,0,Express,0,0,22,PayPal,Monthly,12,0,Medium,Growing,Low,0.2777,Silver,Low_Value_Organic,55-64,1,0,1,0.4577,Developing,0.301,Transactional
1944,32,Male,Socks,Clothing,53,Wisconsin,L,Violet,Summer,3.8,0,Next Day Air,0,0,45,Cash,Annually,1,0,Medium,Veteran,Medium,0.4417,Silver,Low_Value_Organic,25-34,1,0,1,0.5592,Loyal,0.4351,Developing
1945,30,Male,Hoodie,Clothing,45,Arkansas,M,Gold,Winter,2.7,0,Free Shipping,0,0,49,Cash,Quarterly,4,0,Low,Veteran,Medium,0.4779,Gold,High_Value_Organic,25-34,0,1,2,0.6154,Loyal,0.2561,Transactional
1946,35,Male,Hoodie,Clothing,38,Georgia,M,Gold,Winter,2.9,0,2-Day Shipping,0,0,9,Credit Card,Quarterly,4,0,Low,New,Low,0.1338,Bronze,Low_Value_Organic,35-44,1,0,2,0.2888,Transactional,0.2622,Transactional
1947,59,Male,Pants,Clothing,49,Louisiana,M,White,Summer,4.5,0,Standard,0,0,41,Credit Card,Quarterly,4,0,High,Veteran,Medium,0.4226,Silver,Low_Value_Organic,55-64,0,0,0,0.5501,Loyal,0.5206,Loyal
1948,59,Male,Shirt,Clothing,32,New York,M,Gray,Summer,2.6,0,Store Pickup,0,0,2,PayPal,Monthly,12,0,Low,New,Low,0.1244,Bronze,Low_Value_Organic,55-64,0,0,2,0.2944,Transactional,0.2015,Transactional
1949,54,Male,T-shirt,Clothing,37,Connecticut,L,Brown,Winter,3.1,0,Next Day Air,0,0,39,PayPal,Fortnightly,26,0,Medium,Established,Low,0.5488,Gold,High_Value_Organic,45-54,1,1,1,0.7063,Loyal,0.2871,Transactional
1950,63,Male,Dress,Clothing,80,Nebraska,L,Gray,Winter,4.7,0,Store Pickup,0,0,12,PayPal,Quarterly,4,0,High,Growing,High,0.2633,Silver,Low_Value_Organic,55-64,0,0,0,0.3133,Transactional,0.6455,Loyal
1951,43,Male,Backpack,Accessories,78,Arkansas,L,Blue,Summer,4.6,0,Free Shipping,0,0,26,PayPal,Quarterly,4,0,High,Established,High,0.3726,Silver,Low_Value_Organic,35-44,0,0,0,0.4276,Developing,0.6252,Loyal
1952,33,Male,Gloves,Accessories,53,Connecticut,L,Gold,Summer,2.7,0,Next Day Air,0,0,32,Bank Transfer,Fortnightly,26,0,Low,Established,Medium,0.5316,Gold,High_Value_Organic,25-34,1,1,2,0.6491,Loyal,0.2811,Transactional
1953,57,Male,Shoes,Footwear,82,Maryland,L,Yellow,Summer,4.6,0,2-Day Shipping,0,0,50,Cash,Fortnightly,26,0,High,Veteran,High,0.7511,Platinum,High_Value_Organic,55-64,1,1,0,0.7961,Loyal,0.6377,Loyal
1954,25,Male,Skirt,Clothing,33,Colorado,XL,Green,Spring,4.8,0,Standard,0,0,3,PayPal,Fortnightly,26,0,High,New,Low,0.2449,Bronze,Low_Value_Organic,25-34,0,0,0,0.4124,Developing,0.5126,Developing
1955,26,Male,Gloves,Accessories,77,Colorado,M,Pink,Winter,4.2,0,Free Shipping,0,0,3,Venmo,Quarterly,4,0,High,New,High,0.1824,Bronze,Low_Value_Organic,25-34,0,0,0,0.2399,Transactional,0.5661,Loyal
1956,50,Male,Hoodie,Clothing,56,Maine,M,Pink,Winter,4.9,0,Express,0,0,37,Cash,Monthly,12,0,High,Established,Medium,0.4702,Gold,High_Value_Organic,45-54,1,1,0,0.5802,Loyal,0.5985,Loyal
1957,70,Male,Socks,Clothing,37,Oklahoma,M,Pink,Winter,4.9,0,Express,0,0,20,Credit Card,Fortnightly,26,0,High,Growing,Low,0.3937,Silver,Low_Value_Organic,65+,1,0,0,0.5512,Loyal,0.5391,Loyal
1958,68,Male,Gloves,Accessories,54,South Carolina,M,Cyan,Spring,4.5,0,Store Pickup,0,0,26,Cash,Fortnightly,26,0,High,Established,Medium,0.4852,Gold,High_Value_Organic,65+,0,1,0,0.6002,Loyal,0.5362,Loyal
1959,39,Male,Shorts,Clothing,67,Nevada,M,Gray,Winter,2.7,0,Store Pickup,0,0,47,Cash,Quarterly,4,0,Low,Veteran,Medium,0.5165,Gold,High_Value_Organic,35-44,0,1,2,0.599,Loyal,0.3249,Transactional
1960,46,Male,Shoes,Footwear,90,Colorado,M,White,Fall,3.1,0,Store Pickup,0,0,7,Credit Card,Quarterly,4,0,Medium,New,High,0.2475,Bronze,Low_Value_Organic,45-54,0,0,1,0.2725,Transactional,0.4528,Developing
1961,57,Male,Jeans,Clothing,72,Massachusetts,L,Red,Summer,3.3,0,2-Day Shipping,0,0,40,Credit Card,Annually,1,0,Medium,Veteran,Medium,0.4484,Silver,Low_Value_Organic,55-64,1,0,1,0.5184,Developing,0.4245,Developing
1962,47,Male,Boots,Footwear,59,Nevada,L,Black,Summer,2.6,0,Free Shipping,0,0,45,Debit Card,Quarterly,4,0,Low,Veteran,Medium,0.4802,Gold,High_Value_Organic,45-54,0,1,2,0.5827,Loyal,0.2859,Transactional
1963,40,Male,Hat,Accessories,45,Iowa,M,Silver,Fall,4.4,0,Standard,0,0,20,PayPal,Fortnightly,26,0,High,Growing,Medium,0.4137,Silver,Low_Value_Organic,35-44,0,0,0,0.5512,Loyal,0.4941,Developing
1964,52,Male,Shorts,Clothing,30,Michigan,L,Pink,Spring,3.9,0,Standard,0,0,11,Credit Card,Weekly,52,0,Medium,Growing,Low,0.5066,Gold,High_Value_Organic,45-54,0,1,1,0.6816,Loyal,0.3772,Transactional
1965,40,Male,Pants,Clothing,51,West Virginia,S,Cyan,Summer,4.6,0,Express,0,0,50,Debit Card,Monthly,12,0,High,Veteran,Medium,0.5638,Gold,High_Value_Organic,35-44,1,1,0,0.6863,Loyal,0.5409,Loyal
1966,67,Male,Sweater,Clothing,90,Indiana,M,White,Fall,4.9,0,Express,0,0,25,Debit Card,Quarterly,4,0,High,Established,High,0.3944,Silver,Low_Value_Organic,65+,1,0,0,0.4194,Developing,0.7048,Loyal
1967,67,Male,Jacket,Outerwear,95,Indiana,XL,Purple,Winter,3.7,0,Express,0,0,5,Credit Card,Fortnightly,26,0,Medium,New,High,0.4162,Silver,Low_Value_Organic,65+,1,0,1,0.4287,Developing,0.5524,Loyal
1968,37,Male,Dress,Clothing,81,Georgia,L,Yellow,Fall,3.7,0,Standard,0,0,4,Venmo,Annually,1,0,Medium,New,High,0.177,Bronze,Low_Value_Organic,35-44,0,0,1,0.2245,Transactional,0.5086,Developing
1969,67,Male,Shirt,Clothing,70,Minnesota,S,Blue,Spring,4.2,0,Standard,0,0,25,Credit Card,Weekly,52,0,High,Established,Medium,0.7209,Platinum,High_Value_Organic,65+,0,1,0,0.7959,Loyal,0.5442,Loyal
1970,64,Male,Dress,Clothing,32,Louisiana,S,Cyan,Winter,3.5,0,Next Day Air,0,0,11,Bank Transfer,Fortnightly,26,0,Medium,Growing,Low,0.3077,Silver,Low_Value_Organic,55-64,1,0,1,0.4777,Developing,0.3275,Transactional
1971,28,Male,Belt,Accessories,94,Maryland,M,Indigo,Spring,2.9,0,Next Day Air,0,0,4,Credit Card,Fortnightly,26,0,Low,New,High,0.4056,Silver,Low_Value_Organic,25-34,1,0,2,0.4206,Developing,0.4372,Developing
1972,54,Male,Hat,Accessories,29,Pennsylvania,XL,Indigo,Spring,3.4,0,Next Day Air,0,0,1,Venmo,Monthly,12,0,Medium,New,Low,0.1088,Bronze,Low_Value_Organic,45-54,1,0,1,0.2863,Transactional,0.3041,Transactional
1973,54,Male,Backpack,Accessories,31,Louisiana,M,Silver,Summer,3.3,0,Express,0,0,48,PayPal,Quarterly,4,0,Medium,Veteran,Low,0.4347,Silver,Low_Value_Organic,45-54,1,0,1,0.6072,Loyal,0.2964,Transactional
1974,24,Male,Skirt,Clothing,20,Maryland,XL,Red,Fall,4.5,0,Standard,0,0,9,Venmo,Quarterly,4,0,High,New,Low,0.0888,Bronze,Low_Value_Organic,18-24,0,0,0,0.2888,Transactional,0.43,Developing
1975,27,Male,Gloves,Accessories,44,Tennessee,M,Peach,Winter,4.6,0,2-Day Shipping,0,0,2,PayPal,Fortnightly,26,0,High,New,Low,0.2642,Silver,Low_Value_Organic,25-34,1,0,0,0.4042,Developing,0.519,Loyal
1976,53,Male,Jacket,Outerwear,77,Illinois,L,Turquoise,Fall,2.9,0,Express,0,0,4,Cash,Quarterly,4,0,Low,New,High,0.1905,Bronze,Low_Value_Organic,45-54,1,0,2,0.248,Transactional,0.3841,Transactional
1977,32,Male,Handbag,Accessories,51,Wyoming,M,Pink,Spring,3.2,0,Next Day Air,0,0,43,PayPal,Fortnightly,26,0,Medium,Veteran,Medium,0.6164,Gold,High_Value_Organic,25-34,1,1,1,0.7389,Loyal,0.3449,Transactional
1978,24,Male,Sandals,Footwear,49,Florida,M,Teal,Summer,2.6,0,Free Shipping,0,0,32,Bank Transfer,Annually,1,0,Low,Established,Medium,0.3256,Silver,Low_Value_Organic,18-24,0,0,2,0.4531,Developing,0.2546,Transactional
1979,45,Male,Sunglasses,Accessories,78,Massachusetts,L,Magenta,Spring,3.8,0,Store Pickup,0,0,1,Cash,Quarterly,4,0,Medium,New,High,0.1685,Bronze,Low_Value_Organic,45-54,0,0,1,0.2235,Transactional,0.5132,Developing
1980,49,Male,Jeans,Clothing,98,Tennessee,L,Blue,Spring,2.8,0,Store Pickup,0,0,38,Debit Card,Fortnightly,26,0,Low,Established,High,0.6931,Platinum,High_Value_Organic,45-54,0,1,2,0.6981,Loyal,0.4358,Developing
1981,51,Male,Sandals,Footwear,94,Iowa,M,Green,Winter,4.4,0,Store Pickup,0,0,25,PayPal,Fortnightly,26,0,High,Established,High,0.577,Gold,High_Value_Organic,45-54,0,1,0,0.592,Loyal,0.6473,Loyal
1982,69,Male,Shoes,Footwear,91,Michigan,L,Violet,Summer,4.7,0,Express,0,0,42,PayPal,Quarterly,4,0,High,Veteran,High,0.5357,Gold,High_Value_Organic,65+,1,1,0,0.5582,Loyal,0.6799,Loyal
1983,41,Male,Sunglasses,Accessories,77,Kansas,M,Turquoise,Summer,2.7,0,2-Day Shipping,0,0,32,PayPal,Monthly,12,0,Low,Established,High,0.4818,Gold,High_Value_Organic,35-44,1,1,2,0.5393,Loyal,0.3561,Transactional
1984,59,Male,Scarf,Accessories,97,Georgia,M,Pink,Summer,2.6,0,Next Day Air,0,0,21,Debit Card,Quarterly,4,0,Low,Growing,High,0.3793,Silver,Low_Value_Organic,55-64,1,0,2,0.3868,Developing,0.4046,Developing
1985,26,Male,Skirt,Clothing,58,West Virginia,M,Black,Summer,3.4,0,2-Day Shipping,0,0,26,PayPal,Fortnightly,26,0,Medium,Established,Medium,0.4952,Gold,High_Value_Organic,25-34,1,1,1,0.6002,Loyal,0.3948,Developing
1986,23,Male,Gloves,Accessories,97,Tennessee,M,Gold,Spring,3.9,0,2-Day Shipping,0,0,6,Credit Card,Fortnightly,26,0,Medium,New,High,0.4294,Silver,Low_Value_Organic,18-24,1,0,1,0.4369,Developing,0.5866,Loyal
1987,62,Male,Coat,Outerwear,48,Arkansas,L,Green,Summer,3.4,0,2-Day Shipping,0,0,14,Venmo,Quarterly,4,0,Medium,Growing,Medium,0.1997,Bronze,Low_Value_Organic,55-64,1,0,1,0.3297,Transactional,0.3635,Transactional
1988,69,Male,Belt,Accessories,23,Vermont,XL,White,Summer,3.4,0,Express,0,0,4,Cash,Quarterly,4,0,Medium,New,Low,0.0555,Bronze,Low_Value_Organic,65+,1,0,1,0.248,Transactional,0.2854,Transactional
1989,46,Male,Pants,Clothing,79,Virginia,M,Gold,Winter,3.9,0,Free Shipping,0,0,26,Bank Transfer,Weekly,52,0,Medium,Established,High,0.7516,Platinum,High_Value_Organic,45-54,0,1,1,0.8041,Loyal,0.5304,Loyal
1990,35,Male,Jewelry,Accessories,42,Maryland,S,Charcoal,Spring,4.0,0,Express,0,0,39,PayPal,Fortnightly,26,0,High,Established,Low,0.5613,Gold,High_Value_Organic,35-44,1,1,0,0.7063,Loyal,0.4288,Developing
1991,32,Male,Backpack,Accessories,95,Connecticut,L,White,Spring,3.4,0,2-Day Shipping,0,0,15,PayPal,Annually,1,0,Medium,Growing,High,0.3018,Silver,Low_Value_Organic,25-34,1,0,1,0.3143,Transactional,0.5104,Developing
1992,46,Male,Sneakers,Footwear,29,Missouri,M,Brown,Summer,3.7,0,Next Day Air,0,0,1,Venmo,Quarterly,4,0,Medium,New,Low,0.046,Bronze,Low_Value_Organic,45-54,1,0,1,0.2235,Transactional,0.3461,Transactional
1993,33,Male,Hoodie,Clothing,98,New Jersey,L,Gold,Winter,4.9,0,2-Day Shipping,0,0,28,Venmo,Monthly,12,0,High,Established,High,0.5017,Gold,High_Value_Organic,25-34,1,1,0,0.5067,Developing,0.7298,Loyal
1994,32,Male,Blouse,Clothing,96,Arkansas,S,Purple,Spring,5.0,0,Express,0,0,17,Cash,Weekly,52,0,High,Growing,High,0.7206,Platinum,High_Value_Organic,25-34,1,1,0,0.7306,Loyal,0.7375,Loyal
1995,33,Male,Sunglasses,Accessories,66,Nevada,M,Brown,Fall,2.9,0,Next Day Air,0,0,24,Credit Card,Weekly,52,0,Low,Growing,Medium,0.7028,Platinum,High_Value_Organic,25-34,1,1,2,0.7878,Loyal,0.3498,Transactional
1996,67,Male,Boots,Footwear,80,Missouri,S,Teal,Spring,3.0,0,Standard,0,0,29,Debit Card,Quarterly,4,0,Medium,Established,High,0.4021,Silver,Low_Value_Organic,65+,0,0,1,0.4521,Developing,0.4075,Developing
1997,67,Male,Sneakers,Footwear,27,South Dakota,L,Indigo,Summer,3.3,0,Next Day Air,0,0,18,Cash,Quarterly,4,0,Medium,Growing,Low,0.1798,Bronze,Low_Value_Organic,65+,1,0,1,0.3623,Developing,0.2839,Transactional
1998,42,Male,Backpack,Accessories,25,Connecticut,M,Purple,Fall,4.7,0,Express,0,0,10,Debit Card,Fortnightly,26,0,High,Growing,Low,0.282,Silver,Low_Value_Organic,35-44,1,0,0,0.4695,Developing,0.4736,Developing
1999,20,Male,Pants,Clothing,45,Vermont,M,Orange,Fall,3.4,0,2-Day Shipping,0,0,19,Cash,Quarterly,4,0,Medium,Growing,Medium,0.233,Bronze,Low_Value_Organic,18-24,1,0,1,0.3705,Developing,0.3541,Transactional
2000,39,Male,Socks,Clothing,89,Tennessee,L,Indigo,Winter,4.6,0,2-Day Shipping,0,0,26,Debit Card,Monthly,12,0,High,Established,High,0.4629,Gold,High_Value_Organic,35-44,1,1,0,0.4904,Developing,0.6596,Loyal
2001,26,Male,Belt,Accessories,27,California,M,Lavender,Winter,3.6,0,2-Day Shipping,0,0,25,Cash,Fortnightly,26,0,Medium,Established,Low,0.4095,Silver,Low_Value_Organic,25-34,1,0,1,0.592,Loyal,0.3259,Transactional
2002,51,Male,Sunglasses,Accessories,90,Wyoming,S,Purple,Winter,2.6,0,Free Shipping,0,0,2,Debit Card,Fortnightly,26,0,Low,New,High,0.3792,Silver,Low_Value_Organic,45-54,0,0,2,0.4042,Developing,0.3828,Transactional
2003,31,Male,Shirt,Clothing,65,New York,M,Red,Summer,2.7,0,Express,0,0,19,PayPal,Quarterly,4,0,Low,Growing,Medium,0.283,Silver,Low_Value_Organic,25-34,1,0,2,0.3705,Developing,0.3186,Transactional
2004,68,Male,Sneakers,Footwear,72,Maine,S,Blue,Spring,3.1,0,Express,0,0,32,Cash,Quarterly,4,0,Medium,Established,Medium,0.4066,Silver,Low_Value_Organic,65+,1,0,1,0.4766,Developing,0.3965,Developing
2005,44,Male,Shoes,Footwear,70,Georgia,L,Blue,Fall,3.2,0,2-Day Shipping,0,0,13,Cash,Fortnightly,26,0,Medium,Growing,Medium,0.419,Silver,Low_Value_Organic,35-44,1,0,1,0.494,Developing,0.4043,Developing
2006,18,Male,Sandals,Footwear,82,Tennessee,M,Cyan,Winter,3.4,0,Store Pickup,0,0,30,PayPal,Fortnightly,26,0,Medium,Established,High,0.5878,Gold,High_Value_Organic,18-24,0,1,1,0.6328,Loyal,0.4698,Developing
2007,58,Male,Scarf,Accessories,97,New Mexico,S,Pink,Fall,4.4,0,Express,0,0,2,Credit Card,Annually,1,0,High,New,High,0.2007,Bronze,Low_Value_Organic,55-64,1,0,0,0.2082,Transactional,0.6566,Loyal
2008,26,Male,Shirt,Clothing,25,Virginia,M,Silver,Summer,3.2,0,2-Day Shipping,0,0,8,PayPal,Quarterly,4,0,Medium,New,Low,0.0932,Bronze,Low_Value_Organic,25-34,1,0,1,0.2807,Transactional,0.2636,Transactional
2009,57,Male,Skirt,Clothing,48,Florida,M,Gray,Spring,2.5,0,Free Shipping,0,0,27,PayPal,Quarterly,4,0,Low,Established,Medium,0.3058,Silver,Low_Value_Organic,55-64,0,0,2,0.4358,Developing,0.2375,Transactional
2010,37,Male,Boots,Footwear,99,Alabama,M,Indigo,Summer,3.8,0,Next Day Air,0,0,26,Venmo,Fortnightly,26,0,Medium,Established,High,0.5977,Gold,High_Value_Organic,35-44,1,1,1,0.6002,Loyal,0.5789,Loyal
2011,24,Male,Sweater,Clothing,21,Texas,M,Maroon,Summer,4.4,0,2-Day Shipping,0,0,3,Debit Card,Fortnightly,26,0,High,New,Low,0.2149,Bronze,Low_Value_Organic,18-24,1,0,0,0.4124,Developing,0.4191,Developing
2012,57,Male,Sandals,Footwear,94,West Virginia,M,Beige,Spring,3.7,0,Express,0,0,4,Bank Transfer,Monthly,12,0,Medium,New,High,0.2958,Silver,Low_Value_Organic,55-64,1,0,1,0.3108,Transactional,0.5493,Loyal
2013,48,Male,Jeans,Clothing,53,Nevada,L,Green,Fall,3.2,0,Store Pickup,0,0,5,Cash,Fortnightly,26,0,Medium,New,Medium,0.3112,Silver,Low_Value_Organic,45-54,0,0,1,0.4287,Developing,0.3511,Transactional
2014,39,Male,Backpack,Accessories,70,Virginia,M,Peach,Winter,4.9,0,Standard,0,0,25,Debit Card,Quarterly,4,0,High,Established,Medium,0.3444,Silver,Low_Value_Organic,35-44,0,0,0,0.4194,Developing,0.6422,Loyal
2015,51,Male,Skirt,Clothing,26,Wisconsin,L,Black,Summer,3.9,0,Standard,0,0,47,PayPal,Fortnightly,26,0,Medium,Veteran,Low,0.5866,Gold,High_Value_Organic,45-54,0,1,1,0.7716,Loyal,0.3648,Transactional
2016,57,Male,Belt,Accessories,82,Virginia,S,Pink,Summer,4.5,0,Next Day Air,0,0,8,Credit Card,Fortnightly,26,0,High,New,High,0.4082,Silver,Low_Value_Organic,55-64,1,0,0,0.4532,Developing,0.6238,Loyal
2017,53,Male,Shoes,Footwear,47,Maine,S,Violet,Winter,3.4,0,Standard,0,0,20,Debit Card,Fortnightly,26,0,Medium,Growing,Medium,0.4187,Silver,Low_Value_Organic,45-54,0,0,1,0.5512,Loyal,0.3604,Transactional
2018,70,Male,Socks,Clothing,32,Massachusetts,S,Green,Winter,4.1,0,Next Day Air,0,0,42,Bank Transfer,Quarterly,4,0,High,Veteran,Low,0.3882,Silver,Low_Value_Organic,65+,1,0,0,0.5582,Loyal,0.4115,Developing
2019,60,Male,Backpack,Accessories,97,Arkansas,S,Gold,Fall,4.5,0,Store Pickup,0,0,20,Bank Transfer,Weekly,52,0,High,Growing,High,0.7476,Platinum,High_Value_Organic,55-64,0,1,0,0.7551,Loyal,0.6706,Loyal
2020,31,Male,Shirt,Clothing,68,Idaho,S,Red,Winter,4.7,0,Store Pickup,0,0,23,Cash,Fortnightly,26,0,High,Growing,Medium,0.4957,Gold,High_Value_Organic,25-34,0,1,0,0.5757,Loyal,0.608,Loyal
2021,41,Male,Sweater,Clothing,23,Pennsylvania,M,Beige,Winter,4.8,0,Next Day Air,0,0,26,Cash,Quarterly,4,0,High,Established,Low,0.2351,Bronze,Low_Value_Organic,35-44,1,0,0,0.4276,Developing,0.4814,Developing
2022,62,Male,Handbag,Accessories,33,Maine,M,Green,Winter,4.4,0,Standard,0,0,48,Venmo,Quarterly,4,0,High,Veteran,Low,0.4397,Silver,Low_Value_Organic,55-64,0,0,0,0.6072,Loyal,0.4566,Developing
2023,59,Male,Jewelry,Accessories,38,Alabama,S,Black,Winter,4.0,0,Store Pickup,0,0,16,Cash,Fortnightly,26,0,High,Growing,Low,0.3635,Silver,Low_Value_Organic,55-64,0,0,0,0.5185,Developing,0.4162,Developing
2024,46,Male,Socks,Clothing,68,Idaho,S,Teal,Winter,4.1,0,Store Pickup,0,0,28,Cash,Fortnightly,26,0,High,Established,Medium,0.5365,Gold,High_Value_Organic,45-54,0,1,0,0.6165,Loyal,0.524,Loyal
2025,62,Male,Socks,Clothing,23,Arkansas,L,Silver,Fall,3.7,0,Express,0,0,39,PayPal,Weekly,52,0,Medium,Established,Low,0.7177,Platinum,High_Value_Organic,55-64,1,1,1,0.9102,Loyal,0.3274,Transactional
2026,42,Male,Shirt,Clothing,29,Delaware,M,Turquoise,Summer,3.0,0,Express,0,0,43,Debit Card,Fortnightly,26,0,Medium,Veteran,Low,0.5614,Gold,High_Value_Organic,35-44,1,1,1,0.7389,Loyal,0.2481,Transactional
2027,37,Male,Scarf,Accessories,35,Maine,M,Orange,Winter,3.6,0,Express,0,0,45,Bank Transfer,Quarterly,4,0,Medium,Veteran,Low,0.4202,Silver,Low_Value_Organic,35-44,1,0,1,0.5827,Loyal,0.3509,Transactional
2028,50,Male,Shoes,Footwear,73,Nebraska,S,Gold,Fall,4.8,0,Standard,0,0,50,Credit Card,Quarterly,4,0,High,Veteran,High,0.556,Gold,High_Value_Organic,45-54,0,1,0,0.6235,Loyal,0.6376,Loyal
2029,29,Male,Shoes,Footwear,84,Ohio,XL,Purple,Fall,3.7,0,2-Day Shipping,0,0,10,Venmo,Fortnightly,26,0,Medium,Growing,High,0.4295,Silver,Low_Value_Organic,25-34,1,0,1,0.4695,Developing,0.518,Loyal
2030,25,Male,Scarf,Accessories,23,Montana,M,Pink,Spring,4.6,0,Next Day Air,0,0,40,PayPal,Quarterly,4,0,High,Veteran,Low,0.3494,Silver,Low_Value_Organic,25-34,1,0,0,0.5419,Loyal,0.4534,Developing
2031,66,Male,Sunglasses,Accessories,67,New Mexico,S,Green,Summer,2.8,0,Standard,0,0,38,Credit Card,Monthly,12,0,Low,Established,Medium,0.5058,Gold,High_Value_Organic,65+,0,1,2,0.5883,Loyal,0.3389,Transactional
2032,21,Male,Socks,Clothing,51,North Carolina,L,Charcoal,Spring,4.0,0,Standard,0,0,2,Credit Card,Monthly,12,0,High,New,Medium,0.1719,Bronze,Low_Value_Organic,18-24,0,0,0,0.2944,Transactional,0.4569,Developing
2033,46,Male,Blouse,Clothing,36,South Carolina,M,Maroon,Winter,4.2,0,Next Day Air,0,0,13,Cash,Annually,1,0,High,Growing,Low,0.138,Bronze,Low_Value_Organic,45-54,1,0,0,0.298,Transactional,0.438,Developing
2034,57,Male,Jeans,Clothing,55,Illinois,L,Olive,Summer,3.6,0,Express,0,0,33,Venmo,Annually,1,0,Medium,Established,Medium,0.3487,Silver,Low_Value_Organic,55-64,1,0,1,0.4612,Developing,0.4134,Developing
2035,61,Male,Shorts,Clothing,30,Alabama,M,Peach,Spring,2.9,0,Store Pickup,0,0,27,PayPal,Monthly,12,0,Low,Established,Low,0.3235,Silver,Low_Value_Organic,55-64,0,0,2,0.4985,Developing,0.2372,Transactional
2036,53,Male,T-shirt,Clothing,70,Oklahoma,S,Yellow,Summer,4.1,0,Express,0,0,43,Bank Transfer,Weekly,52,0,High,Veteran,Medium,0.8679,Platinum,High_Value_Organic,45-54,1,1,0,0.9429,Loyal,0.5302,Loyal
2037,37,Male,Blouse,Clothing,63,Minnesota,S,Lavender,Winter,3.1,0,Next Day Air,0,0,46,Cash,Weekly,52,0,Medium,Veteran,Medium,0.8748,Platinum,High_Value_Organic,35-44,1,1,1,0.9673,Loyal,0.3684,Transactional
2038,39,Male,Belt,Accessories,87,Illinois,S,Green,Summer,4.3,0,Express,0,0,7,Venmo,Fortnightly,26,0,High,New,High,0.4126,Silver,Low_Value_Organic,35-44,1,0,0,0.4451,Developing,0.6114,Loyal
2039,53,Male,Blouse,Clothing,70,Arkansas,L,Orange,Spring,4.4,0,Next Day Air,0,0,35,Credit Card,Fortnightly,26,0,High,Established,Medium,0.5986,Gold,High_Value_Organic,45-54,1,1,0,0.6736,Loyal,0.5722,Loyal
2040,35,Male,T-shirt,Clothing,51,Minnesota,M,Olive,Spring,3.1,0,Next Day Air,0,0,31,Debit Card,Fortnightly,26,0,Medium,Established,Medium,0.5185,Gold,High_Value_Organic,35-44,1,1,1,0.641,Loyal,0.3309,Transactional
2041,69,Male,Jewelry,Accessories,25,South Carolina,XL,Gray,Spring,2.9,0,Free Shipping,0,0,42,Venmo,Quarterly,4,0,Low,Veteran,Low,0.3707,Silver,Low_Value_Organic,65+,0,0,2,0.5582,Loyal,0.2216,Transactional
2042,66,Male,Jacket,Outerwear,32,New York,S,Lavender,Winter,3.2,0,Next Day Air,0,0,14,PayPal,Fortnightly,26,0,Medium,Growing,Low,0.3322,Silver,Low_Value_Organic,65+,1,0,1,0.5022,Developing,0.2855,Transactional
2043,19,Male,Shoes,Footwear,52,Alabama,M,Red,Spring,4.0,0,2-Day Shipping,0,0,35,Venmo,Monthly,12,0,High,Established,Medium,0.4438,Silver,Low_Value_Organic,18-24,1,0,0,0.5638,Loyal,0.46,Developing
2044,47,Male,Gloves,Accessories,33,New York,M,Charcoal,Summer,2.7,0,Standard,0,0,49,PayPal,Weekly,52,0,Low,Veteran,Low,0.8243,Platinum,High_Value_Organic,45-54,0,1,2,0.9918,Loyal,0.2186,Transactional
2045,49,Male,Jeans,Clothing,68,Missouri,L,Orange,Spring,3.0,0,Free Shipping,0,0,17,PayPal,Fortnightly,26,0,Medium,Growing,Medium,0.4467,Silver,Low_Value_Organic,45-54,0,0,1,0.5267,Loyal,0.37,Transactional
2046,31,Male,Jewelry,Accessories,20,Georgia,M,Red,Fall,4.4,0,Express,0,0,26,PayPal,Quarterly,4,0,High,Established,Low,0.2276,Bronze,Low_Value_Organic,25-34,1,0,0,0.4276,Developing,0.416,Developing
2047,39,Male,Pants,Clothing,32,Oklahoma,M,Maroon,Winter,2.8,0,Free Shipping,0,0,30,Cash,Quarterly,4,0,Low,Established,Low,0.2903,Silver,Low_Value_Organic,35-44,0,0,2,0.4603,Developing,0.2295,Transactional
2048,58,Male,Jewelry,Accessories,82,Connecticut,M,Silver,Summer,3.1,0,Store Pickup,0,0,32,Cash,Annually,1,0,Medium,Established,High,0.4081,Silver,Low_Value_Organic,55-64,0,0,1,0.4531,Developing,0.4278,Developing
2049,45,Male,Sneakers,Footwear,64,Michigan,XL,Pink,Winter,3.9,0,Express,0,0,35,Bank Transfer,Quarterly,4,0,Medium,Established,Medium,0.4111,Silver,Low_Value_Organic,45-54,1,0,1,0.5011,Developing,0.4835,Developing
2050,68,Male,Boots,Footwear,24,Rhode Island,L,Blue,Fall,2.7,0,Standard,0,0,15,Venmo,Annually,1,0,Low,Growing,Low,0.1243,Bronze,Low_Value_Organic,65+,0,0,2,0.3143,Transactional,0.1905,Transactional
2051,35,Male,Hat,Accessories,96,Mississippi,M,Teal,Summer,3.4,0,Store Pickup,0,0,10,Debit Card,Annually,1,0,Medium,Growing,High,0.2635,Silver,Low_Value_Organic,35-44,0,0,1,0.2735,Transactional,0.5135,Developing
2052,65,Male,T-shirt,Clothing,94,Massachusetts,L,Black,Spring,3.8,0,Free Shipping,0,0,14,Credit Card,Monthly,12,0,Medium,Growing,High,0.3774,Silver,Low_Value_Organic,65+,0,0,1,0.3924,Developing,0.5632,Loyal
2053,45,Male,Backpack,Accessories,48,New Hampshire,M,Gray,Winter,3.7,0,2-Day Shipping,0,0,30,Bank Transfer,Annually,1,0,Medium,Established,Medium,0.3067,Silver,Low_Value_Organic,45-54,1,0,1,0.4367,Developing,0.4055,Developing
2054,19,Male,Sunglasses,Accessories,60,Wyoming,S,Purple,Spring,4.5,0,2-Day Shipping,0,0,16,Credit Card,Fortnightly,26,0,High,Growing,Medium,0.4185,Silver,Low_Value_Organic,18-24,1,0,0,0.5185,Developing,0.555,Loyal
2055,65,Male,Sweater,Clothing,56,New Jersey,XL,Gold,Spring,2.9,0,Express,0,0,14,PayPal,Annually,1,0,Low,Growing,Medium,0.1961,Bronze,Low_Value_Organic,65+,1,0,2,0.3061,Transactional,0.3185,Transactional
2056,28,Male,Handbag,Accessories,33,Texas,M,Silver,Fall,3.4,0,2-Day Shipping,0,0,28,Bank Transfer,Weekly,52,0,Medium,Established,Low,0.6529,Platinum,High_Value_Organic,25-34,1,1,1,0.8204,Loyal,0.3166,Transactional
2057,55,Male,Backpack,Accessories,46,Minnesota,L,Blue,Spring,4.4,0,2-Day Shipping,0,0,29,PayPal,Monthly,12,0,High,Established,Medium,0.3798,Silver,Low_Value_Organic,55-64,1,0,0,0.5148,Developing,0.4973,Developing
2058,66,Male,Socks,Clothing,37,South Dakota,L,Yellow,Spring,4.2,0,Standard,0,0,5,PayPal,Quarterly,4,0,High,New,Low,0.0987,Bronze,Low_Value_Organic,65+,0,0,0,0.2562,Transactional,0.4411,Developing
2059,29,Male,Shirt,Clothing,98,Washington,M,Brown,Winter,3.3,0,Store Pickup,0,0,17,Bank Transfer,Quarterly,4,0,Medium,Growing,High,0.3491,Silver,Low_Value_Organic,25-34,0,0,1,0.3541,Developing,0.5058,Developing
2060,56,Male,Shorts,Clothing,50,California,XL,Beige,Spring,3.7,0,Express,0,0,50,PayPal,Weekly,52,0,Medium,Veteran,Medium,0.875,Platinum,High_Value_Organic,55-64,1,1,1,1.0,Loyal,0.4118,Developing
2061,21,Male,Belt,Accessories,63,Wisconsin,M,Blue,Fall,3.2,0,Next Day Air,0,0,23,Bank Transfer,Quarterly,4,0,Medium,Growing,Medium,0.3106,Silver,Low_Value_Organic,18-24,1,0,1,0.4031,Developing,0.3824,Transactional
2062,32,Male,Sweater,Clothing,70,Michigan,S,Magenta,Summer,2.6,0,Store Pickup,0,0,22,Debit Card,Annually,1,0,Low,Growing,Medium,0.2964,Silver,Low_Value_Organic,25-34,0,0,2,0.3714,Developing,0.3203,Transactional
2063,54,Male,Coat,Outerwear,63,South Carolina,L,Silver,Fall,2.8,0,Standard,0,0,15,Cash,Quarterly,4,0,Low,Growing,Medium,0.2453,Bronze,Low_Value_Organic,45-54,0,0,2,0.3378,Transactional,0.3264,Transactional
2064,61,Male,Shorts,Clothing,86,Indiana,M,Cyan,Fall,2.9,0,Standard,0,0,32,Cash,Monthly,12,0,Low,Established,High,0.5043,Gold,High_Value_Organic,55-64,0,1,2,0.5393,Loyal,0.4122,Developing
2065,31,Male,Shoes,Footwear,99,Arkansas,M,Green,Summer,4.0,0,2-Day Shipping,0,0,5,Bank Transfer,Monthly,12,0,High,New,High,0.3164,Silver,Low_Value_Organic,25-34,1,0,0,0.3189,Transactional,0.6069,Loyal
2066,27,Male,Sneakers,Footwear,40,Oregon,M,Blue,Spring,2.9,0,Free Shipping,0,0,6,Bank Transfer,Fortnightly,26,0,Low,New,Low,0.2869,Silver,Low_Value_Organic,25-34,0,0,2,0.4369,Developing,0.2685,Transactional
2067,64,Male,Sneakers,Footwear,92,Illinois,M,Olive,Fall,4.7,0,Store Pickup,0,0,44,Debit Card,Fortnightly,26,0,High,Veteran,High,0.7271,Platinum,High_Value_Organic,55-64,0,1,0,0.7471,Loyal,0.683,Loyal
2068,60,Male,Pants,Clothing,21,Maryland,XL,Beige,Fall,3.1,0,2-Day Shipping,0,0,23,Cash,Fortnightly,26,0,Medium,Growing,Low,0.3782,Silver,Low_Value_Organic,55-64,1,0,1,0.5757,Loyal,0.2371,Transactional
2069,70,Male,Jewelry,Accessories,81,Vermont,XL,Black,Summer,3.9,0,Store Pickup,0,0,44,Venmo,Monthly,12,0,Medium,Veteran,High,0.5898,Gold,High_Value_Organic,65+,0,1,1,0.6373,Loyal,0.5366,Loyal
2070,36,Male,T-shirt,Clothing,82,Texas,M,Indigo,Fall,3.4,0,Free Shipping,0,0,3,Debit Card,Quarterly,4,0,Medium,New,High,0.1949,Bronze,Low_Value_Organic,35-44,0,0,1,0.2399,Transactional,0.4698,Developing
2071,56,Male,Jewelry,Accessories,88,Nebraska,XL,Red,Spring,3.1,0,Express,0,0,14,Cash,Monthly,12,0,Medium,Growing,High,0.3624,Silver,Low_Value_Organic,55-64,1,0,1,0.3924,Developing,0.4465,Developing
2072,69,Male,Jacket,Outerwear,100,South Carolina,S,Yellow,Fall,4.8,0,Store Pickup,0,0,37,PayPal,Quarterly,4,0,High,Established,High,0.5174,Gold,High_Value_Organic,65+,0,1,0,0.5174,Developing,0.722,Loyal
2073,39,Male,Backpack,Accessories,66,Massachusetts,M,Beige,Winter,3.9,0,Next Day Air,0,0,22,Bank Transfer,Weekly,52,0,Medium,Growing,Medium,0.6864,Platinum,High_Value_Organic,35-44,1,1,1,0.7714,Loyal,0.4898,Developing
2074,38,Male,Belt,Accessories,25,Texas,S,Green,Winter,3.5,0,Next Day Air,0,0,2,PayPal,Quarterly,4,0,Medium,New,Low,0.0442,Bronze,Low_Value_Organic,35-44,1,0,1,0.2317,Transactional,0.3056,Transactional
2075,36,Male,Scarf,Accessories,53,Florida,M,White,Summer,3.1,0,Free Shipping,0,0,44,Debit Card,Fortnightly,26,0,Medium,Veteran,Medium,0.6296,Gold,High_Value_Organic,35-44,0,1,1,0.7471,Loyal,0.3371,Transactional
2076,46,Male,Sweater,Clothing,28,South Carolina,S,Turquoise,Fall,4.7,0,Express,0,0,49,Debit Card,Monthly,12,0,High,Veteran,Low,0.4981,Gold,High_Value_Organic,45-54,1,1,0,0.6781,Loyal,0.483,Developing
2077,59,Male,Gloves,Accessories,23,Florida,S,Indigo,Fall,4.6,0,Free Shipping,0,0,22,Debit Card,Fortnightly,26,0,High,Growing,Low,0.375,Silver,Low_Value_Organic,55-64,0,0,0,0.5675,Loyal,0.4534,Developing
2078,64,Male,Scarf,Accessories,34,Nebraska,L,Orange,Fall,3.3,0,Free Shipping,0,0,26,Bank Transfer,Annually,1,0,Medium,Established,Low,0.2391,Bronze,Low_Value_Organic,55-64,0,0,1,0.4041,Developing,0.3058,Transactional
2079,49,Male,Dress,Clothing,42,Hawaii,M,Blue,Spring,3.2,0,Next Day Air,0,0,40,Debit Card,Weekly,52,0,Medium,Veteran,Low,0.7734,Platinum,High_Value_Organic,45-54,1,1,1,0.9184,Loyal,0.3168,Transactional
2080,32,Male,Jeans,Clothing,24,Montana,L,Violet,Summer,3.1,0,Next Day Air,0,0,16,PayPal,Quarterly,4,0,Medium,Growing,Low,0.156,Bronze,Low_Value_Organic,25-34,1,0,1,0.346,Developing,0.2465,Transactional
2081,29,Male,Sunglasses,Accessories,47,South Dakota,S,Gray,Fall,3.5,0,Free Shipping,0,0,17,Debit Card,Fortnightly,26,0,Medium,Growing,Medium,0.3942,Silver,Low_Value_Organic,25-34,0,0,1,0.5267,Loyal,0.3744,Transactional
2082,24,Male,Coat,Outerwear,78,Alabama,S,Cyan,Spring,4.3,0,Standard,0,0,48,Bank Transfer,Fortnightly,26,0,High,Veteran,High,0.7248,Platinum,High_Value_Organic,18-24,0,1,0,0.7798,Loyal,0.5833,Loyal
2083,41,Male,Jeans,Clothing,89,Arkansas,M,Yellow,Summer,2.9,0,Free Shipping,0,0,28,Venmo,Quarterly,4,0,Low,Established,High,0.4164,Silver,Low_Value_Organic,35-44,0,0,2,0.4439,Developing,0.4216,Developing
2084,41,Male,Scarf,Accessories,59,Mississippi,L,Orange,Fall,2.7,0,Store Pickup,0,0,26,Credit Card,Fortnightly,26,0,Low,Established,Medium,0.4977,Gold,High_Value_Organic,35-44,0,1,2,0.6002,Loyal,0.2999,Transactional
2085,32,Male,Blouse,Clothing,94,Vermont,S,Brown,Summer,4.0,0,Standard,0,0,43,Bank Transfer,Quarterly,4,0,High,Veteran,High,0.5514,Gold,High_Value_Organic,25-34,0,1,0,0.5664,Loyal,0.5913,Loyal
2086,69,Male,Jeans,Clothing,49,New York,M,Teal,Fall,4.6,0,Free Shipping,0,0,38,Debit Card,Weekly,52,0,High,Established,Medium,0.7745,Platinum,High_Value_Organic,65+,0,1,0,0.902,Loyal,0.5346,Loyal
2087,65,Male,Dress,Clothing,89,North Dakota,L,Beige,Summer,4.7,0,2-Day Shipping,0,0,36,Cash,Quarterly,4,0,High,Established,High,0.4817,Gold,High_Value_Organic,65+,1,1,0,0.5092,Developing,0.6736,Loyal
2088,54,Male,Hat,Accessories,91,Wisconsin,M,Blue,Summer,4.7,0,Standard,0,0,1,Credit Card,Weekly,52,0,High,New,High,0.5775,Gold,High_Value_Organic,45-54,0,1,0,0.6,Loyal,0.6799,Loyal
2089,39,Male,Sandals,Footwear,89,California,L,Orange,Spring,4.0,0,Standard,0,0,49,Debit Card,Annually,1,0,High,Veteran,High,0.5643,Gold,High_Value_Organic,35-44,0,1,0,0.5918,Loyal,0.5756,Loyal
2090,37,Male,Jacket,Outerwear,57,Maryland,L,Gold,Spring,3.6,0,Free Shipping,0,0,41,Credit Card,Quarterly,4,0,Medium,Veteran,Medium,0.4426,Silver,Low_Value_Organic,35-44,0,0,1,0.5501,Loyal,0.4196,Developing
2091,51,Male,Socks,Clothing,71,Massachusetts,S,Teal,Winter,3.4,0,Free Shipping,0,0,21,Debit Card,Monthly,12,0,Medium,Growing,Medium,0.377,Silver,Low_Value_Organic,45-54,0,0,1,0.4495,Developing,0.4354,Developing
2092,26,Male,Jeans,Clothing,97,Washington,XL,Beige,Fall,3.0,0,Next Day Air,0,0,24,Bank Transfer,Quarterly,4,0,Medium,Growing,High,0.4038,Silver,Low_Value_Organic,25-34,1,0,1,0.4113,Developing,0.4606,Developing
2093,42,Male,Sandals,Footwear,45,Minnesota,M,Silver,Fall,2.6,0,Next Day Air,0,0,27,Bank Transfer,Weekly,52,0,Low,Established,Medium,0.6747,Platinum,High_Value_Organic,35-44,1,1,2,0.8122,Loyal,0.2421,Transactional
2094,21,Male,Dress,Clothing,91,Washington,M,Maroon,Spring,4.2,0,Store Pickup,0,0,4,Debit Card,Annually,1,0,High,New,High,0.202,Bronze,Low_Value_Organic,18-24,0,0,0,0.2245,Transactional,0.6099,Loyal
2095,53,Male,Socks,Clothing,25,South Carolina,M,Indigo,Spring,3.4,0,Standard,0,0,19,Venmo,Annually,1,0,Medium,Growing,Low,0.1594,Bronze,Low_Value_Organic,45-54,0,0,1,0.3469,Developing,0.2916,Transactional
2096,36,Male,Hoodie,Clothing,63,New Mexico,M,Gray,Fall,4.0,0,Store Pickup,0,0,1,Bank Transfer,Fortnightly,26,0,High,New,Medium,0.3036,Silver,Low_Value_Organic,35-44,0,0,0,0.3961,Developing,0.4944,Developing
2097,21,Male,Dress,Clothing,52,North Carolina,L,Blue,Summer,4.7,0,Free Shipping,0,0,27,Debit Card,Annually,1,0,High,Established,Medium,0.2922,Silver,Low_Value_Organic,18-24,0,0,0,0.4122,Developing,0.558,Loyal
2098,33,Male,Sneakers,Footwear,43,Iowa,S,Cyan,Winter,3.9,0,Next Day Air,0,0,5,Credit Card,Weekly,52,0,Medium,New,Low,0.4902,Gold,High_Value_Organic,25-34,1,1,1,0.6327,Loyal,0.4179,Developing
2099,49,Male,T-shirt,Clothing,28,Louisiana,M,White,Summer,3.3,0,2-Day Shipping,0,0,20,Venmo,Quarterly,4,0,Medium,Growing,Low,0.1986,Bronze,Low_Value_Organic,45-54,1,0,1,0.3786,Developing,0.287,Transactional
2100,31,Male,T-shirt,Clothing,78,Oklahoma,L,Green,Summer,2.9,0,Express,0,0,50,PayPal,Annually,1,0,Low,Veteran,High,0.545,Gold,High_Value_Organic,25-34,1,1,2,0.6,Loyal,0.3872,Developing
2101,68,Male,Sweater,Clothing,31,Michigan,M,Silver,Spring,4.4,0,Free Shipping,0,0,36,Cash,Fortnightly,26,0,High,Established,Low,0.5093,Gold,High_Value_Organic,65+,0,1,0,0.6818,Loyal,0.4504,Developing
2102,49,Male,Shirt,Clothing,23,Oregon,M,Blue,Winter,3.6,0,Next Day Air,0,0,12,Bank Transfer,Fortnightly,26,0,Medium,Growing,Low,0.2934,Silver,Low_Value_Organic,45-54,1,0,1,0.4859,Developing,0.3134,Transactional
2103,23,Male,Hat,Accessories,25,Idaho,M,Brown,Spring,4.5,0,Store Pickup,0,0,23,Cash,Monthly,12,0,High,Growing,Low,0.2784,Silver,Low_Value_Organic,18-24,0,0,0,0.4659,Developing,0.4456,Developing
2104,30,Male,Pants,Clothing,86,Indiana,S,Red,Summer,3.7,0,Store Pickup,0,0,21,Venmo,Weekly,52,0,Medium,Growing,High,0.7283,Platinum,High_Value_Organic,25-34,0,1,1,0.7633,Loyal,0.5243,Loyal
2105,53,Male,Shoes,Footwear,88,New Mexico,M,Gold,Spring,2.8,0,Free Shipping,0,0,47,Venmo,Weekly,52,0,Low,Veteran,High,0.9455,Platinum,High_Value_Organic,45-54,0,1,2,0.9755,Loyal,0.4045,Developing
2106,65,Male,Gloves,Accessories,35,South Carolina,M,Silver,Spring,4.5,0,Free Shipping,0,0,38,Venmo,Fortnightly,26,0,High,Established,Low,0.5356,Gold,High_Value_Organic,65+,0,1,0,0.6981,Loyal,0.4769,Developing
2107,60,Male,Jewelry,Accessories,34,Vermont,M,Gray,Fall,4.4,0,Standard,0,0,40,Credit Card,Quarterly,4,0,High,Veteran,Low,0.3769,Silver,Low_Value_Organic,55-64,0,0,0,0.5419,Loyal,0.4598,Developing
2108,46,Male,Pants,Clothing,75,Delaware,M,Black,Winter,3.3,0,Standard,0,0,35,PayPal,Quarterly,4,0,Medium,Established,High,0.4386,Silver,Low_Value_Organic,45-54,0,0,1,0.5011,Developing,0.4339,Developing
2109,54,Male,Hoodie,Clothing,46,North Dakota,XL,Beige,Winter,4.2,0,Express,0,0,4,Credit Card,Quarterly,4,0,High,New,Medium,0.113,Bronze,Low_Value_Organic,45-54,1,0,0,0.248,Transactional,0.4693,Developing
2110,59,Male,Jewelry,Accessories,31,California,L,Peach,Fall,2.7,0,Free Shipping,0,0,28,Venmo,Quarterly,4,0,Low,Established,Low,0.2714,Silver,Low_Value_Organic,55-64,0,0,2,0.4439,Developing,0.2124,Transactional
2111,52,Male,Socks,Clothing,93,Montana,L,Cyan,Spring,3.9,0,Store Pickup,0,0,36,Debit Card,Quarterly,4,0,Medium,Established,High,0.4917,Gold,High_Value_Organic,45-54,0,1,1,0.5092,Developing,0.5741,Loyal
2112,41,Male,Sunglasses,Accessories,85,Missouri,XL,Pink,Spring,2.6,0,Free Shipping,0,0,15,Bank Transfer,Annually,1,0,Low,Growing,High,0.2768,Silver,Low_Value_Organic,35-44,0,0,2,0.3143,Transactional,0.3671,Transactional
2113,43,Male,Belt,Accessories,68,Tennessee,M,Lavender,Fall,4.5,0,2-Day Shipping,0,0,7,Cash,Fortnightly,26,0,High,New,Medium,0.3651,Silver,Low_Value_Organic,35-44,1,0,0,0.4451,Developing,0.58,Loyal
2114,63,Male,Dress,Clothing,40,Virginia,M,Brown,Spring,2.7,0,Store Pickup,0,0,29,PayPal,Quarterly,4,0,Low,Established,Low,0.3021,Silver,Low_Value_Organic,55-64,0,0,2,0.4521,Developing,0.2405,Transactional
2115,37,Male,Shirt,Clothing,51,Vermont,M,Magenta,Winter,2.9,0,Standard,0,0,12,Debit Card,Annually,1,0,Low,Growing,Medium,0.1673,Bronze,Low_Value_Organic,35-44,0,0,2,0.2898,Transactional,0.3029,Transactional
2116,44,Male,Scarf,Accessories,85,Rhode Island,M,Violet,Winter,3.4,0,Store Pickup,0,0,16,Bank Transfer,Fortnightly,26,0,Medium,Growing,High,0.481,Gold,High_Value_Organic,35-44,0,1,1,0.5185,Developing,0.4791,Developing
2117,67,Male,Jacket,Outerwear,23,Kansas,M,Teal,Summer,2.9,0,Express,0,0,50,Debit Card,Fortnightly,26,0,Low,Veteran,Low,0.6036,Gold,High_Value_Organic,65+,1,1,2,0.7961,Loyal,0.2154,Transactional
2118,27,Male,Dress,Clothing,28,Colorado,L,Brown,Summer,3.8,0,Free Shipping,0,0,11,Debit Card,Annually,1,0,Medium,Growing,Low,0.1016,Bronze,Low_Value_Organic,25-34,0,0,1,0.2816,Transactional,0.357,Transactional
2119,60,Male,Socks,Clothing,44,Georgia,M,Olive,Fall,4.2,0,2-Day Shipping,0,0,28,Debit Card,Quarterly,4,0,High,Established,Low,0.3039,Silver,Low_Value_Organic,55-64,1,0,0,0.4439,Developing,0.463,Developing
2120,58,Male,Jewelry,Accessories,57,Nebraska,M,Indigo,Spring,3.5,0,Store Pickup,0,0,36,Venmo,Fortnightly,26,0,Medium,Established,Medium,0.5743,Gold,High_Value_Organic,55-64,0,1,1,0.6818,Loyal,0.4056,Developing
2121,53,Male,Scarf,Accessories,98,Missouri,S,Red,Fall,3.1,0,Next Day Air,0,0,38,PayPal,Quarterly,4,0,Medium,Established,High,0.5206,Gold,High_Value_Organic,45-54,1,1,1,0.5256,Loyal,0.4778,Developing
2122,43,Male,Backpack,Accessories,68,Alaska,M,Olive,Winter,3.5,0,2-Day Shipping,0,0,32,Bank Transfer,Monthly,12,0,Medium,Established,Medium,0.4593,Gold,High_Value_Organic,35-44,1,1,1,0.5393,Loyal,0.44,Developing
2123,32,Male,Jacket,Outerwear,36,Virginia,L,Teal,Fall,4.0,0,Express,0,0,42,Debit Card,Weekly,52,0,High,Veteran,Low,0.7747,Platinum,High_Value_Organic,25-34,1,1,0,0.9347,Loyal,0.41,Developing
2124,54,Male,Coat,Outerwear,71,Nebraska,L,Cyan,Spring,3.7,0,Express,0,0,22,Debit Card,Fortnightly,26,0,Medium,Growing,Medium,0.495,Gold,High_Value_Organic,45-54,1,1,1,0.5675,Loyal,0.4774,Developing
2125,47,Male,Skirt,Clothing,60,Rhode Island,M,Teal,Fall,4.2,0,Next Day Air,0,0,22,Venmo,Quarterly,4,0,High,Growing,Medium,0.295,Silver,Low_Value_Organic,45-54,1,0,0,0.395,Developing,0.513,Developing
2126,57,Male,Coat,Outerwear,87,New Hampshire,M,Beige,Fall,4.8,0,Store Pickup,0,0,31,PayPal,Quarterly,4,0,High,Established,High,0.4359,Silver,Low_Value_Organic,55-64,0,0,0,0.4684,Developing,0.6814,Loyal
2127,63,Male,Shoes,Footwear,38,Alabama,XL,Magenta,Winter,4.1,0,Express,0,0,28,Credit Card,Monthly,12,0,High,Established,Low,0.3517,Silver,Low_Value_Organic,55-64,1,0,0,0.5067,Developing,0.4302,Developing
2128,70,Male,Boots,Footwear,45,North Carolina,M,Indigo,Spring,4.5,0,2-Day Shipping,0,0,40,Debit Card,Weekly,52,0,High,Veteran,Medium,0.7809,Platinum,High_Value_Organic,65+,1,1,0,0.9184,Loyal,0.5081,Developing
2129,62,Male,Coat,Outerwear,47,New Mexico,L,Cyan,Fall,2.7,0,2-Day Shipping,0,0,21,PayPal,Weekly,52,0,Low,Growing,Medium,0.6308,Gold,High_Value_Organic,55-64,1,1,2,0.7633,Loyal,0.2624,Transactional
2130,40,Male,Skirt,Clothing,57,Minnesota,L,Orange,Fall,2.8,0,Store Pickup,0,0,12,PayPal,Quarterly,4,0,Low,Growing,Medium,0.2058,Bronze,Low_Value_Organic,35-44,0,0,2,0.3133,Transactional,0.3076,Transactional
2131,25,Male,Backpack,Accessories,68,Arizona,L,Violet,Summer,3.7,0,Free Shipping,0,0,33,Credit Card,Annually,1,0,Medium,Established,Medium,0.3812,Silver,Low_Value_Organic,25-34,0,0,1,0.4612,Developing,0.468,Developing
2132,19,Male,Shorts,Clothing,52,Montana,M,Red,Fall,3.6,0,Express,0,0,9,Bank Transfer,Fortnightly,26,0,Medium,New,Medium,0.3414,Silver,Low_Value_Organic,18-24,1,0,1,0.4614,Developing,0.404,Developing
2133,25,Male,Skirt,Clothing,87,Vermont,M,Magenta,Fall,4.7,0,2-Day Shipping,0,0,15,Debit Card,Weekly,52,0,High,Growing,High,0.6818,Platinum,High_Value_Organic,25-34,1,1,0,0.7143,Loyal,0.6674,Loyal
2134,21,Male,Hat,Accessories,34,Maine,M,Olive,Summer,3.8,0,Standard,0,0,13,Bank Transfer,Annually,1,0,Medium,Growing,Low,0.133,Bronze,Low_Value_Organic,18-24,0,0,1,0.298,Transactional,0.3758,Transactional
2135,55,Male,Sandals,Footwear,41,Virginia,XL,Maroon,Winter,2.9,0,Standard,0,0,35,Credit Card,Fortnightly,26,0,Low,Established,Low,0.5261,Gold,High_Value_Organic,55-64,0,1,2,0.6736,Loyal,0.2716,Transactional
2136,34,Male,Sunglasses,Accessories,94,California,S,Yellow,Winter,4.6,0,Next Day Air,0,0,1,Debit Card,Quarterly,4,0,High,New,High,0.2085,Bronze,Low_Value_Organic,25-34,1,0,0,0.2235,Transactional,0.6752,Loyal
2137,47,Male,Sunglasses,Accessories,93,New York,M,Red,Summer,2.8,0,Standard,0,0,25,Bank Transfer,Fortnightly,26,0,Low,Established,High,0.5745,Gold,High_Value_Organic,45-54,0,1,2,0.592,Loyal,0.4201,Developing
2138,27,Male,Socks,Clothing,51,Indiana,XL,Purple,Winter,4.6,0,2-Day Shipping,0,0,20,Credit Card,Quarterly,4,0,High,Growing,Medium,0.2561,Silver,Low_Value_Organic,25-34,1,0,0,0.3786,Developing,0.5409,Loyal
2139,67,Male,Sweater,Clothing,42,Mississippi,M,Teal,Fall,2.8,0,Next Day Air,0,0,36,Venmo,Quarterly,4,0,Low,Established,Low,0.3642,Silver,Low_Value_Organic,65+,1,0,2,0.5092,Developing,0.2607,Transactional
2140,40,Male,Boots,Footwear,95,New York,M,Red,Winter,3.0,0,Free Shipping,0,0,33,Cash,Weekly,52,0,Medium,Established,High,0.8487,Platinum,High_Value_Organic,35-44,0,1,1,0.8612,Loyal,0.4544,Developing
2141,53,Male,Handbag,Accessories,90,New Mexico,M,Brown,Fall,3.7,0,Standard,0,0,36,Cash,Fortnightly,26,0,Medium,Established,High,0.6568,Platinum,High_Value_Organic,45-54,0,1,1,0.6818,Loyal,0.5368,Loyal
2142,24,Male,Dress,Clothing,98,Kentucky,M,Peach,Winter,4.1,0,2-Day Shipping,0,0,32,PayPal,Annually,1,0,High,Established,High,0.4481,Silver,Low_Value_Organic,18-24,1,0,0,0.4531,Developing,0.6178,Loyal
2143,47,Male,Hat,Accessories,39,North Dakota,M,Maroon,Winter,4.3,0,Next Day Air,0,0,21,Venmo,Quarterly,4,0,High,Growing,Low,0.2343,Bronze,Low_Value_Organic,45-54,1,0,0,0.3868,Developing,0.4614,Developing
2144,53,Male,Sandals,Footwear,66,Arkansas,L,Red,Fall,3.8,0,Next Day Air,0,0,48,Venmo,Fortnightly,26,0,Medium,Veteran,Medium,0.6948,Platinum,High_Value_Organic,45-54,1,1,1,0.7798,Loyal,0.4758,Developing
2145,47,Male,Shoes,Footwear,23,Maryland,L,Orange,Winter,3.7,0,Free Shipping,0,0,25,PayPal,Quarterly,4,0,Medium,Established,Low,0.2269,Bronze,Low_Value_Organic,45-54,0,0,1,0.4194,Developing,0.3274,Transactional
2146,38,Male,Skirt,Clothing,73,Connecticut,S,White,Winter,4.8,0,Standard,0,0,32,PayPal,Annually,1,0,High,Established,High,0.3856,Silver,Low_Value_Organic,35-44,0,0,0,0.4531,Developing,0.6376,Loyal
2147,48,Male,Sunglasses,Accessories,23,Utah,XL,White,Summer,4.6,0,Standard,0,0,45,PayPal,Quarterly,4,0,High,Veteran,Low,0.3902,Silver,Low_Value_Organic,45-54,0,0,0,0.5827,Loyal,0.4534,Developing
2148,47,Male,Skirt,Clothing,43,Missouri,S,Charcoal,Fall,4.8,0,Standard,0,0,4,Cash,Fortnightly,26,0,High,New,Low,0.2781,Silver,Low_Value_Organic,45-54,0,0,0,0.4206,Developing,0.5439,Loyal
2149,19,Male,T-shirt,Clothing,45,Nebraska,XL,Turquoise,Winter,4.6,0,2-Day Shipping,0,0,19,PayPal,Fortnightly,26,0,High,Growing,Medium,0.4055,Silver,Low_Value_Organic,18-24,1,0,0,0.543,Loyal,0.5221,Loyal
2150,38,Male,Sandals,Footwear,21,Hawaii,L,Orange,Winter,4.0,0,Standard,0,0,1,Bank Transfer,Weekly,52,0,High,New,Low,0.4025,Silver,Low_Value_Organic,35-44,0,0,0,0.6,Loyal,0.3631,Transactional
2151,57,Male,Shirt,Clothing,40,Illinois,M,Orange,Spring,2.6,0,2-Day Shipping,0,0,12,Cash,Weekly,52,0,Low,Growing,Low,0.5398,Gold,High_Value_Organic,55-64,1,1,2,0.6898,Loyal,0.2265,Transactional
2152,70,Male,Jeans,Clothing,58,Vermont,L,Brown,Fall,2.6,0,2-Day Shipping,0,0,18,Venmo,Monthly,12,0,Low,Growing,Medium,0.3201,Silver,Low_Value_Organic,65+,1,0,2,0.4251,Developing,0.2828,Transactional
2153,38,Male,Shorts,Clothing,48,New Jersey,L,Magenta,Summer,4.5,0,Next Day Air,0,0,43,Bank Transfer,Fortnightly,26,0,High,Veteran,Medium,0.6089,Gold,High_Value_Organic,35-44,1,1,0,0.7389,Loyal,0.5175,Developing
2154,35,Male,Shirt,Clothing,94,Kentucky,M,Violet,Fall,4.2,0,Free Shipping,0,0,31,PayPal,Annually,1,0,High,Established,High,0.4299,Silver,Low_Value_Organic,35-44,0,0,0,0.4449,Developing,0.6193,Loyal
2155,46,Male,Scarf,Accessories,74,Wyoming,M,Violet,Spring,3.4,0,Store Pickup,0,0,33,Cash,Quarterly,4,0,Medium,Established,High,0.4198,Silver,Low_Value_Organic,45-54,0,0,1,0.4848,Developing,0.4448,Developing
2156,32,Male,Handbag,Accessories,51,Hawaii,L,Yellow,Fall,3.7,0,Store Pickup,0,0,46,PayPal,Monthly,12,0,Medium,Veteran,Medium,0.5311,Gold,High_Value_Organic,25-34,0,1,1,0.6536,Loyal,0.4149,Developing
2157,38,Male,Skirt,Clothing,83,Missouri,M,Maroon,Winter,3.6,0,Next Day Air,0,0,41,Debit Card,Fortnightly,26,0,Medium,Veteran,High,0.6801,Platinum,High_Value_Organic,35-44,1,1,1,0.7226,Loyal,0.5009,Developing
2158,41,Male,Handbag,Accessories,68,Mississippi,L,Turquoise,Winter,4.0,0,Next Day Air,0,0,41,Venmo,Fortnightly,26,0,High,Veteran,Medium,0.6426,Gold,High_Value_Organic,35-44,1,1,0,0.7226,Loyal,0.51,Developing
2159,19,Male,Gloves,Accessories,84,Massachusetts,XL,Olive,Spring,4.6,0,Standard,0,0,9,Bank Transfer,Fortnightly,26,0,High,New,High,0.4214,Silver,Low_Value_Organic,18-24,0,0,0,0.4614,Developing,0.644,Loyal
2160,18,Male,Shirt,Clothing,58,Louisiana,M,Peach,Fall,3.0,0,Free Shipping,0,0,34,Cash,Annually,1,0,Medium,Established,Medium,0.3644,Silver,Low_Value_Organic,18-24,0,0,1,0.4694,Developing,0.3388,Transactional
2161,45,Male,Blouse,Clothing,92,West Virginia,L,Charcoal,Winter,3.3,0,Express,0,0,21,PayPal,Annually,1,0,Medium,Growing,High,0.3433,Silver,Low_Value_Organic,45-54,1,0,1,0.3633,Developing,0.487,Developing
2162,23,Male,Dress,Clothing,69,Washington,S,Peach,Summer,3.8,0,Express,0,0,5,Debit Card,Fortnightly,26,0,Medium,New,Medium,0.3512,Silver,Low_Value_Organic,18-24,1,0,1,0.4287,Developing,0.4851,Developing
2163,60,Male,Shorts,Clothing,48,Oregon,S,Black,Summer,2.7,0,Free Shipping,0,0,32,PayPal,Weekly,52,0,Low,Established,Medium,0.7231,Platinum,High_Value_Organic,55-64,0,1,2,0.8531,Loyal,0.2655,Transactional
2164,52,Male,Shoes,Footwear,60,New York,L,Gray,Spring,4.5,0,Express,0,0,44,Bank Transfer,Monthly,12,0,High,Veteran,Medium,0.5373,Gold,High_Value_Organic,45-54,1,1,0,0.6373,Loyal,0.555,Loyal
2165,42,Male,Sandals,Footwear,20,Iowa,S,Olive,Winter,4.8,0,Next Day Air,0,0,46,PayPal,Fortnightly,26,0,High,Veteran,Low,0.5634,Gold,High_Value_Organic,35-44,1,1,0,0.7634,Loyal,0.472,Developing
2166,29,Male,Pants,Clothing,55,Idaho,M,Turquoise,Summer,4.2,0,Express,0,0,42,Credit Card,Quarterly,4,0,High,Veteran,Medium,0.4457,Silver,Low_Value_Organic,25-34,1,0,0,0.5582,Loyal,0.4974,Developing
2167,31,Male,Jacket,Outerwear,88,New Jersey,S,Purple,Spring,3.5,0,Express,0,0,50,Credit Card,Fortnightly,26,0,Medium,Veteran,High,0.7661,Platinum,High_Value_Organic,25-34,1,1,1,0.7961,Loyal,0.5025,Developing
2168,30,Male,Skirt,Clothing,48,Ohio,L,Green,Winter,4.9,0,Standard,0,0,33,Venmo,Fortnightly,26,0,High,Established,Medium,0.5273,Gold,High_Value_Organic,25-34,0,1,0,0.6573,Loyal,0.5735,Loyal
2169,23,Male,Handbag,Accessories,74,Connecticut,M,Beige,Spring,4.1,0,Next Day Air,0,0,32,Cash,Quarterly,4,0,High,Established,High,0.4116,Silver,Low_Value_Organic,18-24,1,0,0,0.4766,Developing,0.5428,Loyal
2170,31,Male,Coat,Outerwear,42,Florida,M,Brown,Fall,2.9,0,Next Day Air,0,0,32,Bank Transfer,Fortnightly,26,0,Low,Established,Low,0.5041,Gold,High_Value_Organic,25-34,1,1,2,0.6491,Loyal,0.2747,Transactional
2171,40,Male,Sweater,Clothing,32,South Carolina,M,Turquoise,Fall,4.0,0,Next Day Air,0,0,37,Venmo,Quarterly,4,0,High,Established,Low,0.3474,Silver,Low_Value_Organic,35-44,1,0,0,0.5174,Developing,0.3975,Developing
2172,39,Male,Shorts,Clothing,98,Missouri,M,Yellow,Summer,4.6,0,Store Pickup,0,0,9,Cash,Fortnightly,26,0,High,New,High,0.4564,Gold,High_Value_Organic,35-44,0,1,0,0.4614,Developing,0.6878,Loyal
2173,28,Male,Skirt,Clothing,89,Rhode Island,S,Lavender,Fall,2.8,0,Store Pickup,0,0,6,PayPal,Fortnightly,26,0,Low,New,High,0.4094,Silver,Low_Value_Organic,25-34,0,0,2,0.4369,Developing,0.4076,Developing
2174,23,Male,Gloves,Accessories,97,Delaware,S,Cyan,Summer,5.0,0,2-Day Shipping,0,0,36,Venmo,Quarterly,4,0,High,Established,High,0.5017,Gold,High_Value_Organic,18-24,1,1,0,0.5092,Developing,0.7406,Loyal
2175,42,Male,Backpack,Accessories,49,Colorado,S,Olive,Spring,2.9,0,Store Pickup,0,0,1,Cash,Annually,1,0,Low,New,Medium,0.0725,Bronze,Low_Value_Organic,35-44,0,0,2,0.2,Transactional,0.2966,Transactional
2176,68,Male,Dress,Clothing,50,Nebraska,M,Silver,Spring,3.3,0,Free Shipping,0,0,48,Credit Card,Fortnightly,26,0,Medium,Veteran,Medium,0.6548,Platinum,High_Value_Organic,65+,0,1,1,0.7798,Loyal,0.3558,Transactional
2177,24,Male,Belt,Accessories,91,Vermont,S,Red,Winter,3.4,0,2-Day Shipping,0,0,44,Debit Card,Quarterly,4,0,Medium,Veteran,High,0.552,Gold,High_Value_Organic,18-24,1,1,1,0.5745,Loyal,0.4979,Developing
2178,24,Male,Gloves,Accessories,93,Montana,XL,Green,Winter,3.0,0,Express,0,0,9,PayPal,Fortnightly,26,0,Medium,New,High,0.4439,Silver,Low_Value_Organic,18-24,1,0,1,0.4614,Developing,0.4481,Developing
2179,21,Male,Jewelry,Accessories,98,Florida,M,Gold,Summer,4.7,0,Standard,0,0,32,Venmo,Annually,1,0,High,Established,High,0.4481,Silver,Low_Value_Organic,18-24,0,0,0,0.4531,Developing,0.7018,Loyal
2180,49,Male,Socks,Clothing,82,Delaware,L,Lavender,Fall,2.9,0,Next Day Air,0,0,14,PayPal,Monthly,12,0,Low,Growing,High,0.3474,Silver,Low_Value_Organic,45-54,1,0,2,0.3924,Developing,0.3998,Developing
2181,41,Male,Coat,Outerwear,37,Connecticut,M,Yellow,Summer,4.1,0,Store Pickup,0,0,43,Cash,Quarterly,4,0,High,Veteran,Low,0.4089,Silver,Low_Value_Organic,35-44,0,0,0,0.5664,Loyal,0.4271,Developing
2182,22,Male,Handbag,Accessories,63,Hawaii,M,Black,Fall,3.2,0,Free Shipping,0,0,32,Bank Transfer,Fortnightly,26,0,Medium,Established,Medium,0.5566,Gold,High_Value_Organic,18-24,0,1,1,0.6491,Loyal,0.3824,Transactional
2183,42,Male,Blouse,Clothing,99,New Mexico,M,Maroon,Winter,2.7,0,Store Pickup,0,0,26,Venmo,Fortnightly,26,0,Low,Established,High,0.5977,Gold,High_Value_Organic,35-44,0,1,2,0.6002,Loyal,0.4249,Developing
2184,30,Male,Shorts,Clothing,37,Kansas,M,Maroon,Spring,4.7,0,Store Pickup,0,0,2,Cash,Monthly,12,0,High,New,Low,0.1369,Bronze,Low_Value_Organic,25-34,0,0,0,0.2944,Transactional,0.5111,Developing
2185,38,Male,Shoes,Footwear,34,Nevada,S,Gold,Spring,3.2,0,Free Shipping,0,0,16,PayPal,Quarterly,4,0,Medium,Growing,Low,0.181,Bronze,Low_Value_Organic,35-44,0,0,1,0.346,Developing,0.2918,Transactional
2186,40,Male,Shorts,Clothing,32,North Carolina,M,Violet,Winter,2.5,0,Express,0,0,50,Debit Card,Quarterly,4,0,Low,Veteran,Low,0.4535,Gold,High_Value_Organic,35-44,1,1,2,0.6235,Loyal,0.1875,Transactional
2187,55,Male,Sandals,Footwear,23,New Mexico,XL,Teal,Winter,4.3,0,Next Day Air,0,0,6,PayPal,Quarterly,4,0,High,New,Low,0.0718,Bronze,Low_Value_Organic,55-64,1,0,0,0.2643,Transactional,0.4114,Developing
2188,37,Male,Blouse,Clothing,78,Idaho,M,Violet,Spring,4.4,0,Free Shipping,0,0,20,PayPal,Annually,1,0,High,Growing,High,0.3001,Silver,Low_Value_Organic,35-44,0,0,0,0.3551,Developing,0.5973,Loyal
2189,41,Male,Coat,Outerwear,54,California,M,Brown,Winter,4.7,0,Next Day Air,0,0,9,Credit Card,Weekly,52,0,High,New,Medium,0.5503,Gold,High_Value_Organic,35-44,1,1,0,0.6653,Loyal,0.5642,Loyal
2190,38,Male,Blouse,Clothing,94,Wisconsin,XL,Brown,Fall,4.0,0,Express,0,0,47,Credit Card,Fortnightly,26,0,High,Veteran,High,0.7566,Platinum,High_Value_Organic,35-44,1,1,0,0.7716,Loyal,0.5913,Loyal
2191,42,Male,Belt,Accessories,75,Alaska,S,Maroon,Spring,4.6,0,Express,0,0,33,Credit Card,Annually,1,0,High,Established,High,0.3987,Silver,Low_Value_Organic,35-44,1,0,0,0.4612,Developing,0.6159,Loyal
2192,26,Male,Blouse,Clothing,69,Pennsylvania,S,Maroon,Summer,3.8,0,Next Day Air,0,0,46,Cash,Fortnightly,26,0,Medium,Veteran,Medium,0.6859,Platinum,High_Value_Organic,25-34,1,1,1,0.7634,Loyal,0.4851,Developing
2193,41,Male,Scarf,Accessories,35,Virginia,L,Yellow,Winter,3.2,0,Next Day Air,0,0,9,Credit Card,Monthly,12,0,Medium,New,Low,0.1891,Bronze,Low_Value_Organic,35-44,1,0,1,0.3516,Developing,0.2949,Transactional
2194,27,Male,Shirt,Clothing,78,California,L,Turquoise,Spring,5.0,0,Express,0,0,8,PayPal,Monthly,12,0,High,New,High,0.2884,Silver,Low_Value_Organic,25-34,1,0,0,0.3434,Transactional,0.6812,Loyal
2195,61,Male,Socks,Clothing,29,Kentucky,M,Silver,Summer,3.5,0,Standard,0,0,48,Bank Transfer,Quarterly,4,0,Medium,Veteran,Low,0.4297,Silver,Low_Value_Organic,55-64,0,0,1,0.6072,Loyal,0.3181,Transactional
2196,58,Male,Jeans,Clothing,62,New York,M,Brown,Fall,3.7,0,Next Day Air,0,0,2,Cash,Monthly,12,0,Medium,New,Medium,0.1994,Bronze,Low_Value_Organic,55-64,1,0,1,0.2944,Transactional,0.4492,Developing
2197,25,Male,Dress,Clothing,58,Vermont,M,Gray,Spring,4.8,0,Next Day Air,0,0,31,PayPal,Weekly,52,0,High,Established,Medium,0.7399,Platinum,High_Value_Organic,25-34,1,1,0,0.8449,Loyal,0.5908,Loyal
2198,33,Male,Boots,Footwear,88,Pennsylvania,M,Indigo,Summer,3.7,0,2-Day Shipping,0,0,40,Venmo,Monthly,12,0,Medium,Veteran,High,0.5746,Gold,High_Value_Organic,25-34,1,1,1,0.6046,Loyal,0.5305,Loyal
2199,57,Male,Scarf,Accessories,80,New York,L,Turquoise,Summer,3.5,0,Free Shipping,0,0,35,Venmo,Monthly,12,0,Medium,Established,High,0.5138,Gold,High_Value_Organic,55-64,0,1,1,0.5638,Loyal,0.4775,Developing
2200,39,Male,Scarf,Accessories,47,North Carolina,M,Maroon,Summer,4.9,0,Store Pickup,0,0,40,Debit Card,Monthly,12,0,High,Veteran,Medium,0.4721,Gold,High_Value_Organic,35-44,0,1,0,0.6046,Loyal,0.5704,Loyal
2201,60,Male,Gloves,Accessories,51,Wyoming,L,Charcoal,Summer,4.7,0,Next Day Air,0,0,27,Debit Card,Quarterly,4,0,High,Established,Medium,0.3133,Silver,Low_Value_Organic,55-64,1,0,0,0.4358,Developing,0.5549,Loyal
2202,39,Male,Pants,Clothing,25,Ohio,L,Peach,Spring,4.9,0,2-Day Shipping,0,0,10,Venmo,Annually,1,0,High,Growing,Low,0.086,Bronze,Low_Value_Organic,35-44,1,0,0,0.2735,Transactional,0.5016,Developing
2203,42,Male,Dress,Clothing,36,Alabama,M,Red,Summer,4.3,0,Next Day Air,0,0,23,Credit Card,Weekly,52,0,High,Growing,Low,0.6196,Gold,High_Value_Organic,35-44,1,1,0,0.7796,Loyal,0.452,Developing
2204,53,Male,Dress,Clothing,79,Rhode Island,M,Indigo,Winter,3.1,0,Free Shipping,0,0,32,Cash,Quarterly,4,0,Medium,Established,High,0.4241,Silver,Low_Value_Organic,45-54,0,0,1,0.4766,Developing,0.4184,Developing
2205,20,Male,Jeans,Clothing,41,Oregon,S,Lavender,Winter,3.4,0,2-Day Shipping,0,0,6,Debit Card,Monthly,12,0,Medium,New,Low,0.1796,Bronze,Low_Value_Organic,18-24,1,0,1,0.3271,Transactional,0.3416,Transactional
2206,46,Male,Sweater,Clothing,68,North Dakota,XL,Red,Fall,2.7,0,Express,0,0,27,PayPal,Weekly,52,0,Low,Established,Medium,0.7322,Platinum,High_Value_Organic,45-54,1,1,2,0.8122,Loyal,0.328,Transactional
2207,46,Male,Sandals,Footwear,51,Illinois,L,Green,Spring,2.6,0,Store Pickup,0,0,25,Bank Transfer,Fortnightly,26,0,Low,Established,Medium,0.4695,Gold,High_Value_Organic,45-54,0,1,2,0.592,Loyal,0.2609,Transactional
2208,69,Male,Handbag,Accessories,38,New Mexico,M,Gray,Fall,2.9,0,Next Day Air,0,0,11,Credit Card,Annually,1,0,Low,Growing,Low,0.1266,Bronze,Low_Value_Organic,65+,1,0,2,0.2816,Transactional,0.2622,Transactional
2209,28,Male,Scarf,Accessories,46,Colorado,XL,Violet,Summer,2.7,0,2-Day Shipping,0,0,23,PayPal,Monthly,12,0,Low,Growing,Medium,0.3309,Silver,Low_Value_Organic,25-34,1,0,2,0.4659,Developing,0.2593,Transactional
2210,42,Male,Sandals,Footwear,20,Utah,XL,Beige,Summer,4.5,0,2-Day Shipping,0,0,44,Bank Transfer,Quarterly,4,0,High,Veteran,Low,0.3745,Silver,Low_Value_Organic,35-44,1,0,0,0.5745,Loyal,0.43,Developing
2211,30,Male,Sunglasses,Accessories,25,Virginia,M,Orange,Summer,3.1,0,Store Pickup,0,0,35,PayPal,Fortnightly,26,0,Medium,Established,Low,0.4861,Gold,High_Value_Organic,25-34,0,1,1,0.6736,Loyal,0.2496,Transactional
2212,50,Male,Sweater,Clothing,89,Maine,L,Purple,Winter,3.2,0,Free Shipping,0,0,45,Debit Card,Quarterly,4,0,Medium,Veteran,High,0.5552,Gold,High_Value_Organic,45-54,0,1,1,0.5827,Loyal,0.4636,Developing
2213,59,Male,Pants,Clothing,77,Nebraska,M,Brown,Winter,3.3,0,Next Day Air,0,0,22,Bank Transfer,Quarterly,4,0,Medium,Growing,High,0.3375,Silver,Low_Value_Organic,55-64,1,0,1,0.395,Developing,0.4401,Developing
2214,54,Male,Hat,Accessories,94,Hawaii,M,Maroon,Fall,2.9,0,Express,0,0,18,Debit Card,Quarterly,4,0,Low,Growing,High,0.3473,Silver,Low_Value_Organic,45-54,1,0,2,0.3623,Developing,0.4372,Developing
2215,50,Male,Belt,Accessories,100,Idaho,L,Gold,Fall,4.1,0,Standard,0,0,20,Debit Card,Weekly,52,0,High,Growing,High,0.7551,Platinum,High_Value_Organic,45-54,0,1,0,0.7551,Loyal,0.624,Loyal
2216,25,Male,Sandals,Footwear,96,West Virginia,M,Indigo,Winter,2.7,0,Express,0,0,28,Credit Card,Fortnightly,26,0,Low,Established,High,0.6065,Gold,High_Value_Organic,25-34,1,1,2,0.6165,Loyal,0.4155,Developing
2217,41,Male,Pants,Clothing,36,Vermont,XL,Silver,Winter,4.0,0,Store Pickup,0,0,15,Venmo,Fortnightly,26,0,High,Growing,Low,0.3504,Silver,Low_Value_Organic,35-44,0,0,0,0.5104,Developing,0.41,Developing
2218,35,Male,Jewelry,Accessories,27,Indiana,XL,Red,Fall,2.6,0,Store Pickup,0,0,42,Bank Transfer,Fortnightly,26,0,Low,Veteran,Low,0.5483,Gold,High_Value_Organic,35-44,0,1,2,0.7308,Loyal,0.1859,Transactional
2219,67,Male,Sunglasses,Accessories,67,Idaho,M,Magenta,Winter,3.5,0,Store Pickup,0,0,20,Debit Card,Quarterly,4,0,Medium,Growing,Medium,0.2961,Silver,Low_Value_Organic,65+,0,0,1,0.3786,Developing,0.4369,Developing
2220,33,Male,Blouse,Clothing,91,Minnesota,S,Purple,Fall,2.8,0,Store Pickup,0,0,16,Bank Transfer,Fortnightly,26,0,Low,Growing,High,0.496,Gold,High_Value_Organic,25-34,0,1,2,0.5185,Developing,0.4139,Developing
2221,19,Male,Belt,Accessories,62,Wyoming,XL,Beige,Fall,4.5,0,Store Pickup,0,0,47,Cash,Annually,1,0,High,Veteran,Medium,0.4805,Gold,High_Value_Organic,18-24,0,1,0,0.5755,Loyal,0.5612,Loyal
2222,25,Male,Shorts,Clothing,88,Kansas,XL,White,Fall,3.0,0,Free Shipping,0,0,34,Credit Card,Annually,1,0,Medium,Established,High,0.4394,Silver,Low_Value_Organic,25-34,0,0,1,0.4694,Developing,0.4325,Developing
2223,32,Male,Pants,Clothing,66,Georgia,M,Teal,Summer,4.4,0,Store Pickup,0,0,30,Credit Card,Weekly,52,0,High,Established,Medium,0.7517,Platinum,High_Value_Organic,25-34,0,1,0,0.8367,Loyal,0.5598,Loyal
2224,30,Male,Sandals,Footwear,65,Kansas,M,Gray,Fall,4.7,0,Next Day Air,0,0,5,PayPal,Quarterly,4,0,High,New,Medium,0.1687,Bronze,Low_Value_Organic,25-34,1,0,0,0.2562,Transactional,0.5986,Loyal
2225,18,Male,Gloves,Accessories,25,Nebraska,L,Charcoal,Winter,4.3,0,Standard,0,0,38,Cash,Quarterly,4,0,High,Established,Low,0.3381,Silver,Low_Value_Organic,18-24,0,0,0,0.5256,Loyal,0.4176,Developing
2226,38,Male,Belt,Accessories,64,Washington,S,Olive,Spring,4.8,0,Free Shipping,0,0,18,Credit Card,Annually,1,0,High,Growing,Medium,0.2488,Bronze,Low_Value_Organic,35-44,0,0,0,0.3388,Transactional,0.6095,Loyal
2227,22,Male,Shirt,Clothing,72,Missouri,L,Blue,Spring,4.8,0,Store Pickup,0,0,28,Cash,Annually,1,0,High,Established,Medium,0.3504,Silver,Low_Value_Organic,18-24,0,0,0,0.4204,Developing,0.6345,Loyal
2228,40,Male,Scarf,Accessories,74,Washington,S,Gray,Summer,4.4,0,Next Day Air,0,0,42,Credit Card,Fortnightly,26,0,High,Veteran,High,0.6658,Platinum,High_Value_Organic,35-44,1,1,0,0.7308,Loyal,0.5848,Loyal
2229,54,Male,Gloves,Accessories,50,Kansas,M,Green,Fall,3.7,0,Free Shipping,0,0,5,Credit Card,Weekly,52,0,Medium,New,Medium,0.5077,Gold,High_Value_Organic,45-54,0,1,1,0.6327,Loyal,0.4118,Developing
2230,70,Male,Pants,Clothing,97,Minnesota,M,Silver,Fall,3.9,0,Express,0,0,50,Venmo,Monthly,12,0,Medium,Veteran,High,0.6788,Platinum,High_Value_Organic,65+,1,1,1,0.6863,Loyal,0.5866,Loyal
2231,52,Male,Sneakers,Footwear,36,Colorado,S,Teal,Spring,3.8,0,Express,0,0,33,Venmo,Fortnightly,26,0,Medium,Established,Low,0.4973,Gold,High_Value_Organic,45-54,1,1,1,0.6573,Loyal,0.382,Transactional
2232,34,Male,Jacket,Outerwear,49,Utah,M,Beige,Fall,4.1,0,Store Pickup,0,0,1,Credit Card,Weekly,52,0,High,New,Medium,0.4725,Gold,High_Value_Organic,25-34,0,1,0,0.6,Loyal,0.4646,Developing
2233,65,Male,Shoes,Footwear,64,North Carolina,L,Lavender,Spring,4.0,0,Store Pickup,0,0,14,Cash,Fortnightly,26,0,High,Growing,Medium,0.4122,Silver,Low_Value_Organic,65+,0,0,0,0.5022,Developing,0.4975,Developing
2234,38,Male,Blouse,Clothing,31,Florida,XL,Gray,Summer,4.5,0,Express,0,0,48,Credit Card,Monthly,12,0,High,Veteran,Low,0.4974,Gold,High_Value_Organic,35-44,1,1,0,0.6699,Loyal,0.4644,Developing
2235,35,Male,Boots,Footwear,66,New Hampshire,S,Yellow,Winter,4.0,0,Express,0,0,26,Cash,Weekly,52,0,High,Established,Medium,0.7191,Platinum,High_Value_Organic,35-44,1,1,0,0.8041,Loyal,0.5038,Developing
2236,40,Male,Socks,Clothing,82,Illinois,M,Gray,Spring,4.5,0,2-Day Shipping,0,0,44,Credit Card,Annually,1,0,High,Veteran,High,0.506,Gold,High_Value_Organic,35-44,1,1,0,0.551,Loyal,0.6238,Loyal
2237,23,Male,T-shirt,Clothing,88,Louisiana,M,Yellow,Winter,2.7,0,Standard,0,0,18,Debit Card,Fortnightly,26,0,Low,Growing,High,0.5049,Gold,High_Value_Organic,18-24,0,1,2,0.5349,Loyal,0.3905,Developing
2238,45,Male,Sandals,Footwear,34,Alabama,S,Black,Summer,3.8,0,Next Day Air,0,0,31,Venmo,Quarterly,4,0,Medium,Established,Low,0.3034,Silver,Low_Value_Organic,45-54,1,0,1,0.4684,Developing,0.3758,Transactional
2239,40,Male,Sneakers,Footwear,84,Florida,L,Beige,Winter,3.8,0,Standard,0,0,18,Debit Card,Weekly,52,0,Medium,Growing,High,0.6988,Platinum,High_Value_Organic,35-44,0,1,1,0.7388,Loyal,0.532,Loyal
2240,42,Male,Jewelry,Accessories,96,Alabama,L,Indigo,Summer,3.8,0,2-Day Shipping,0,0,41,Credit Card,Quarterly,4,0,Medium,Veteran,High,0.5401,Gold,High_Value_Organic,35-44,1,1,1,0.5501,Loyal,0.5695,Loyal
2241,57,Male,Sandals,Footwear,71,California,L,Green,Winter,4.3,0,Next Day Air,0,0,18,Debit Card,Quarterly,4,0,High,Growing,Medium,0.2898,Silver,Low_Value_Organic,55-64,1,0,0,0.3623,Developing,0.5614,Loyal
2242,18,Male,Jacket,Outerwear,77,Maryland,M,Purple,Summer,3.5,0,Free Shipping,0,0,3,Bank Transfer,Fortnightly,26,0,Medium,New,High,0.3549,Silver,Low_Value_Organic,18-24,0,0,1,0.4124,Developing,0.4681,Developing
2243,18,Male,Skirt,Clothing,66,Nevada,M,Orange,Spring,3.8,0,Next Day Air,0,0,5,Credit Card,Fortnightly,26,0,Medium,New,Medium,0.3437,Silver,Low_Value_Organic,18-24,1,0,1,0.4287,Developing,0.4758,Developing
2244,56,Male,Shirt,Clothing,21,Massachusetts,M,Teal,Winter,3.7,0,2-Day Shipping,0,0,13,Debit Card,Annually,1,0,Medium,Growing,Low,0.1005,Bronze,Low_Value_Organic,55-64,1,0,1,0.298,Transactional,0.3211,Transactional
2245,35,Male,Shorts,Clothing,37,South Carolina,M,Gold,Summer,4.8,0,2-Day Shipping,0,0,22,PayPal,Annually,1,0,High,Growing,Low,0.2139,Bronze,Low_Value_Organic,35-44,1,0,0,0.3714,Developing,0.5251,Loyal
2246,49,Male,Socks,Clothing,90,Delaware,L,Gray,Fall,4.9,0,Free Shipping,0,0,45,PayPal,Fortnightly,26,0,High,Veteran,High,0.7303,Platinum,High_Value_Organic,45-54,0,1,0,0.7553,Loyal,0.7048,Loyal
2247,49,Male,Jacket,Outerwear,96,Hawaii,M,Cyan,Fall,4.3,0,Store Pickup,0,0,39,PayPal,Quarterly,4,0,High,Established,High,0.5237,Gold,High_Value_Organic,45-54,0,1,0,0.5337,Loyal,0.6395,Loyal
2248,34,Male,Jewelry,Accessories,37,Florida,L,Teal,Summer,4.4,0,Next Day Air,0,0,18,Venmo,Annually,1,0,High,Growing,Low,0.1813,Bronze,Low_Value_Organic,25-34,1,0,0,0.3388,Transactional,0.4691,Developing
2249,63,Male,T-shirt,Clothing,66,Rhode Island,M,Violet,Winter,3.4,0,Free Shipping,0,0,19,PayPal,Fortnightly,26,0,Medium,Growing,Medium,0.458,Gold,High_Value_Organic,55-64,0,1,1,0.543,Loyal,0.4198,Developing
2250,42,Male,Gloves,Accessories,45,Wyoming,XL,Indigo,Spring,4.3,0,Next Day Air,0,0,29,Debit Card,Weekly,52,0,High,Established,Medium,0.6911,Platinum,High_Value_Organic,35-44,1,1,0,0.8286,Loyal,0.4801,Developing
2251,41,Male,Shoes,Footwear,89,Colorado,L,Pink,Summer,4.6,0,Store Pickup,0,0,19,Credit Card,Weekly,52,0,High,Growing,High,0.7194,Platinum,High_Value_Organic,35-44,0,1,0,0.7469,Loyal,0.6596,Loyal
2252,26,Male,Shoes,Footwear,94,Virginia,L,Gold,Fall,3.8,0,Free Shipping,0,0,22,Debit Card,Monthly,12,0,Medium,Growing,High,0.4427,Silver,Low_Value_Organic,25-34,0,0,1,0.4577,Developing,0.5632,Loyal
2253,48,Male,Shoes,Footwear,96,Nebraska,S,Maroon,Summer,3.9,0,Express,0,0,21,Bank Transfer,Annually,1,0,Medium,Growing,High,0.3533,Silver,Low_Value_Organic,45-54,1,0,1,0.3633,Developing,0.5835,Loyal
2254,62,Male,Hoodie,Clothing,31,Oklahoma,M,Brown,Spring,2.6,0,Store Pickup,0,0,22,PayPal,Monthly,12,0,Low,Growing,Low,0.2852,Silver,Low_Value_Organic,55-64,0,0,2,0.4577,Developing,0.1984,Transactional
2255,24,Male,Belt,Accessories,79,North Dakota,M,Gold,Winter,4.2,0,Store Pickup,0,0,44,PayPal,Quarterly,4,0,High,Veteran,High,0.522,Gold,High_Value_Organic,18-24,0,1,0,0.5745,Loyal,0.5724,Loyal
2256,48,Male,Coat,Outerwear,39,Michigan,L,Teal,Spring,4.6,0,Store Pickup,0,0,42,Bank Transfer,Quarterly,4,0,High,Veteran,Low,0.4057,Silver,Low_Value_Organic,45-54,0,0,0,0.5582,Loyal,0.5034,Developing
2257,31,Male,Blouse,Clothing,22,California,M,Turquoise,Fall,5.0,0,Standard,0,0,33,Credit Card,Quarterly,4,0,High,Established,Low,0.2898,Silver,Low_Value_Organic,25-34,0,0,0,0.4848,Developing,0.5062,Developing
2258,41,Male,Skirt,Clothing,32,Tennessee,L,Olive,Fall,4.2,0,Standard,0,0,6,Bank Transfer,Annually,1,0,High,New,Low,0.0708,Bronze,Low_Value_Organic,35-44,0,0,0,0.2408,Transactional,0.4255,Developing
2259,24,Male,T-shirt,Clothing,71,Ohio,L,Cyan,Winter,4.3,0,Store Pickup,0,0,44,Credit Card,Quarterly,4,0,High,Veteran,Medium,0.502,Gold,High_Value_Organic,18-24,0,1,0,0.5745,Loyal,0.5614,Loyal
2260,60,Male,Jeans,Clothing,96,Florida,XL,Beige,Spring,3.3,0,Free Shipping,0,0,24,Cash,Annually,1,0,Medium,Growing,High,0.3778,Silver,Low_Value_Organic,55-64,0,0,1,0.3878,Developing,0.4995,Developing
2261,38,Male,Scarf,Accessories,82,Missouri,M,Blue,Fall,4.9,0,Express,0,0,16,PayPal,Quarterly,4,0,High,Growing,High,0.301,Silver,Low_Value_Organic,35-44,1,0,0,0.346,Developing,0.6798,Loyal
2262,58,Male,Backpack,Accessories,76,South Carolina,L,Gold,Spring,4.4,0,Standard,0,0,12,Bank Transfer,Fortnightly,26,0,High,Growing,High,0.4259,Silver,Low_Value_Organic,55-64,0,0,0,0.4859,Developing,0.591,Loyal
2263,53,Male,Backpack,Accessories,22,Arizona,M,Green,Winter,3.1,0,2-Day Shipping,0,0,50,PayPal,Monthly,12,0,Medium,Veteran,Low,0.4913,Gold,High_Value_Organic,45-54,1,1,1,0.6863,Loyal,0.2403,Transactional
2264,44,Male,Scarf,Accessories,40,Indiana,XL,Green,Winter,3.5,0,Store Pickup,0,0,42,Cash,Quarterly,4,0,Medium,Veteran,Low,0.4082,Silver,Low_Value_Organic,35-44,0,0,1,0.5582,Loyal,0.3525,Transactional
2265,51,Male,Hat,Accessories,92,North Dakota,M,Turquoise,Summer,3.9,0,2-Day Shipping,0,0,50,PayPal,Monthly,12,0,Medium,Veteran,High,0.6663,Platinum,High_Value_Organic,45-54,1,1,1,0.6863,Loyal,0.571,Loyal
2266,36,Male,Coat,Outerwear,94,Montana,XL,Yellow,Fall,3.9,0,Store Pickup,0,0,10,PayPal,Quarterly,4,0,Medium,Growing,High,0.282,Silver,Low_Value_Organic,35-44,0,0,1,0.297,Transactional,0.5772,Loyal
2267,20,Male,Dress,Clothing,44,Missouri,M,Yellow,Fall,4.3,0,Store Pickup,0,0,32,Debit Card,Weekly,52,0,High,Established,Low,0.7131,Platinum,High_Value_Organic,18-24,0,1,0,0.8531,Loyal,0.477,Developing
2268,32,Male,Gloves,Accessories,49,Kentucky,S,Blue,Spring,3.8,0,Express,0,0,37,Venmo,Weekly,52,0,Medium,Established,Medium,0.7664,Platinum,High_Value_Organic,25-34,1,1,1,0.8939,Loyal,0.4226,Developing
2269,66,Male,Sweater,Clothing,26,Georgia,L,Charcoal,Spring,2.7,0,2-Day Shipping,0,0,15,Bank Transfer,Monthly,12,0,Low,Growing,Low,0.2156,Bronze,Low_Value_Organic,65+,1,0,2,0.4006,Developing,0.1968,Transactional
2270,49,Male,Skirt,Clothing,38,Kentucky,M,Yellow,Fall,4.4,0,Store Pickup,0,0,27,Credit Card,Annually,1,0,High,Established,Low,0.2572,Silver,Low_Value_Organic,45-54,0,0,0,0.4122,Developing,0.4723,Developing
2271,27,Male,Blouse,Clothing,72,Georgia,L,Purple,Spring,3.5,0,Express,0,0,7,Venmo,Weekly,52,0,Medium,New,Medium,0.579,Gold,High_Value_Organic,25-34,1,1,1,0.649,Loyal,0.4525,Developing
2272,29,Male,Dress,Clothing,99,Alaska,M,Green,Summer,3.4,0,Free Shipping,0,0,49,PayPal,Quarterly,4,0,Medium,Veteran,High,0.6129,Gold,High_Value_Organic,25-34,0,1,1,0.6154,Loyal,0.5229,Loyal
2273,29,Male,Jacket,Outerwear,38,Maine,L,Charcoal,Spring,4.0,0,Standard,0,0,44,PayPal,Monthly,12,0,High,Veteran,Low,0.4823,Gold,High_Value_Organic,25-34,0,1,0,0.6373,Loyal,0.4162,Developing
2274,55,Male,Coat,Outerwear,96,New Mexico,L,Silver,Winter,4.8,0,Express,0,0,13,PayPal,Fortnightly,26,0,High,Growing,High,0.484,Gold,High_Value_Organic,55-64,1,1,0,0.494,Developing,0.7095,Loyal
2275,57,Male,Dress,Clothing,27,New York,L,Turquoise,Spring,4.5,0,Next Day Air,0,0,38,PayPal,Fortnightly,26,0,High,Established,Low,0.5156,Gold,High_Value_Organic,55-64,1,1,0,0.6981,Loyal,0.4519,Developing
2276,29,Male,Shorts,Clothing,24,Oklahoma,M,Gray,Winter,4.4,0,Standard,0,0,10,Debit Card,Weekly,52,0,High,Growing,Low,0.4835,Gold,High_Value_Organic,25-34,0,1,0,0.6735,Loyal,0.4285,Developing
2277,31,Male,Jeans,Clothing,82,Wyoming,L,Red,Summer,4.1,0,2-Day Shipping,0,0,25,Debit Card,Weekly,52,0,High,Established,High,0.7509,Platinum,High_Value_Organic,25-34,1,1,0,0.7959,Loyal,0.5678,Loyal
2278,25,Male,Hat,Accessories,56,Alabama,M,Beige,Summer,4.6,0,Next Day Air,0,0,18,Credit Card,Quarterly,4,0,High,Growing,Medium,0.2523,Silver,Low_Value_Organic,25-34,1,0,0,0.3623,Developing,0.5565,Loyal
2279,61,Male,Gloves,Accessories,25,Maryland,M,Maroon,Fall,3.8,0,Store Pickup,0,0,6,Cash,Quarterly,4,0,Medium,New,Low,0.0768,Bronze,Low_Value_Organic,55-64,0,0,1,0.2643,Transactional,0.3476,Transactional
2280,53,Male,Sneakers,Footwear,67,West Virginia,L,Indigo,Spring,2.9,0,Free Shipping,0,0,35,Bank Transfer,Quarterly,4,0,Low,Established,Medium,0.4186,Silver,Low_Value_Organic,45-54,0,0,2,0.5011,Developing,0.3529,Transactional
2281,22,Male,Shoes,Footwear,21,Kentucky,M,Red,Summer,2.8,0,Standard,0,0,31,Credit Card,Fortnightly,26,0,Low,Established,Low,0.4435,Silver,Low_Value_Organic,18-24,0,0,2,0.641,Loyal,0.1951,Transactional
2282,28,Male,Hoodie,Clothing,27,Kansas,XL,Maroon,Summer,3.0,0,Store Pickup,0,0,41,Bank Transfer,Annually,1,0,Medium,Veteran,Low,0.344,Silver,Low_Value_Organic,25-34,0,0,1,0.5265,Loyal,0.2419,Transactional
2283,18,Male,Sneakers,Footwear,97,Idaho,S,Red,Fall,4.2,0,2-Day Shipping,0,0,8,Credit Card,Annually,1,0,High,New,High,0.2496,Bronze,Low_Value_Organic,18-24,1,0,0,0.2571,Transactional,0.6286,Loyal
2284,44,Male,Handbag,Accessories,45,Ohio,S,Black,Winter,4.1,0,Free Shipping,0,0,34,Credit Card,Fortnightly,26,0,High,Established,Medium,0.528,Gold,High_Value_Organic,35-44,0,1,0,0.6655,Loyal,0.4521,Developing
2285,32,Male,Blouse,Clothing,63,Iowa,XL,Black,Fall,4.1,0,Express,0,0,20,Venmo,Annually,1,0,High,Growing,Medium,0.2626,Silver,Low_Value_Organic,25-34,1,0,0,0.3551,Developing,0.5084,Developing
2286,34,Male,Belt,Accessories,100,Michigan,L,Pink,Summer,4.6,0,2-Day Shipping,0,0,38,PayPal,Quarterly,4,0,High,Established,High,0.5256,Gold,High_Value_Organic,25-34,1,1,0,0.5256,Loyal,0.694,Loyal
2287,67,Male,Socks,Clothing,38,South Dakota,L,Blue,Spring,2.5,0,Store Pickup,0,0,35,Venmo,Quarterly,4,0,Low,Established,Low,0.3461,Silver,Low_Value_Organic,65+,0,0,2,0.5011,Developing,0.2062,Transactional
2288,66,Male,Blouse,Clothing,45,Nebraska,L,Green,Summer,3.0,0,Store Pickup,0,0,6,Debit Card,Annually,1,0,Medium,New,Medium,0.1033,Bronze,Low_Value_Organic,65+,0,0,1,0.2408,Transactional,0.2981,Transactional
2289,28,Male,Jewelry,Accessories,91,California,M,Orange,Fall,3.8,0,Next Day Air,0,0,50,PayPal,Weekly,52,0,Medium,Veteran,High,0.9775,Platinum,High_Value_Organic,25-34,1,1,1,1.0,Loyal,0.5539,Loyal
2290,70,Male,Shorts,Clothing,82,Nevada,M,Orange,Fall,4.1,0,Free Shipping,0,0,47,Venmo,Weekly,52,0,High,Veteran,High,0.9305,Platinum,High_Value_Organic,65+,0,1,0,0.9755,Loyal,0.5678,Loyal
2291,37,Male,Boots,Footwear,48,Kansas,L,Magenta,Winter,3.3,0,Standard,0,0,23,PayPal,Quarterly,4,0,Medium,Growing,Medium,0.2731,Silver,Low_Value_Organic,35-44,0,0,1,0.4031,Developing,0.3495,Transactional
2292,28,Male,Coat,Outerwear,30,Ohio,M,Indigo,Spring,5.0,0,2-Day Shipping,0,0,13,Credit Card,Quarterly,4,0,High,Growing,Low,0.1465,Bronze,Low_Value_Organic,25-34,1,0,0,0.3215,Transactional,0.5312,Loyal
2293,43,Male,T-shirt,Clothing,34,Vermont,S,Beige,Spring,3.8,0,Next Day Air,0,0,31,Debit Card,Monthly,12,0,Medium,Established,Low,0.3662,Silver,Low_Value_Organic,35-44,1,0,1,0.5312,Loyal,0.3758,Transactional
2294,37,Male,Sweater,Clothing,68,Georgia,L,Green,Fall,3.3,0,Express,0,0,16,Debit Card,Quarterly,4,0,Medium,Growing,Medium,0.266,Silver,Low_Value_Organic,35-44,1,0,1,0.346,Developing,0.412,Developing
2295,54,Male,Sunglasses,Accessories,95,Maryland,M,Red,Winter,5.0,0,Express,0,0,40,Debit Card,Annually,1,0,High,Veteran,High,0.5059,Gold,High_Value_Organic,45-54,1,1,0,0.5184,Developing,0.7344,Loyal
2296,50,Male,Hat,Accessories,22,Connecticut,L,Beige,Spring,2.9,0,2-Day Shipping,0,0,45,PayPal,Quarterly,4,0,Low,Veteran,Low,0.3877,Silver,Low_Value_Organic,45-54,1,0,2,0.5827,Loyal,0.2122,Transactional
2297,46,Male,Gloves,Accessories,88,Washington,M,Green,Fall,2.5,0,Next Day Air,0,0,50,Venmo,Quarterly,4,0,Low,Veteran,High,0.5935,Gold,High_Value_Organic,45-54,1,1,2,0.6235,Loyal,0.3625,Transactional
2298,60,Male,Socks,Clothing,83,California,M,Orange,Summer,4.7,0,Standard,0,0,1,Bank Transfer,Quarterly,4,0,High,New,High,0.181,Bronze,Low_Value_Organic,55-64,0,0,0,0.2235,Transactional,0.6549,Loyal
2299,40,Male,Handbag,Accessories,87,Montana,L,Cyan,Spring,2.9,0,2-Day Shipping,0,0,10,Cash,Quarterly,4,0,Low,Growing,High,0.2645,Silver,Low_Value_Organic,35-44,1,0,2,0.297,Transactional,0.4154,Developing
2300,64,Male,Coat,Outerwear,57,Idaho,M,Violet,Summer,3.7,0,Store Pickup,0,0,48,Credit Card,Quarterly,4,0,Medium,Veteran,Medium,0.4997,Gold,High_Value_Organic,55-64,0,1,1,0.6072,Loyal,0.4336,Developing
2301,18,Male,Coat,Outerwear,88,Pennsylvania,XL,Lavender,Summer,4.4,0,2-Day Shipping,0,0,38,Credit Card,Monthly,12,0,High,Established,High,0.5583,Gold,High_Value_Organic,18-24,1,1,0,0.5883,Loyal,0.6285,Loyal
2302,37,Male,Pants,Clothing,20,Maine,L,Turquoise,Winter,2.9,0,Next Day Air,0,0,21,Debit Card,Annually,1,0,Low,Growing,Low,0.1633,Bronze,Low_Value_Organic,35-44,1,0,2,0.3633,Developing,0.206,Transactional
2303,36,Male,Belt,Accessories,39,Montana,L,Pink,Summer,3.6,0,Store Pickup,0,0,38,Venmo,Monthly,12,0,Medium,Established,Low,0.4358,Silver,Low_Value_Organic,35-44,0,0,1,0.5883,Loyal,0.3634,Transactional
2304,51,Male,Sunglasses,Accessories,71,New Jersey,S,Beige,Spring,4.8,0,2-Day Shipping,0,0,31,Credit Card,Fortnightly,26,0,High,Established,Medium,0.5685,Gold,High_Value_Organic,45-54,1,1,0,0.641,Loyal,0.6314,Loyal
2305,26,Male,Hoodie,Clothing,73,Louisiana,L,Silver,Winter,4.7,0,Free Shipping,0,0,9,Debit Card,Fortnightly,26,0,High,New,High,0.3939,Silver,Low_Value_Organic,25-34,0,0,0,0.4614,Developing,0.6236,Loyal
2306,68,Male,Handbag,Accessories,63,Maine,M,Gold,Summer,2.6,0,Free Shipping,0,0,47,Cash,Weekly,52,0,Low,Veteran,Medium,0.883,Platinum,High_Value_Organic,65+,0,1,2,0.9755,Loyal,0.2984,Transactional
2307,27,Male,Gloves,Accessories,78,Florida,L,Silver,Winter,3.4,0,Standard,0,0,8,Cash,Fortnightly,26,0,Medium,New,High,0.3982,Silver,Low_Value_Organic,25-34,0,0,1,0.4532,Developing,0.4572,Developing
2308,28,Male,Skirt,Clothing,96,Missouri,L,Green,Fall,3.5,0,Next Day Air,0,0,30,Debit Card,Annually,1,0,Medium,Established,High,0.4267,Silver,Low_Value_Organic,25-34,1,0,1,0.4367,Developing,0.5275,Loyal
2309,49,Male,Sunglasses,Accessories,81,North Dakota,M,Teal,Winter,3.4,0,2-Day Shipping,0,0,22,Bank Transfer,Quarterly,4,0,Medium,Growing,High,0.3475,Silver,Low_Value_Organic,45-54,1,0,1,0.395,Developing,0.4666,Developing
2310,70,Male,Dress,Clothing,95,Connecticut,S,Gold,Fall,5.0,0,2-Day Shipping,0,0,3,Bank Transfer,Quarterly,4,0,High,New,High,0.2274,Bronze,Low_Value_Organic,65+,1,0,0,0.2399,Transactional,0.7344,Loyal
2311,30,Male,Gloves,Accessories,68,Virginia,M,Cyan,Spring,4.6,0,Standard,0,0,15,PayPal,Monthly,12,0,High,Growing,Medium,0.3206,Silver,Low_Value_Organic,25-34,0,0,0,0.4006,Developing,0.594,Loyal
2312,27,Male,Sneakers,Footwear,28,Montana,L,Gold,Spring,4.8,0,2-Day Shipping,0,0,10,Bank Transfer,Quarterly,4,0,High,Growing,Low,0.117,Bronze,Low_Value_Organic,25-34,1,0,0,0.297,Transactional,0.497,Developing
2313,19,Male,T-shirt,Clothing,30,Vermont,L,Violet,Summer,3.7,0,Free Shipping,0,0,19,Cash,Quarterly,4,0,Medium,Growing,Low,0.1955,Bronze,Low_Value_Organic,18-24,0,0,1,0.3705,Developing,0.3493,Transactional
2314,64,Male,Dress,Clothing,31,Georgia,M,Black,Summer,4.7,0,Next Day Air,0,0,36,Bank Transfer,Fortnightly,26,0,High,Established,Low,0.5093,Gold,High_Value_Organic,55-64,1,1,0,0.6818,Loyal,0.4924,Developing
2315,42,Male,Handbag,Accessories,95,Virginia,XL,Brown,Winter,4.4,0,Express,0,0,12,Bank Transfer,Quarterly,4,0,High,Growing,High,0.3008,Silver,Low_Value_Organic,35-44,1,0,0,0.3133,Transactional,0.6504,Loyal
2316,69,Male,Socks,Clothing,79,Vermont,M,Indigo,Winter,3.5,0,2-Day Shipping,0,0,49,Debit Card,Quarterly,4,0,Medium,Veteran,High,0.5629,Gold,High_Value_Organic,65+,1,1,1,0.6154,Loyal,0.4744,Developing
2317,28,Male,Sneakers,Footwear,39,Montana,L,Yellow,Winter,3.8,0,Standard,0,0,7,Debit Card,Annually,1,0,Medium,New,Low,0.0965,Bronze,Low_Value_Organic,25-34,0,0,1,0.249,Transactional,0.3914,Developing
2318,47,Male,Jacket,Outerwear,34,New Jersey,M,Purple,Summer,4.7,0,Next Day Air,0,0,28,Bank Transfer,Monthly,12,0,High,Established,Low,0.3417,Silver,Low_Value_Organic,45-54,1,0,0,0.5067,Developing,0.5018,Developing
2319,69,Male,Hoodie,Clothing,28,Wyoming,L,White,Spring,3.1,0,Store Pickup,0,0,30,Credit Card,Annually,1,0,Medium,Established,Low,0.2567,Silver,Low_Value_Organic,65+,0,0,1,0.4367,Developing,0.259,Transactional
2320,56,Male,Sandals,Footwear,38,Maine,XL,Turquoise,Winter,5.0,0,Free Shipping,0,0,29,PayPal,Monthly,12,0,High,Established,Low,0.3598,Silver,Low_Value_Organic,55-64,0,0,0,0.5148,Developing,0.5562,Loyal
2321,28,Male,Shoes,Footwear,55,New Mexico,M,Olive,Spring,3.7,0,Free Shipping,0,0,9,Debit Card,Quarterly,4,0,Medium,New,Medium,0.1763,Bronze,Low_Value_Organic,25-34,0,0,1,0.2888,Transactional,0.4274,Developing
2322,50,Male,Sandals,Footwear,31,Colorado,M,Beige,Winter,3.0,0,Next Day Air,0,0,27,Debit Card,Fortnightly,26,0,Medium,Established,Low,0.4358,Silver,Low_Value_Organic,45-54,1,0,1,0.6083,Loyal,0.2544,Transactional
2323,39,Male,Coat,Outerwear,84,Connecticut,S,Lavender,Spring,4.5,0,Store Pickup,0,0,21,Venmo,Fortnightly,26,0,High,Growing,High,0.5193,Gold,High_Value_Organic,35-44,0,1,0,0.5593,Loyal,0.63,Loyal
2324,35,Male,Gloves,Accessories,93,Maryland,L,White,Winter,4.7,0,Express,0,0,36,Credit Card,Monthly,12,0,High,Established,High,0.5545,Gold,High_Value_Organic,35-44,1,1,0,0.572,Loyal,0.6861,Loyal
2325,59,Male,Coat,Outerwear,28,Oregon,L,Brown,Winter,3.5,0,Free Shipping,0,0,19,Debit Card,Annually,1,0,Medium,Growing,Low,0.1669,Bronze,Low_Value_Organic,55-64,0,0,1,0.3469,Developing,0.315,Transactional
2326,44,Male,Boots,Footwear,55,New York,M,Charcoal,Summer,4.4,0,2-Day Shipping,0,0,47,Cash,Weekly,52,0,High,Veteran,Medium,0.863,Platinum,High_Value_Organic,35-44,1,1,0,0.9755,Loyal,0.5254,Loyal
2327,66,Male,Skirt,Clothing,63,Oklahoma,L,Maroon,Winter,2.6,0,Standard,0,0,38,Bank Transfer,Annually,1,0,Low,Established,Medium,0.4095,Silver,Low_Value_Organic,65+,0,0,2,0.502,Developing,0.2984,Transactional
2328,20,Male,Skirt,Clothing,94,Alabama,M,Red,Winter,4.2,0,2-Day Shipping,0,0,22,Venmo,Fortnightly,26,0,High,Growing,High,0.5525,Gold,High_Value_Organic,18-24,1,1,0,0.5675,Loyal,0.6193,Loyal
2329,45,Male,Pants,Clothing,36,North Dakota,M,Maroon,Fall,2.6,0,Express,0,0,29,Venmo,Fortnightly,26,0,Low,Established,Low,0.4646,Gold,High_Value_Organic,45-54,1,1,2,0.6246,Loyal,0.214,Transactional
2330,49,Male,Hat,Accessories,97,Nebraska,S,Teal,Spring,4.8,0,Free Shipping,0,0,42,Bank Transfer,Annually,1,0,High,Veteran,High,0.5272,Gold,High_Value_Organic,45-54,0,1,0,0.5347,Loyal,0.7126,Loyal
2331,60,Male,Backpack,Accessories,63,Arizona,L,Orange,Summer,2.9,0,Store Pickup,0,0,47,PayPal,Quarterly,4,0,Low,Veteran,Medium,0.5065,Gold,High_Value_Organic,55-64,0,1,2,0.599,Loyal,0.3404,Transactional
2332,61,Male,Scarf,Accessories,77,Illinois,S,Olive,Spring,4.3,0,2-Day Shipping,0,0,10,Credit Card,Fortnightly,26,0,High,Growing,High,0.412,Silver,Low_Value_Organic,55-64,1,0,0,0.4695,Developing,0.5801,Loyal
2333,36,Male,Scarf,Accessories,53,South Carolina,XL,Olive,Fall,2.6,0,Store Pickup,0,0,10,Venmo,Monthly,12,0,Low,Growing,Medium,0.2422,Bronze,Low_Value_Organic,35-44,0,0,2,0.3597,Developing,0.2671,Transactional
2334,33,Male,Shirt,Clothing,77,Kansas,M,Beige,Spring,3.8,0,Next Day Air,0,0,1,PayPal,Quarterly,4,0,Medium,New,High,0.166,Bronze,Low_Value_Organic,25-34,1,0,1,0.2235,Transactional,0.5101,Developing
2335,49,Male,Boots,Footwear,79,Kansas,L,Green,Summer,4.2,0,Standard,0,0,7,Credit Card,Monthly,12,0,High,New,High,0.2828,Silver,Low_Value_Organic,45-54,0,0,0,0.3353,Transactional,0.5724,Loyal
2336,31,Male,Coat,Outerwear,37,Idaho,M,Black,Summer,3.9,0,Store Pickup,0,0,10,Venmo,Fortnightly,26,0,Medium,Growing,Low,0.312,Silver,Low_Value_Organic,25-34,0,0,1,0.4695,Developing,0.3991,Developing
2337,19,Male,Belt,Accessories,94,California,M,Green,Winter,3.1,0,Free Shipping,0,0,11,Credit Card,Weekly,52,0,Medium,Growing,High,0.6666,Platinum,High_Value_Organic,18-24,0,1,1,0.6816,Loyal,0.4653,Developing
2338,39,Male,Boots,Footwear,76,North Dakota,S,Violet,Fall,3.6,0,Store Pickup,0,0,5,Cash,Annually,1,0,Medium,New,High,0.1727,Bronze,Low_Value_Organic,35-44,0,0,1,0.2327,Transactional,0.479,Developing
2339,66,Male,Sneakers,Footwear,68,Georgia,S,Silver,Fall,4.0,0,Express,0,0,21,PayPal,Quarterly,4,0,High,Growing,Medium,0.3068,Silver,Low_Value_Organic,65+,1,0,0,0.3868,Developing,0.51,Developing
2340,25,Male,Shirt,Clothing,65,Illinois,L,Maroon,Spring,3.4,0,Next Day Air,0,0,24,Bank Transfer,Quarterly,4,0,Medium,Growing,Medium,0.3238,Silver,Low_Value_Organic,25-34,1,0,1,0.4113,Developing,0.4166,Developing
2341,63,Male,Blouse,Clothing,24,Delaware,M,Cyan,Summer,2.6,0,Standard,0,0,37,Credit Card,Fortnightly,26,0,Low,Established,Low,0.5,Gold,High_Value_Organic,55-64,0,1,2,0.69,Loyal,0.1765,Transactional
2342,56,Male,Jacket,Outerwear,31,Connecticut,L,Teal,Summer,4.5,0,Express,0,0,22,Venmo,Quarterly,4,0,High,Growing,Low,0.2225,Bronze,Low_Value_Organic,55-64,1,0,0,0.395,Developing,0.4644,Developing
2343,20,Male,Skirt,Clothing,89,Tennessee,M,Olive,Fall,4.9,0,Standard,0,0,16,Debit Card,Fortnightly,26,0,High,Growing,High,0.491,Gold,High_Value_Organic,18-24,0,1,0,0.5185,Developing,0.7016,Loyal
2344,58,Male,Socks,Clothing,49,Maryland,M,Red,Summer,4.4,0,2-Day Shipping,0,0,44,PayPal,Monthly,12,0,High,Veteran,Medium,0.5098,Gold,High_Value_Organic,55-64,1,1,0,0.6373,Loyal,0.5066,Developing
2345,34,Male,Sandals,Footwear,92,Rhode Island,XL,Lavender,Fall,3.5,0,Express,0,0,14,Venmo,Fortnightly,26,0,Medium,Growing,High,0.4822,Gold,High_Value_Organic,25-34,1,1,1,0.5022,Developing,0.515,Developing
2346,28,Male,T-shirt,Clothing,32,New York,S,Orange,Winter,3.3,0,Express,0,0,23,Bank Transfer,Quarterly,4,0,Medium,Growing,Low,0.2331,Bronze,Low_Value_Organic,25-34,1,0,1,0.4031,Developing,0.2995,Transactional
2347,22,Male,Jacket,Outerwear,67,New Mexico,L,Brown,Winter,3.1,0,Standard,0,0,46,Debit Card,Fortnightly,26,0,Medium,Veteran,Medium,0.6809,Platinum,High_Value_Organic,18-24,0,1,1,0.7634,Loyal,0.3809,Transactional
2348,37,Male,Belt,Accessories,64,California,S,Gray,Fall,4.2,0,Express,0,0,46,Cash,Quarterly,4,0,High,Veteran,Medium,0.5009,Gold,High_Value_Organic,35-44,1,1,0,0.5909,Loyal,0.5255,Loyal
2349,54,Male,Shoes,Footwear,84,Maine,M,Orange,Spring,4.9,0,Next Day Air,0,0,16,PayPal,Quarterly,4,0,High,Growing,High,0.306,Silver,Low_Value_Organic,45-54,1,0,0,0.346,Developing,0.686,Loyal
2350,65,Male,Blouse,Clothing,34,New York,M,Orange,Fall,3.9,0,Standard,0,0,40,Credit Card,Quarterly,4,0,Medium,Veteran,Low,0.3769,Silver,Low_Value_Organic,65+,0,0,1,0.5419,Loyal,0.3898,Developing
2351,57,Male,Shoes,Footwear,26,Hawaii,M,Turquoise,Winter,4.2,0,Free Shipping,0,0,21,Cash,Annually,1,0,High,Growing,Low,0.1783,Bronze,Low_Value_Organic,55-64,0,0,0,0.3633,Developing,0.4068,Developing
2352,38,Male,Sweater,Clothing,50,New Hampshire,S,Cyan,Fall,4.9,0,Store Pickup,0,0,25,PayPal,Fortnightly,26,0,High,Established,Medium,0.467,Gold,High_Value_Organic,35-44,0,1,0,0.592,Loyal,0.5798,Loyal
2353,70,Male,Boots,Footwear,46,Nebraska,M,Yellow,Fall,2.8,0,Store Pickup,0,0,25,Bank Transfer,Quarterly,4,0,Low,Established,Medium,0.2844,Silver,Low_Value_Organic,65+,0,0,2,0.4194,Developing,0.2732,Transactional
2354,56,Male,Handbag,Accessories,71,Montana,M,White,Fall,4.1,0,Standard,0,0,25,Debit Card,Quarterly,4,0,High,Established,Medium,0.3469,Silver,Low_Value_Organic,55-64,0,0,0,0.4194,Developing,0.5334,Loyal
2355,56,Male,Blouse,Clothing,78,Wisconsin,M,Blue,Summer,4.8,0,Next Day Air,0,0,27,Venmo,Monthly,12,0,High,Established,High,0.4435,Silver,Low_Value_Organic,55-64,1,0,0,0.4985,Developing,0.6532,Loyal
2356,22,Male,Skirt,Clothing,35,Tennessee,S,Purple,Winter,4.1,0,Next Day Air,0,0,12,Cash,Monthly,12,0,High,Growing,Low,0.2136,Bronze,Low_Value_Organic,18-24,1,0,0,0.3761,Developing,0.4209,Developing
2357,57,Male,Backpack,Accessories,58,Montana,M,Gray,Summer,3.0,0,Free Shipping,0,0,27,Debit Card,Quarterly,4,0,Medium,Established,Medium,0.3308,Silver,Low_Value_Organic,55-64,0,0,1,0.4358,Developing,0.3388,Transactional
2358,53,Male,Shirt,Clothing,67,Michigan,L,Cyan,Fall,4.2,0,2-Day Shipping,0,0,40,Credit Card,Fortnightly,26,0,High,Veteran,Medium,0.6319,Gold,High_Value_Organic,45-54,1,1,0,0.7144,Loyal,0.5349,Loyal
2359,53,Male,Sweater,Clothing,93,Texas,L,Pink,Spring,3.8,0,Standard,0,0,38,Credit Card,Quarterly,4,0,Medium,Established,High,0.5081,Gold,High_Value_Organic,45-54,0,1,1,0.5256,Loyal,0.5601,Loyal
2360,19,Male,Scarf,Accessories,81,Pennsylvania,S,Gold,Spring,3.3,0,2-Day Shipping,0,0,44,Bank Transfer,Quarterly,4,0,Medium,Veteran,High,0.527,Gold,High_Value_Organic,18-24,1,1,1,0.5745,Loyal,0.4526,Developing
2361,49,Male,Handbag,Accessories,80,New York,L,Silver,Fall,4.7,0,2-Day Shipping,0,0,27,Venmo,Quarterly,4,0,High,Established,High,0.3858,Silver,Low_Value_Organic,45-54,1,0,0,0.4358,Developing,0.6455,Loyal
2362,44,Male,Scarf,Accessories,64,Alabama,M,Gray,Spring,4.3,0,2-Day Shipping,0,0,30,Credit Card,Quarterly,4,0,High,Established,Medium,0.3703,Silver,Low_Value_Organic,35-44,1,0,0,0.4603,Developing,0.5395,Loyal
2363,27,Male,Jeans,Clothing,41,Virginia,M,Brown,Fall,2.7,0,Standard,0,0,24,Credit Card,Monthly,12,0,Low,Growing,Low,0.3265,Silver,Low_Value_Organic,25-34,0,0,2,0.474,Developing,0.2436,Transactional
2364,60,Male,Socks,Clothing,79,Pennsylvania,XL,Pink,Winter,4.2,0,Express,0,0,38,Cash,Fortnightly,26,0,High,Established,High,0.6456,Gold,High_Value_Organic,55-64,1,1,0,0.6981,Loyal,0.5724,Loyal
2365,62,Male,Sunglasses,Accessories,60,Mississippi,L,Maroon,Winter,4.2,0,Free Shipping,0,0,4,PayPal,Quarterly,4,0,High,New,Medium,0.148,Bronze,Low_Value_Organic,55-64,0,0,0,0.248,Transactional,0.513,Developing
2366,52,Male,Sneakers,Footwear,91,Wyoming,S,Peach,Winter,2.5,0,Next Day Air,0,0,32,Venmo,Monthly,12,0,Low,Established,High,0.5168,Gold,High_Value_Organic,45-54,1,1,2,0.5393,Loyal,0.3719,Transactional
2367,30,Male,Shoes,Footwear,66,New Mexico,L,Brown,Winter,3.6,0,Express,0,0,32,Credit Card,Fortnightly,26,0,Medium,Established,Medium,0.5641,Gold,High_Value_Organic,25-34,1,1,1,0.6491,Loyal,0.4478,Developing
2368,66,Male,Socks,Clothing,85,North Dakota,L,Green,Winter,3.4,0,Standard,0,0,28,Bank Transfer,Fortnightly,26,0,Medium,Established,High,0.579,Gold,High_Value_Organic,65+,0,1,1,0.6165,Loyal,0.4791,Developing
2369,29,Male,Sunglasses,Accessories,38,New Jersey,M,Lavender,Summer,3.3,0,Standard,0,0,6,Debit Card,Quarterly,4,0,Medium,New,Low,0.1093,Bronze,Low_Value_Organic,25-34,0,0,1,0.2643,Transactional,0.3183,Transactional
2370,24,Male,Sweater,Clothing,23,Vermont,M,Cyan,Winter,4.6,0,Standard,0,0,24,PayPal,Monthly,12,0,High,Growing,Low,0.2815,Silver,Low_Value_Organic,18-24,0,0,0,0.474,Developing,0.4534,Developing
2371,51,Male,Shoes,Footwear,71,Alaska,M,Black,Spring,3.9,0,Store Pickup,0,0,38,Venmo,Weekly,52,0,Medium,Established,Medium,0.8295,Platinum,High_Value_Organic,45-54,0,1,1,0.902,Loyal,0.5054,Developing
2372,67,Male,Socks,Clothing,25,Indiana,M,Charcoal,Winter,3.7,0,Next Day Air,0,0,28,Debit Card,Annually,1,0,Medium,Established,Low,0.2329,Bronze,Low_Value_Organic,65+,1,0,1,0.4204,Developing,0.3336,Transactional
2373,50,Male,Boots,Footwear,39,Alabama,XL,Silver,Spring,3.1,0,Express,0,0,9,PayPal,Fortnightly,26,0,Medium,New,Low,0.3089,Silver,Low_Value_Organic,45-54,1,0,1,0.4614,Developing,0.2934,Transactional
2374,37,Male,Hoodie,Clothing,20,Michigan,M,Gray,Spring,4.9,0,Express,0,0,21,Debit Card,Quarterly,4,0,High,Growing,Low,0.1868,Bronze,Low_Value_Organic,35-44,1,0,0,0.3868,Developing,0.486,Developing
2375,69,Male,Gloves,Accessories,73,Washington,L,Peach,Winter,4.7,0,Standard,0,0,31,Debit Card,Monthly,12,0,High,Established,High,0.4637,Gold,High_Value_Organic,65+,0,1,0,0.5312,Loyal,0.6236,Loyal
2376,60,Male,Backpack,Accessories,63,Virginia,L,Peach,Fall,2.9,0,Next Day Air,0,0,18,Credit Card,Quarterly,4,0,Low,Growing,Medium,0.2698,Silver,Low_Value_Organic,55-64,1,0,2,0.3623,Developing,0.3404,Transactional
2377,21,Male,Gloves,Accessories,94,Tennessee,XL,Cyan,Spring,4.1,0,Express,0,0,5,Cash,Weekly,52,0,High,New,High,0.6177,Gold,High_Value_Organic,18-24,1,1,0,0.6327,Loyal,0.6052,Loyal
2378,44,Male,Blouse,Clothing,94,South Dakota,L,Magenta,Fall,4.0,0,Next Day Air,0,0,22,Cash,Annually,1,0,High,Growing,High,0.3564,Silver,Low_Value_Organic,35-44,1,0,0,0.3714,Developing,0.5913,Loyal
2379,26,Male,Scarf,Accessories,71,New Hampshire,L,Teal,Summer,2.7,0,Store Pickup,0,0,37,PayPal,Fortnightly,26,0,Low,Established,Medium,0.6175,Gold,High_Value_Organic,25-34,0,1,2,0.69,Loyal,0.3374,Transactional
2380,40,Male,Hat,Accessories,77,South Dakota,M,Peach,Spring,4.0,0,2-Day Shipping,0,0,22,Debit Card,Monthly,12,0,High,Growing,High,0.4002,Silver,Low_Value_Organic,35-44,1,0,0,0.4577,Developing,0.5381,Loyal
2381,41,Male,Scarf,Accessories,66,Pennsylvania,M,Black,Fall,2.5,0,Next Day Air,0,0,36,PayPal,Fortnightly,26,0,Low,Established,Medium,0.5968,Gold,High_Value_Organic,35-44,1,1,2,0.6818,Loyal,0.2938,Transactional
2382,62,Male,Sandals,Footwear,23,Wisconsin,M,Teal,Summer,4.5,0,Free Shipping,0,0,23,PayPal,Annually,1,0,High,Growing,Low,0.1871,Bronze,Low_Value_Organic,55-64,0,0,0,0.3796,Developing,0.4394,Developing
2383,39,Male,Sweater,Clothing,60,California,M,Turquoise,Spring,3.9,0,Express,0,0,44,Debit Card,Weekly,52,0,Medium,Veteran,Medium,0.851,Platinum,High_Value_Organic,35-44,1,1,1,0.951,Loyal,0.471,Developing
2384,53,Male,Backpack,Accessories,72,Rhode Island,L,Gold,Spring,4.9,0,2-Day Shipping,0,0,25,Bank Transfer,Annually,1,0,High,Established,Medium,0.3259,Silver,Low_Value_Organic,45-54,1,0,0,0.3959,Developing,0.6485,Loyal
2385,24,Male,Blouse,Clothing,35,Alabama,L,Green,Winter,3.3,0,2-Day Shipping,0,0,40,PayPal,Quarterly,4,0,Medium,Veteran,Low,0.3794,Silver,Low_Value_Organic,18-24,1,0,1,0.5419,Loyal,0.3089,Transactional
2386,41,Male,Scarf,Accessories,31,Oklahoma,M,Brown,Fall,3.8,0,Express,0,0,12,PayPal,Weekly,52,0,Medium,Growing,Low,0.5173,Gold,High_Value_Organic,35-44,1,1,1,0.6898,Loyal,0.3664,Transactional
2387,19,Male,Socks,Clothing,33,Illinois,L,Blue,Summer,2.9,0,Standard,0,0,14,Venmo,Monthly,12,0,Low,Growing,Low,0.2249,Bronze,Low_Value_Organic,18-24,0,0,2,0.3924,Developing,0.2466,Transactional
2388,36,Male,Hat,Accessories,95,Tennessee,M,Gold,Summer,4.0,0,2-Day Shipping,0,0,14,Debit Card,Monthly,12,0,High,Growing,High,0.3799,Silver,Low_Value_Organic,35-44,1,0,0,0.3924,Developing,0.5944,Loyal
2389,21,Male,Dress,Clothing,68,Alabama,M,Peach,Fall,4.1,0,Store Pickup,0,0,10,Debit Card,Annually,1,0,High,Growing,Medium,0.1935,Bronze,Low_Value_Organic,18-24,0,0,0,0.2735,Transactional,0.524,Loyal
2390,25,Male,Coat,Outerwear,87,Kansas,M,Violet,Spring,3.1,0,Store Pickup,0,0,17,Bank Transfer,Quarterly,4,0,Medium,Growing,High,0.3216,Silver,Low_Value_Organic,25-34,0,0,1,0.3541,Developing,0.4434,Developing
2391,65,Male,Shirt,Clothing,64,Arizona,XL,Yellow,Winter,4.6,0,Express,0,0,24,Debit Card,Fortnightly,26,0,High,Growing,Medium,0.4938,Gold,High_Value_Organic,65+,1,1,0,0.5838,Loyal,0.5815,Loyal
2392,42,Male,Shirt,Clothing,74,Michigan,M,Black,Winter,4.6,0,Next Day Air,0,0,31,Bank Transfer,Quarterly,4,0,High,Established,High,0.4034,Silver,Low_Value_Organic,35-44,1,0,0,0.4684,Developing,0.6127,Loyal
2393,40,Male,Jeans,Clothing,62,Missouri,L,Silver,Spring,2.6,0,2-Day Shipping,0,0,36,Cash,Annually,1,0,Low,Established,Medium,0.3907,Silver,Low_Value_Organic,35-44,1,0,2,0.4857,Developing,0.2952,Transactional
2394,58,Male,Socks,Clothing,97,Louisiana,M,Brown,Winter,5.0,0,2-Day Shipping,0,0,38,PayPal,Quarterly,4,0,High,Established,High,0.5181,Gold,High_Value_Organic,55-64,1,1,0,0.5256,Loyal,0.7406,Loyal
2395,40,Male,Sandals,Footwear,47,Connecticut,L,Peach,Fall,2.9,0,2-Day Shipping,0,0,23,Debit Card,Fortnightly,26,0,Low,Growing,Medium,0.4432,Silver,Low_Value_Organic,35-44,1,0,2,0.5757,Loyal,0.2904,Transactional
2396,62,Male,Blouse,Clothing,83,Connecticut,M,Cyan,Winter,3.5,0,2-Day Shipping,0,0,47,PayPal,Fortnightly,26,0,Medium,Veteran,High,0.7291,Platinum,High_Value_Organic,55-64,1,1,1,0.7716,Loyal,0.4869,Developing
2397,38,Male,Shirt,Clothing,82,Oregon,M,Olive,Spring,3.7,0,2-Day Shipping,0,0,20,Venmo,Weekly,52,0,Medium,Growing,High,0.7101,Platinum,High_Value_Organic,35-44,1,1,1,0.7551,Loyal,0.5118,Developing
2398,37,Male,Sunglasses,Accessories,26,West Virginia,L,Black,Fall,2.9,0,Store Pickup,0,0,41,Venmo,Monthly,12,0,Low,Veteran,Low,0.4278,Silver,Low_Value_Organic,35-44,0,0,2,0.6128,Loyal,0.2247,Transactional
2399,65,Male,Jacket,Outerwear,81,Florida,M,Orange,Winter,4.3,0,Free Shipping,0,0,44,Bank Transfer,Fortnightly,26,0,High,Veteran,High,0.6996,Platinum,High_Value_Organic,65+,0,1,0,0.7471,Loyal,0.5926,Loyal
2400,55,Male,Dress,Clothing,44,New Hampshire,L,Beige,Spring,3.2,0,Store Pickup,0,0,31,Cash,Monthly,12,0,Medium,Established,Low,0.3912,Silver,Low_Value_Organic,55-64,0,0,1,0.5312,Loyal,0.323,Transactional
2401,43,Male,Sunglasses,Accessories,88,Oregon,M,Peach,Winter,4.2,0,Next Day Air,0,0,11,Credit Card,Fortnightly,26,0,High,Growing,High,0.4477,Silver,Low_Value_Organic,35-44,1,0,0,0.4777,Developing,0.6005,Loyal
2402,43,Male,Boots,Footwear,76,Oregon,M,Pink,Winter,4.2,0,Standard,0,0,25,PayPal,Fortnightly,26,0,High,Established,High,0.532,Gold,High_Value_Organic,35-44,0,1,0,0.592,Loyal,0.563,Loyal
2403,45,Male,Scarf,Accessories,89,Utah,M,Brown,Winter,3.8,0,Free Shipping,0,0,31,Cash,Weekly,52,0,Medium,Established,High,0.8174,Platinum,High_Value_Organic,45-54,0,1,1,0.8449,Loyal,0.5476,Loyal
2404,64,Male,Shorts,Clothing,22,Missouri,M,Magenta,Fall,4.4,0,Standard,0,0,40,Debit Card,Weekly,52,0,High,Veteran,Low,0.7234,Platinum,High_Value_Organic,55-64,0,1,0,0.9184,Loyal,0.4223,Developing
2405,28,Male,Shorts,Clothing,33,West Virginia,L,Cyan,Winter,3.1,0,2-Day Shipping,0,0,23,Credit Card,Fortnightly,26,0,Medium,Growing,Low,0.4082,Silver,Low_Value_Organic,25-34,1,0,1,0.5757,Loyal,0.2746,Transactional
2406,69,Male,Jeans,Clothing,97,California,XL,Silver,Fall,5.0,0,Standard,0,0,5,Debit Card,Quarterly,4,0,High,New,High,0.2487,Bronze,Low_Value_Organic,65+,0,0,0,0.2562,Transactional,0.7406,Loyal
2407,54,Male,Scarf,Accessories,57,California,M,Indigo,Winter,4.7,0,Standard,0,0,26,PayPal,Weekly,52,0,High,Established,Medium,0.6966,Platinum,High_Value_Organic,45-54,0,1,0,0.8041,Loyal,0.5736,Loyal
2408,52,Male,Shorts,Clothing,38,Illinois,M,Beige,Summer,3.0,0,Express,0,0,11,Credit Card,Fortnightly,26,0,Medium,Growing,Low,0.3227,Silver,Low_Value_Organic,45-54,1,0,1,0.4777,Developing,0.2763,Transactional
2409,23,Male,Sneakers,Footwear,55,Hawaii,XL,Black,Fall,4.2,0,Next Day Air,0,0,44,Debit Card,Quarterly,4,0,High,Veteran,Medium,0.462,Gold,High_Value_Organic,18-24,1,1,0,0.5745,Loyal,0.4974,Developing
2410,26,Male,Jewelry,Accessories,37,Washington,L,Yellow,Spring,3.0,0,Store Pickup,0,0,47,Cash,Quarterly,4,0,Medium,Veteran,Low,0.4415,Silver,Low_Value_Organic,25-34,0,0,1,0.599,Loyal,0.2731,Transactional
2411,48,Male,Shoes,Footwear,43,Wisconsin,M,Maroon,Summer,3.7,0,Free Shipping,0,0,46,PayPal,Monthly,12,0,Medium,Veteran,Low,0.5111,Gold,High_Value_Organic,45-54,0,1,1,0.6536,Loyal,0.3899,Developing
2412,49,Male,Hoodie,Clothing,96,Virginia,M,Cyan,Summer,2.7,0,Free Shipping,0,0,35,Cash,Quarterly,4,0,Low,Established,High,0.4911,Gold,High_Value_Organic,45-54,0,1,2,0.5011,Developing,0.4155,Developing
2413,53,Male,Jacket,Outerwear,51,Oregon,M,Pink,Winter,4.3,0,2-Day Shipping,0,0,8,Bank Transfer,Fortnightly,26,0,High,New,Medium,0.3307,Silver,Low_Value_Organic,45-54,1,0,0,0.4532,Developing,0.4989,Developing
2414,69,Male,Shorts,Clothing,95,Pennsylvania,XL,Violet,Fall,2.7,0,2-Day Shipping,0,0,30,Bank Transfer,Weekly,52,0,Low,Established,High,0.8242,Platinum,High_Value_Organic,65+,1,1,2,0.8367,Loyal,0.4124,Developing
2415,26,Male,Socks,Clothing,26,Virginia,M,Lavender,Summer,3.7,0,Next Day Air,0,0,14,Credit Card,Fortnightly,26,0,Medium,Growing,Low,0.3172,Silver,Low_Value_Organic,25-34,1,0,1,0.5022,Developing,0.3368,Transactional
2416,21,Male,Coat,Outerwear,34,Hawaii,XL,Lavender,Fall,4.3,0,Standard,0,0,30,Bank Transfer,Weekly,52,0,High,Established,Low,0.6717,Platinum,High_Value_Organic,18-24,0,1,0,0.8367,Loyal,0.4458,Developing
2417,59,Male,Sandals,Footwear,83,Nebraska,S,Black,Summer,4.0,0,Next Day Air,0,0,26,Credit Card,Quarterly,4,0,High,Established,High,0.3851,Silver,Low_Value_Organic,55-64,1,0,0,0.4276,Developing,0.5569,Loyal
2418,21,Male,Backpack,Accessories,24,Alaska,M,Olive,Fall,3.3,0,Standard,0,0,32,Venmo,Fortnightly,26,0,Medium,Established,Low,0.4591,Gold,High_Value_Organic,18-24,0,1,1,0.6491,Loyal,0.2745,Transactional
2419,22,Male,Pants,Clothing,69,Michigan,S,Indigo,Fall,4.0,0,Next Day Air,0,0,47,Cash,Quarterly,4,0,High,Veteran,Medium,0.5215,Gold,High_Value_Organic,18-24,1,1,0,0.599,Loyal,0.5131,Developing
2420,26,Male,Sweater,Clothing,40,North Carolina,M,Blue,Fall,2.7,0,Next Day Air,0,0,11,Credit Card,Quarterly,4,0,Low,Growing,Low,0.1552,Bronze,Low_Value_Organic,25-34,1,0,2,0.3052,Transactional,0.2405,Transactional
2421,41,Male,Jacket,Outerwear,87,North Carolina,S,Green,Winter,4.2,0,Free Shipping,0,0,28,PayPal,Annually,1,0,High,Established,High,0.3879,Silver,Low_Value_Organic,35-44,0,0,0,0.4204,Developing,0.5974,Loyal
2422,37,Male,Sneakers,Footwear,46,Minnesota,L,Pink,Spring,4.6,0,Standard,0,0,2,Debit Card,Quarterly,4,0,High,New,Medium,0.0967,Bronze,Low_Value_Organic,35-44,0,0,0,0.2317,Transactional,0.5252,Loyal
2423,30,Male,Jewelry,Accessories,82,Georgia,M,Peach,Winter,4.8,0,Store Pickup,0,0,45,Credit Card,Weekly,52,0,High,Veteran,High,0.9142,Platinum,High_Value_Organic,25-34,0,1,0,0.9592,Loyal,0.6657,Loyal
2424,49,Male,Backpack,Accessories,81,West Virginia,M,Purple,Summer,2.8,0,Free Shipping,0,0,7,Credit Card,Quarterly,4,0,Low,New,High,0.225,Bronze,Low_Value_Organic,45-54,0,0,2,0.2725,Transactional,0.3826,Transactional
2425,49,Male,Jewelry,Accessories,57,Delaware,M,Peach,Winter,4.5,0,Next Day Air,0,0,28,Bank Transfer,Fortnightly,26,0,High,Established,Medium,0.509,Gold,High_Value_Organic,45-54,1,1,0,0.6165,Loyal,0.5456,Loyal
2426,58,Male,Shoes,Footwear,49,North Dakota,S,Olive,Summer,3.0,0,2-Day Shipping,0,0,34,Bank Transfer,Quarterly,4,0,Medium,Established,Medium,0.3654,Silver,Low_Value_Organic,55-64,1,0,1,0.4929,Developing,0.3106,Transactional
2427,70,Male,Jacket,Outerwear,42,Florida,M,Olive,Fall,4.6,0,Free Shipping,0,0,26,Debit Card,Quarterly,4,0,High,Established,Low,0.2826,Silver,Low_Value_Organic,65+,0,0,0,0.4276,Developing,0.5127,Developing
2428,27,Male,Jacket,Outerwear,26,Oregon,M,Purple,Spring,3.3,0,Standard,0,0,45,Cash,Quarterly,4,0,Medium,Veteran,Low,0.3977,Silver,Low_Value_Organic,25-34,0,0,1,0.5827,Loyal,0.2808,Transactional
2429,65,Male,T-shirt,Clothing,38,Idaho,M,Violet,Spring,4.4,0,Next Day Air,0,0,34,Debit Card,Annually,1,0,High,Established,Low,0.3144,Silver,Low_Value_Organic,65+,1,0,0,0.4694,Developing,0.4723,Developing
2430,57,Male,Sneakers,Footwear,57,Virginia,XL,Maroon,Summer,4.4,0,Standard,0,0,47,Credit Card,Fortnightly,26,0,High,Veteran,Medium,0.6641,Platinum,High_Value_Organic,55-64,0,1,0,0.7716,Loyal,0.5316,Loyal
2431,20,Male,Jacket,Outerwear,100,North Dakota,XL,White,Summer,4.3,0,Express,0,0,42,Cash,Quarterly,4,0,High,Veteran,High,0.5582,Gold,High_Value_Organic,18-24,1,1,0,0.5582,Loyal,0.652,Loyal
2432,34,Male,Hoodie,Clothing,73,Alabama,S,Olive,Fall,3.4,0,Express,0,0,27,Bank Transfer,Quarterly,4,0,Medium,Established,High,0.3683,Silver,Low_Value_Organic,25-34,1,0,1,0.4358,Developing,0.4416,Developing
2433,59,Male,Jacket,Outerwear,66,Hawaii,M,Peach,Winter,2.8,0,Store Pickup,0,0,43,Venmo,Monthly,12,0,Low,Veteran,Medium,0.5441,Gold,High_Value_Organic,55-64,0,1,2,0.6291,Loyal,0.3358,Transactional
2434,54,Male,T-shirt,Clothing,73,Oregon,M,Blue,Spring,3.4,0,Standard,0,0,16,Cash,Fortnightly,26,0,Medium,Growing,High,0.451,Gold,High_Value_Organic,45-54,0,1,1,0.5185,Developing,0.4416,Developing
2435,36,Male,Gloves,Accessories,45,Utah,M,Brown,Spring,5.0,0,Store Pickup,0,0,40,Credit Card,Monthly,12,0,High,Veteran,Medium,0.4671,Gold,High_Value_Organic,35-44,0,1,0,0.6046,Loyal,0.5781,Loyal
2436,21,Male,Sneakers,Footwear,27,Hawaii,S,Black,Fall,4.5,0,Free Shipping,0,0,29,Cash,Fortnightly,26,0,High,Established,Low,0.4421,Silver,Low_Value_Organic,18-24,0,0,0,0.6246,Loyal,0.4519,Developing
2437,52,Male,T-shirt,Clothing,24,Connecticut,M,Yellow,Fall,2.7,0,Store Pickup,0,0,38,Credit Card,Quarterly,4,0,Low,Established,Low,0.3356,Silver,Low_Value_Organic,45-54,0,0,2,0.5256,Loyal,0.1905,Transactional
2438,43,Male,Sneakers,Footwear,59,Wyoming,XL,Magenta,Winter,3.4,0,Store Pickup,0,0,34,Credit Card,Weekly,52,0,Medium,Established,Medium,0.7669,Platinum,High_Value_Organic,35-44,0,1,1,0.8694,Loyal,0.3979,Developing
2439,32,Male,Jeans,Clothing,20,Delaware,S,Cyan,Winter,3.4,0,Express,0,0,30,Venmo,Weekly,52,0,Medium,Established,Low,0.6367,Gold,High_Value_Organic,25-34,1,1,1,0.8367,Loyal,0.276,Transactional
2440,55,Male,Handbag,Accessories,44,Arkansas,M,Maroon,Summer,2.8,0,Standard,0,0,45,Bank Transfer,Annually,1,0,Low,Veteran,Low,0.4192,Silver,Low_Value_Organic,55-64,0,0,2,0.5592,Loyal,0.267,Transactional
2441,31,Male,Socks,Clothing,90,Indiana,M,Red,Spring,4.7,0,Standard,0,0,47,Bank Transfer,Annually,1,0,High,Veteran,High,0.5505,Gold,High_Value_Organic,25-34,0,1,0,0.5755,Loyal,0.6768,Loyal
2442,45,Male,Jewelry,Accessories,36,California,M,Black,Fall,4.7,0,Free Shipping,0,0,5,Credit Card,Monthly,12,0,High,New,Low,0.1589,Bronze,Low_Value_Organic,45-54,0,0,0,0.3189,Transactional,0.508,Developing
2443,53,Male,Blouse,Clothing,95,Wyoming,L,Violet,Winter,4.7,0,Free Shipping,0,0,50,Debit Card,Fortnightly,26,0,High,Veteran,High,0.7836,Platinum,High_Value_Organic,45-54,0,1,0,0.7961,Loyal,0.6924,Loyal
2444,24,Male,Backpack,Accessories,30,South Dakota,M,Green,Spring,3.4,0,2-Day Shipping,0,0,24,Bank Transfer,Fortnightly,26,0,Medium,Growing,Low,0.4088,Silver,Low_Value_Organic,18-24,1,0,1,0.5838,Loyal,0.3073,Transactional
2445,47,Male,Scarf,Accessories,65,West Virginia,S,Gold,Fall,3.7,0,Express,0,0,15,Debit Card,Fortnightly,26,0,Medium,Growing,Medium,0.4229,Silver,Low_Value_Organic,45-54,1,0,1,0.5104,Developing,0.4586,Developing
2446,63,Male,Scarf,Accessories,96,Tennessee,M,Brown,Summer,4.1,0,Store Pickup,0,0,50,Cash,Weekly,52,0,High,Veteran,High,0.99,Platinum,High_Value_Organic,55-64,0,1,0,1.0,Loyal,0.6115,Loyal
2447,38,Male,Shirt,Clothing,65,Alaska,L,Peach,Spring,2.9,0,2-Day Shipping,0,0,7,Credit Card,Monthly,12,0,Low,New,Medium,0.2478,Bronze,Low_Value_Organic,35-44,1,0,2,0.3353,Transactional,0.3466,Transactional
2448,59,Male,Pants,Clothing,47,South Dakota,L,Peach,Fall,3.2,0,Store Pickup,0,0,10,Venmo,Fortnightly,26,0,Medium,Growing,Medium,0.337,Silver,Low_Value_Organic,55-64,0,0,1,0.4695,Developing,0.3324,Transactional
2449,54,Male,Hat,Accessories,25,Tennessee,S,Violet,Fall,3.0,0,Free Shipping,0,0,38,PayPal,Fortnightly,26,0,Medium,Established,Low,0.5106,Gold,High_Value_Organic,45-54,0,1,1,0.6981,Loyal,0.2356,Transactional
2450,26,Male,Coat,Outerwear,56,Alabama,S,Violet,Fall,4.1,0,Express,0,0,31,Venmo,Fortnightly,26,0,High,Established,Medium,0.531,Gold,High_Value_Organic,25-34,1,1,0,0.641,Loyal,0.4865,Developing
2451,68,Male,T-shirt,Clothing,76,North Carolina,M,Magenta,Fall,4.5,0,Standard,0,0,7,Venmo,Quarterly,4,0,High,New,High,0.2125,Bronze,Low_Value_Organic,65+,0,0,0,0.2725,Transactional,0.605,Loyal
2452,41,Male,Socks,Clothing,60,Oklahoma,M,Purple,Fall,3.4,0,Store Pickup,0,0,27,Venmo,Monthly,12,0,Medium,Established,Medium,0.3985,Silver,Low_Value_Organic,35-44,0,0,1,0.4985,Developing,0.401,Developing
2453,68,Male,Shirt,Clothing,67,New York,L,Purple,Winter,4.1,0,Express,0,0,45,Bank Transfer,Quarterly,4,0,High,Veteran,Medium,0.5002,Gold,High_Value_Organic,65+,1,1,0,0.5827,Loyal,0.5209,Loyal
2454,21,Male,Sweater,Clothing,95,Iowa,XL,Cyan,Spring,4.6,0,Store Pickup,0,0,13,Cash,Annually,1,0,High,Growing,High,0.2855,Silver,Low_Value_Organic,18-24,0,0,0,0.298,Transactional,0.6784,Loyal
2455,32,Male,Gloves,Accessories,72,Alaska,M,Magenta,Winter,4.6,0,Express,0,0,33,Venmo,Annually,1,0,High,Established,Medium,0.3912,Silver,Low_Value_Organic,25-34,1,0,0,0.4612,Developing,0.6065,Loyal
2456,20,Male,Belt,Accessories,98,Alaska,L,Lavender,Spring,3.4,0,Express,0,0,25,Cash,Quarterly,4,0,Medium,Established,High,0.4144,Silver,Low_Value_Organic,18-24,1,0,1,0.4194,Developing,0.5198,Loyal
2457,59,Male,Jeans,Clothing,83,Nebraska,M,Green,Winter,3.3,0,2-Day Shipping,0,0,5,PayPal,Monthly,12,0,Medium,New,High,0.2764,Silver,Low_Value_Organic,55-64,1,0,1,0.3189,Transactional,0.4589,Developing
2458,53,Male,Handbag,Accessories,37,Delaware,M,Maroon,Fall,3.6,0,2-Day Shipping,0,0,23,Cash,Quarterly,4,0,Medium,Growing,Low,0.2456,Bronze,Low_Value_Organic,45-54,1,0,1,0.4031,Developing,0.3571,Transactional
2459,66,Male,T-shirt,Clothing,85,Texas,L,Turquoise,Fall,4.6,0,Free Shipping,0,0,17,Bank Transfer,Weekly,52,0,High,Growing,High,0.6931,Platinum,High_Value_Organic,65+,0,1,0,0.7306,Loyal,0.6471,Loyal
2460,47,Male,Socks,Clothing,36,Missouri,L,Violet,Fall,4.3,0,2-Day Shipping,0,0,14,Cash,Weekly,52,0,High,Growing,Low,0.5461,Gold,High_Value_Organic,45-54,1,1,0,0.7061,Loyal,0.452,Developing
2461,58,Male,Jeans,Clothing,36,Maine,S,Lavender,Winter,4.0,0,Store Pickup,0,0,28,Credit Card,Annually,1,0,High,Established,Low,0.2604,Silver,Low_Value_Organic,55-64,0,0,0,0.4204,Developing,0.41,Developing
2462,28,Male,Scarf,Accessories,86,Pennsylvania,L,Red,Summer,4.8,0,Next Day Air,0,0,19,Credit Card,Weekly,52,0,High,Growing,High,0.7119,Platinum,High_Value_Organic,25-34,1,1,0,0.7469,Loyal,0.6782,Loyal
2463,68,Male,Pants,Clothing,99,Missouri,XL,Orange,Spring,4.3,0,Standard,0,0,31,Bank Transfer,Fortnightly,26,0,High,Established,High,0.6385,Gold,High_Value_Organic,65+,0,1,0,0.641,Loyal,0.6489,Loyal
2464,60,Male,Blouse,Clothing,21,Mississippi,XL,Indigo,Summer,3.3,0,Standard,0,0,25,Cash,Fortnightly,26,0,Medium,Established,Low,0.3945,Silver,Low_Value_Organic,55-64,0,0,1,0.592,Loyal,0.2651,Transactional
2465,47,Male,Jacket,Outerwear,84,Hawaii,L,Teal,Winter,2.8,0,Express,0,0,4,Cash,Fortnightly,26,0,Low,New,High,0.3806,Silver,Low_Value_Organic,45-54,1,0,2,0.4206,Developing,0.392,Developing
2466,18,Male,Sandals,Footwear,63,Texas,M,Brown,Spring,4.4,0,Free Shipping,0,0,20,Bank Transfer,Weekly,52,0,High,Growing,Medium,0.6626,Platinum,High_Value_Organic,18-24,0,1,0,0.7551,Loyal,0.5504,Loyal
2467,32,Male,Shorts,Clothing,84,South Dakota,S,Pink,Summer,3.7,0,Express,0,0,37,Cash,Annually,1,0,Medium,Established,High,0.4539,Gold,High_Value_Organic,25-34,1,1,1,0.4939,Developing,0.518,Loyal
2468,27,Male,Shorts,Clothing,72,New Jersey,M,Lavender,Spring,3.6,0,Express,0,0,28,Credit Card,Annually,1,0,Medium,Established,Medium,0.3504,Silver,Low_Value_Organic,25-34,1,0,1,0.4204,Developing,0.4665,Developing
2469,65,Male,Skirt,Clothing,21,Connecticut,L,Cyan,Winter,3.7,0,2-Day Shipping,0,0,6,Venmo,Weekly,52,0,Medium,New,Low,0.4433,Silver,Low_Value_Organic,65+,1,0,1,0.6408,Loyal,0.3211,Transactional
2470,68,Male,Sandals,Footwear,92,Maryland,M,Yellow,Fall,5.0,0,Standard,0,0,27,PayPal,Annually,1,0,High,Established,High,0.3922,Silver,Low_Value_Organic,65+,0,0,0,0.4122,Developing,0.725,Loyal
2471,55,Male,Blouse,Clothing,72,Arizona,XL,Pink,Fall,2.7,0,Next Day Air,0,0,29,Credit Card,Fortnightly,26,0,Low,Established,Medium,0.5546,Gold,High_Value_Organic,55-64,1,1,2,0.6246,Loyal,0.3405,Transactional
2472,30,Male,Sandals,Footwear,83,Oklahoma,M,Gray,Spring,4.3,0,Store Pickup,0,0,1,Cash,Annually,1,0,High,New,High,0.1575,Bronze,Low_Value_Organic,25-34,0,0,0,0.2,Transactional,0.5989,Loyal
2473,24,Male,Shirt,Clothing,73,Utah,M,Peach,Summer,4.1,0,Standard,0,0,31,Credit Card,Annually,1,0,High,Established,High,0.3774,Silver,Low_Value_Organic,18-24,0,0,0,0.4449,Developing,0.5396,Loyal
2474,57,Male,Socks,Clothing,98,Arkansas,M,Red,Winter,2.6,0,Next Day Air,0,0,28,Cash,Quarterly,4,0,Low,Established,High,0.4389,Silver,Low_Value_Organic,55-64,1,0,2,0.4439,Developing,0.4078,Developing
2475,23,Male,T-shirt,Clothing,76,North Carolina,M,Olive,Fall,3.2,0,Store Pickup,0,0,19,Bank Transfer,Quarterly,4,0,Medium,Growing,High,0.3105,Silver,Low_Value_Organic,18-24,0,0,1,0.3705,Developing,0.423,Developing
2476,69,Male,Dress,Clothing,43,California,S,Lavender,Summer,3.5,0,Next Day Air,0,0,36,Venmo,Monthly,12,0,Medium,Established,Low,0.4295,Silver,Low_Value_Organic,65+,1,0,1,0.572,Loyal,0.3619,Transactional
2477,60,Male,Hat,Accessories,60,Colorado,M,Turquoise,Summer,3.7,0,Next Day Air,0,0,28,Cash,Monthly,12,0,Medium,Established,Medium,0.4067,Silver,Low_Value_Organic,55-64,1,0,1,0.5067,Developing,0.443,Developing
2478,25,Male,Gloves,Accessories,40,California,L,Turquoise,Spring,3.8,0,2-Day Shipping,0,0,29,PayPal,Weekly,52,0,Medium,Established,Low,0.6786,Platinum,High_Value_Organic,25-34,1,1,1,0.8286,Loyal,0.3945,Developing
2479,18,Male,Socks,Clothing,93,Vermont,S,Maroon,Winter,4.8,0,2-Day Shipping,0,0,9,Bank Transfer,Quarterly,4,0,High,New,High,0.2713,Silver,Low_Value_Organic,18-24,1,0,0,0.2888,Transactional,0.7001,Loyal
2480,37,Male,Dress,Clothing,98,Kansas,S,Olive,Fall,4.2,0,Standard,0,0,26,Credit Card,Quarterly,4,0,High,Established,High,0.4226,Silver,Low_Value_Organic,35-44,0,0,0,0.4276,Developing,0.6318,Loyal
2481,61,Male,Socks,Clothing,91,Ohio,XL,Maroon,Summer,2.9,0,Next Day Air,0,0,7,Credit Card,Fortnightly,26,0,Low,New,High,0.4226,Silver,Low_Value_Organic,55-64,1,0,2,0.4451,Developing,0.4279,Developing
2482,41,Male,Belt,Accessories,92,New Jersey,XL,Cyan,Fall,2.9,0,Free Shipping,0,0,35,Debit Card,Weekly,52,0,Low,Established,High,0.8576,Platinum,High_Value_Organic,35-44,0,1,2,0.8776,Loyal,0.431,Developing
2483,69,Male,Handbag,Accessories,87,Arizona,S,Peach,Winter,4.8,0,Next Day Air,0,0,46,Credit Card,Quarterly,4,0,High,Veteran,High,0.5584,Gold,High_Value_Organic,65+,1,1,0,0.5909,Loyal,0.6814,Loyal
2484,32,Male,Skirt,Clothing,96,Arizona,S,Teal,Fall,2.9,0,Standard,0,0,8,Debit Card,Monthly,12,0,Low,New,High,0.3334,Silver,Low_Value_Organic,25-34,0,0,2,0.3434,Transactional,0.4435,Developing
2485,60,Male,Hoodie,Clothing,97,New Hampshire,M,Green,Summer,4.8,0,2-Day Shipping,0,0,50,Cash,Quarterly,4,0,High,Veteran,High,0.616,Gold,High_Value_Organic,55-64,1,1,0,0.6235,Loyal,0.7126,Loyal
2486,43,Male,Blouse,Clothing,55,Louisiana,M,Beige,Spring,4.6,0,2-Day Shipping,0,0,37,Bank Transfer,Annually,1,0,High,Established,Medium,0.3814,Silver,Low_Value_Organic,35-44,1,0,0,0.4939,Developing,0.5534,Loyal
2487,61,Male,Jeans,Clothing,58,Texas,L,Magenta,Spring,4.4,0,Store Pickup,0,0,6,Credit Card,Fortnightly,26,0,High,New,Medium,0.3319,Silver,Low_Value_Organic,55-64,0,0,0,0.4369,Developing,0.5348,Loyal
2488,57,Male,Boots,Footwear,21,Montana,L,Violet,Spring,3.0,0,Next Day Air,0,0,16,PayPal,Fortnightly,26,0,Medium,Growing,Low,0.321,Silver,Low_Value_Organic,55-64,1,0,1,0.5185,Developing,0.2231,Transactional
2489,56,Male,Handbag,Accessories,82,New Hampshire,XL,Charcoal,Summer,4.4,0,Express,0,0,30,PayPal,Monthly,12,0,High,Established,High,0.478,Gold,High_Value_Organic,55-64,1,1,0,0.523,Developing,0.6098,Loyal
2490,66,Male,Coat,Outerwear,34,South Dakota,M,Green,Winter,3.9,0,Express,0,0,50,Venmo,Quarterly,4,0,Medium,Veteran,Low,0.4585,Gold,High_Value_Organic,65+,1,1,1,0.6235,Loyal,0.3898,Developing
2491,52,Male,Blouse,Clothing,78,Montana,M,Gray,Spring,4.0,0,Free Shipping,0,0,5,Cash,Quarterly,4,0,High,New,High,0.2012,Bronze,Low_Value_Organic,45-54,0,0,0,0.2562,Transactional,0.5412,Loyal
2492,63,Male,Handbag,Accessories,47,North Carolina,M,Magenta,Spring,2.5,0,Express,0,0,15,Bank Transfer,Monthly,12,0,Low,Growing,Medium,0.2681,Silver,Low_Value_Organic,55-64,1,0,2,0.4006,Developing,0.2344,Transactional
2493,50,Male,Sunglasses,Accessories,96,South Dakota,S,Silver,Summer,4.1,0,Next Day Air,0,0,34,Bank Transfer,Fortnightly,26,0,High,Established,High,0.6555,Platinum,High_Value_Organic,45-54,1,1,0,0.6655,Loyal,0.6115,Loyal
2494,21,Male,Socks,Clothing,23,Maine,S,Beige,Fall,4.8,0,2-Day Shipping,0,0,6,Venmo,Quarterly,4,0,High,New,Low,0.0718,Bronze,Low_Value_Organic,18-24,1,0,0,0.2643,Transactional,0.4814,Developing
2495,42,Male,Shoes,Footwear,27,Oklahoma,S,Peach,Winter,2.6,0,Store Pickup,0,0,26,Debit Card,Annually,1,0,Low,Established,Low,0.2216,Bronze,Low_Value_Organic,35-44,0,0,2,0.4041,Developing,0.1859,Transactional
2496,40,Male,Backpack,Accessories,37,Nebraska,XL,Orange,Spring,3.1,0,Free Shipping,0,0,34,Credit Card,Quarterly,4,0,Medium,Established,Low,0.3354,Silver,Low_Value_Organic,35-44,0,0,1,0.4929,Developing,0.2871,Transactional
2497,67,Male,Scarf,Accessories,79,Illinois,S,Yellow,Summer,3.2,0,Store Pickup,0,0,37,Credit Card,Weekly,52,0,Medium,Established,High,0.8414,Platinum,High_Value_Organic,65+,0,1,1,0.8939,Loyal,0.4324,Developing
2498,35,Male,Backpack,Accessories,40,Colorado,M,Violet,Summer,4.2,0,Standard,0,0,28,Bank Transfer,Annually,1,0,High,Established,Low,0.2704,Silver,Low_Value_Organic,35-44,0,0,0,0.4204,Developing,0.4505,Developing
2499,18,Male,Coat,Outerwear,39,Massachusetts,S,Green,Fall,2.6,0,Next Day Air,0,0,38,Cash,Fortnightly,26,0,Low,Established,Low,0.5456,Gold,High_Value_Organic,18-24,1,1,2,0.6981,Loyal,0.2234,Transactional
2500,52,Male,Hoodie,Clothing,73,Louisiana,L,Pink,Summer,3.1,0,Next Day Air,0,0,2,Cash,Quarterly,4,0,Medium,New,High,0.1642,Bronze,Low_Value_Organic,45-54,1,0,1,0.2317,Transactional,0.3996,Developing
2501,59,Male,Gloves,Accessories,84,Massachusetts,M,Violet,Fall,2.9,0,Store Pickup,0,0,32,Cash,Fortnightly,26,0,Low,Established,High,0.6091,Gold,High_Value_Organic,55-64,0,1,2,0.6491,Loyal,0.406,Developing
2502,49,Male,Shorts,Clothing,94,West Virginia,M,Violet,Fall,4.6,0,Free Shipping,0,0,30,Venmo,Fortnightly,26,0,High,Established,High,0.6178,Gold,High_Value_Organic,45-54,0,1,0,0.6328,Loyal,0.6752,Loyal
2503,46,Male,Skirt,Clothing,47,Idaho,L,Pink,Spring,4.1,0,Standard,0,0,17,PayPal,Quarterly,4,0,High,Growing,Medium,0.2216,Bronze,Low_Value_Organic,45-54,0,0,0,0.3541,Developing,0.4584,Developing
2504,69,Male,Boots,Footwear,77,Ohio,M,Violet,Summer,2.5,0,Store Pickup,0,0,5,Debit Card,Fortnightly,26,0,Low,New,High,0.3712,Silver,Low_Value_Organic,65+,0,0,2,0.4287,Developing,0.3281,Transactional
2505,56,Male,Shorts,Clothing,94,Rhode Island,M,Turquoise,Winter,4.0,0,Store Pickup,0,0,31,Cash,Fortnightly,26,0,High,Established,High,0.626,Gold,High_Value_Organic,55-64,0,1,0,0.641,Loyal,0.5913,Loyal
2506,27,Male,Handbag,Accessories,75,Illinois,M,Cyan,Summer,3.5,0,Express,0,0,43,PayPal,Quarterly,4,0,Medium,Veteran,High,0.5039,Gold,High_Value_Organic,25-34,1,1,1,0.5664,Loyal,0.4619,Developing
2507,57,Male,Dress,Clothing,82,New York,XL,Orange,Spring,4.4,0,Free Shipping,0,0,19,Venmo,Annually,1,0,High,Growing,High,0.3019,Silver,Low_Value_Organic,55-64,0,0,0,0.3469,Developing,0.6098,Loyal
2508,58,Male,Shoes,Footwear,36,Louisiana,M,Cyan,Fall,2.9,0,Store Pickup,0,0,32,Credit Card,Quarterly,4,0,Low,Established,Low,0.3166,Silver,Low_Value_Organic,55-64,0,0,2,0.4766,Developing,0.256,Transactional
2509,23,Male,Sneakers,Footwear,90,California,XL,Indigo,Spring,3.1,0,2-Day Shipping,0,0,5,Debit Card,Fortnightly,26,0,Medium,New,High,0.4037,Silver,Low_Value_Organic,18-24,1,0,1,0.4287,Developing,0.4528,Developing
2510,19,Male,Socks,Clothing,48,Washington,M,Black,Spring,4.4,0,Free Shipping,0,0,9,Bank Transfer,Quarterly,4,0,High,New,Medium,0.1588,Bronze,Low_Value_Organic,18-24,0,0,0,0.2888,Transactional,0.5035,Developing
2511,40,Male,Jacket,Outerwear,42,South Dakota,L,Purple,Winter,4.4,0,Standard,0,0,48,Credit Card,Weekly,52,0,High,Veteran,Low,0.8387,Platinum,High_Value_Organic,35-44,0,1,0,0.9837,Loyal,0.4848,Developing
2512,54,Male,Backpack,Accessories,33,Idaho,M,Cyan,Summer,2.7,0,Store Pickup,0,0,1,PayPal,Quarterly,4,0,Low,New,Low,0.056,Bronze,Low_Value_Organic,45-54,0,0,2,0.2235,Transactional,0.2186,Transactional
2513,50,Male,Socks,Clothing,63,North Dakota,M,Green,Summer,4.9,0,Free Shipping,0,0,20,Credit Card,Monthly,12,0,High,Growing,Medium,0.3489,Silver,Low_Value_Organic,45-54,0,0,0,0.4414,Developing,0.6204,Loyal
2514,69,Male,Handbag,Accessories,53,Washington,L,Teal,Winter,3.5,0,2-Day Shipping,0,0,42,Cash,Annually,1,0,Medium,Veteran,Medium,0.4172,Silver,Low_Value_Organic,65+,1,0,1,0.5347,Loyal,0.3931,Developing
2515,42,Male,Hat,Accessories,37,Alaska,L,Teal,Spring,4.8,0,Free Shipping,0,0,45,PayPal,Fortnightly,26,0,High,Veteran,Low,0.5978,Gold,High_Value_Organic,35-44,0,1,0,0.7553,Loyal,0.5251,Loyal
2516,37,Male,Blouse,Clothing,92,Kansas,M,Magenta,Summer,4.2,0,2-Day Shipping,0,0,41,Cash,Monthly,12,0,High,Veteran,High,0.5928,Gold,High_Value_Organic,35-44,1,1,0,0.6128,Loyal,0.613,Loyal
2517,46,Male,Shorts,Clothing,73,Utah,XL,Brown,Spring,4.6,0,Standard,0,0,36,Debit Card,Quarterly,4,0,High,Established,High,0.4417,Silver,Low_Value_Organic,45-54,0,0,0,0.5092,Developing,0.6096,Loyal
2518,64,Male,Shirt,Clothing,38,Wyoming,L,Orange,Spring,2.9,0,Standard,0,0,10,Venmo,Annually,1,0,Low,Growing,Low,0.1185,Bronze,Low_Value_Organic,55-64,0,0,2,0.2735,Transactional,0.2622,Transactional
2519,20,Male,Boots,Footwear,51,Maine,XL,Blue,Fall,4.0,0,Store Pickup,0,0,31,Venmo,Annually,1,0,High,Established,Medium,0.3224,Silver,Low_Value_Organic,18-24,0,0,0,0.4449,Developing,0.4569,Developing
2520,40,Male,Jacket,Outerwear,90,Michigan,L,Magenta,Spring,4.9,0,Standard,0,0,21,Credit Card,Quarterly,4,0,High,Growing,High,0.3618,Silver,Low_Value_Organic,35-44,0,0,0,0.3868,Developing,0.7048,Loyal
2521,64,Male,Jacket,Outerwear,56,Illinois,L,Magenta,Summer,3.1,0,Next Day Air,0,0,16,Cash,Quarterly,4,0,Medium,Growing,Medium,0.236,Bronze,Low_Value_Organic,55-64,1,0,1,0.346,Developing,0.3465,Transactional
2522,29,Male,Handbag,Accessories,33,Minnesota,M,Magenta,Fall,4.4,0,Standard,0,0,18,PayPal,Quarterly,4,0,High,Growing,Low,0.1948,Bronze,Low_Value_Organic,25-34,0,0,0,0.3623,Developing,0.4566,Developing
2523,20,Male,Belt,Accessories,53,Massachusetts,S,Olive,Winter,2.5,0,2-Day Shipping,0,0,20,Debit Card,Weekly,52,0,Low,Growing,Medium,0.6376,Gold,High_Value_Organic,18-24,1,1,2,0.7551,Loyal,0.2531,Transactional
2524,43,Male,Handbag,Accessories,24,New Jersey,S,Cyan,Spring,3.4,0,Express,0,0,21,Bank Transfer,Annually,1,0,Medium,Growing,Low,0.1733,Bronze,Low_Value_Organic,35-44,1,0,1,0.3633,Developing,0.2885,Transactional
2525,60,Male,Coat,Outerwear,59,Kansas,M,Purple,Spring,3.7,0,Express,0,0,23,Credit Card,Quarterly,4,0,Medium,Growing,Medium,0.3006,Silver,Low_Value_Organic,55-64,1,0,1,0.4031,Developing,0.4399,Developing
2526,39,Male,Sweater,Clothing,72,Kentucky,M,Purple,Winter,4.2,0,Standard,0,0,20,PayPal,Weekly,52,0,High,Growing,Medium,0.6851,Platinum,High_Value_Organic,35-44,0,1,0,0.7551,Loyal,0.5505,Loyal
2527,47,Male,Shorts,Clothing,28,Rhode Island,S,Peach,Spring,3.4,0,Express,0,0,30,PayPal,Fortnightly,26,0,Medium,Established,Low,0.4528,Gold,High_Value_Organic,45-54,1,1,1,0.6328,Loyal,0.301,Transactional
2528,19,Male,Pants,Clothing,36,Illinois,M,Gold,Fall,3.6,0,Express,0,0,33,Bank Transfer,Quarterly,4,0,Medium,Established,Low,0.3248,Silver,Low_Value_Organic,18-24,1,0,1,0.4848,Developing,0.354,Transactional
2529,52,Male,Jewelry,Accessories,47,Alabama,S,Peach,Fall,4.7,0,2-Day Shipping,0,0,31,Debit Card,Monthly,12,0,High,Established,Medium,0.3987,Silver,Low_Value_Organic,45-54,1,0,0,0.5312,Loyal,0.5424,Loyal
2530,34,Male,Gloves,Accessories,62,Tennessee,M,Magenta,Spring,4.7,0,Next Day Air,0,0,48,Bank Transfer,Monthly,12,0,High,Veteran,Medium,0.5749,Gold,High_Value_Organic,25-34,1,1,0,0.6699,Loyal,0.5893,Loyal
2531,25,Male,Skirt,Clothing,98,Massachusetts,S,Cyan,Spring,3.6,0,Free Shipping,0,0,28,Debit Card,Weekly,52,0,Medium,Established,High,0.8154,Platinum,High_Value_Organic,25-34,0,1,1,0.8204,Loyal,0.5478,Loyal
2532,43,Male,Sandals,Footwear,28,Texas,M,Violet,Summer,4.6,0,Free Shipping,0,0,7,Cash,Quarterly,4,0,High,New,Low,0.0925,Bronze,Low_Value_Organic,35-44,0,0,0,0.2725,Transactional,0.469,Developing
2533,55,Male,Socks,Clothing,86,Nebraska,S,Charcoal,Summer,2.6,0,Next Day Air,0,0,4,Debit Card,Weekly,52,0,Low,New,High,0.5895,Gold,High_Value_Organic,55-64,1,1,2,0.6245,Loyal,0.3702,Transactional
2534,66,Male,Jewelry,Accessories,46,Pennsylvania,S,Blue,Summer,3.1,0,Standard,0,0,49,Cash,Fortnightly,26,0,Medium,Veteran,Medium,0.6529,Platinum,High_Value_Organic,65+,0,1,1,0.7879,Loyal,0.3153,Transactional
2535,41,Male,Sunglasses,Accessories,42,Virginia,XL,Red,Fall,3.2,0,Free Shipping,0,0,22,Cash,Weekly,52,0,Medium,Growing,Low,0.6264,Gold,High_Value_Organic,35-44,0,1,1,0.7714,Loyal,0.3168,Transactional
2536,47,Male,Coat,Outerwear,80,Vermont,S,Purple,Winter,3.9,0,Express,0,0,39,Bank Transfer,Fortnightly,26,0,Medium,Established,High,0.6563,Platinum,High_Value_Organic,45-54,1,1,1,0.7063,Loyal,0.5335,Loyal
2537,51,Male,Belt,Accessories,39,Oklahoma,L,Gray,Spring,4.9,0,Express,0,0,45,PayPal,Quarterly,4,0,High,Veteran,Low,0.4302,Silver,Low_Value_Organic,45-54,1,0,0,0.5827,Loyal,0.5454,Loyal
2538,44,Male,Coat,Outerwear,49,Maine,M,Purple,Summer,4.1,0,2-Day Shipping,0,0,30,PayPal,Fortnightly,26,0,High,Established,Medium,0.5053,Gold,High_Value_Organic,35-44,1,1,0,0.6328,Loyal,0.4646,Developing
2539,18,Male,Scarf,Accessories,32,New Jersey,M,Silver,Summer,4.2,0,Next Day Air,0,0,33,Credit Card,Fortnightly,26,0,High,Established,Low,0.4873,Gold,High_Value_Organic,18-24,1,1,0,0.6573,Loyal,0.4255,Developing
2540,33,Male,Sandals,Footwear,73,Massachusetts,M,Purple,Fall,4.1,0,Next Day Air,0,0,24,Cash,Fortnightly,26,0,High,Growing,High,0.5163,Gold,High_Value_Organic,25-34,1,1,0,0.5838,Loyal,0.5396,Loyal
2541,24,Male,Belt,Accessories,42,New Jersey,M,Charcoal,Summer,3.9,0,Free Shipping,0,0,11,Debit Card,Quarterly,4,0,Medium,Growing,Low,0.1602,Bronze,Low_Value_Organic,18-24,0,0,1,0.3052,Transactional,0.4148,Developing
2542,33,Male,Scarf,Accessories,58,Washington,M,Silver,Spring,2.7,0,Next Day Air,0,0,13,Venmo,Quarterly,4,0,Low,Growing,Medium,0.2165,Bronze,Low_Value_Organic,25-34,1,0,2,0.3215,Transactional,0.2968,Transactional
2543,61,Male,Jewelry,Accessories,22,Arkansas,M,White,Winter,3.7,0,Express,0,0,27,PayPal,Annually,1,0,Medium,Established,Low,0.2172,Bronze,Low_Value_Organic,55-64,1,0,1,0.4122,Developing,0.3243,Transactional
2544,27,Male,Scarf,Accessories,56,West Virginia,L,Peach,Spring,2.7,0,Next Day Air,0,0,30,PayPal,Fortnightly,26,0,Low,Established,Medium,0.5228,Gold,High_Value_Organic,25-34,1,1,2,0.6328,Loyal,0.2905,Transactional
2545,46,Male,Pants,Clothing,70,Delaware,M,Red,Spring,2.5,0,Next Day Air,0,0,39,Venmo,Quarterly,4,0,Low,Established,Medium,0.4587,Gold,High_Value_Organic,45-54,1,1,2,0.5337,Loyal,0.3062,Transactional
2546,38,Male,Shoes,Footwear,50,Texas,L,Olive,Spring,3.9,0,Free Shipping,0,0,10,Debit Card,Annually,1,0,Medium,Growing,Medium,0.1485,Bronze,Low_Value_Organic,35-44,0,0,1,0.2735,Transactional,0.4398,Developing
2547,63,Male,Boots,Footwear,21,Texas,L,Gray,Summer,3.0,0,Express,0,0,4,Credit Card,Quarterly,4,0,Medium,New,Low,0.0505,Bronze,Low_Value_Organic,55-64,1,0,1,0.248,Transactional,0.2231,Transactional
2548,47,Male,Jacket,Outerwear,97,Mississippi,M,Beige,Summer,3.2,0,2-Day Shipping,0,0,16,Cash,Weekly,52,0,Medium,Growing,High,0.7149,Platinum,High_Value_Organic,45-54,1,1,1,0.7224,Loyal,0.4886,Developing
2549,42,Male,Backpack,Accessories,63,Texas,L,Pink,Winter,3.8,0,Standard,0,0,34,Credit Card,Monthly,12,0,Medium,Established,Medium,0.4632,Gold,High_Value_Organic,35-44,0,1,1,0.5557,Loyal,0.4664,Developing
2550,41,Male,Jacket,Outerwear,60,Virginia,M,Red,Fall,2.7,0,Standard,0,0,11,Debit Card,Quarterly,4,0,Low,Growing,Medium,0.2052,Bronze,Low_Value_Organic,35-44,0,0,2,0.3052,Transactional,0.303,Transactional
2551,53,Male,Boots,Footwear,52,New Hampshire,XL,Peach,Fall,3.0,0,Store Pickup,0,0,30,Debit Card,Fortnightly,26,0,Medium,Established,Medium,0.5128,Gold,High_Value_Organic,45-54,0,1,1,0.6328,Loyal,0.32,Transactional
2552,29,Male,Shoes,Footwear,32,Minnesota,M,Maroon,Winter,4.1,0,Next Day Air,0,0,40,Debit Card,Annually,1,0,High,Veteran,Low,0.3484,Silver,Low_Value_Organic,25-34,1,0,0,0.5184,Developing,0.4115,Developing
2553,61,Male,Belt,Accessories,48,Maryland,XL,Purple,Spring,3.2,0,2-Day Shipping,0,0,13,Credit Card,Annually,1,0,Medium,Growing,Medium,0.168,Bronze,Low_Value_Organic,55-64,1,0,1,0.298,Transactional,0.3355,Transactional
2554,69,Male,Jewelry,Accessories,25,Vermont,M,Maroon,Summer,4.5,0,Store Pickup,0,0,28,Venmo,Quarterly,4,0,High,Established,Low,0.2564,Silver,Low_Value_Organic,65+,0,0,0,0.4439,Developing,0.4456,Developing
2555,51,Male,Jewelry,Accessories,68,Kansas,M,Gray,Summer,4.3,0,Store Pickup,0,0,49,Debit Card,Fortnightly,26,0,High,Veteran,Medium,0.7079,Platinum,High_Value_Organic,45-54,0,1,0,0.7879,Loyal,0.552,Loyal
2556,24,Male,Pants,Clothing,74,Idaho,M,Gray,Fall,3.5,0,Standard,0,0,23,Credit Card,Weekly,52,0,Medium,Growing,High,0.7146,Platinum,High_Value_Organic,18-24,0,1,1,0.7796,Loyal,0.4588,Developing
2557,24,Male,T-shirt,Clothing,88,Montana,XL,Magenta,Fall,3.1,0,Standard,0,0,4,Bank Transfer,Quarterly,4,0,Medium,New,High,0.218,Bronze,Low_Value_Organic,18-24,0,0,1,0.248,Transactional,0.4465,Developing
2558,70,Male,Shorts,Clothing,23,Oklahoma,L,Cyan,Spring,3.9,0,Standard,0,0,17,PayPal,Fortnightly,26,0,Medium,Growing,Low,0.3342,Silver,Low_Value_Organic,65+,0,0,1,0.5267,Loyal,0.3554,Transactional
2559,49,Male,Hoodie,Clothing,32,California,M,Silver,Fall,2.7,0,Express,0,0,24,PayPal,Fortnightly,26,0,Low,Growing,Low,0.4138,Silver,Low_Value_Organic,45-54,1,0,2,0.5838,Loyal,0.2155,Transactional
2560,48,Male,Belt,Accessories,71,Mississippi,S,Green,Winter,4.0,0,Free Shipping,0,0,21,Debit Card,Quarterly,4,0,High,Growing,Medium,0.3143,Silver,Low_Value_Organic,45-54,0,0,0,0.3868,Developing,0.5194,Loyal
2561,58,Male,Boots,Footwear,62,California,M,Violet,Spring,2.7,0,Next Day Air,0,0,17,Debit Card,Fortnightly,26,0,Low,Growing,Medium,0.4317,Silver,Low_Value_Organic,55-64,1,0,2,0.5267,Loyal,0.3093,Transactional
2562,32,Male,Hoodie,Clothing,20,New York,L,Magenta,Spring,2.7,0,Free Shipping,0,0,22,Debit Card,Quarterly,4,0,Low,Growing,Low,0.195,Bronze,Low_Value_Organic,25-34,0,0,2,0.395,Developing,0.178,Transactional
2563,57,Male,Shorts,Clothing,62,Arizona,XL,Yellow,Spring,4.7,0,Standard,0,0,27,Cash,Fortnightly,26,0,High,Established,Medium,0.5133,Gold,High_Value_Organic,55-64,0,1,0,0.6083,Loyal,0.5893,Loyal
2564,69,Male,Backpack,Accessories,81,Massachusetts,XL,Gray,Winter,4.5,0,Standard,0,0,1,Venmo,Quarterly,4,0,High,New,High,0.176,Bronze,Low_Value_Organic,65+,0,0,0,0.2235,Transactional,0.6206,Loyal
2565,42,Male,Scarf,Accessories,90,Kentucky,L,Indigo,Winter,3.0,0,2-Day Shipping,0,0,27,Bank Transfer,Weekly,52,0,Medium,Established,High,0.7872,Platinum,High_Value_Organic,35-44,1,1,1,0.8122,Loyal,0.4388,Developing
2566,30,Male,Socks,Clothing,43,Vermont,S,Indigo,Fall,3.6,0,Store Pickup,0,0,8,Venmo,Quarterly,4,0,Medium,New,Low,0.1382,Bronze,Low_Value_Organic,25-34,0,0,1,0.2807,Transactional,0.3759,Transactional
2567,35,Male,Handbag,Accessories,38,Missouri,S,Yellow,Fall,3.3,0,Standard,0,0,43,PayPal,Quarterly,4,0,Medium,Veteran,Low,0.4114,Silver,Low_Value_Organic,35-44,0,0,1,0.5664,Loyal,0.3183,Transactional
2568,19,Male,Sunglasses,Accessories,25,Michigan,XL,Gold,Spring,4.3,0,Store Pickup,0,0,24,Cash,Fortnightly,26,0,High,Growing,Low,0.3963,Silver,Low_Value_Organic,18-24,0,0,0,0.5838,Loyal,0.4176,Developing
2569,52,Male,T-shirt,Clothing,98,Texas,XL,Green,Winter,4.3,0,Express,0,0,29,PayPal,Fortnightly,26,0,High,Established,High,0.6196,Gold,High_Value_Organic,45-54,1,1,0,0.6246,Loyal,0.6458,Loyal
2570,42,Male,Dress,Clothing,75,New York,M,Charcoal,Spring,4.8,0,Free Shipping,0,0,10,Bank Transfer,Fortnightly,26,0,High,Growing,High,0.407,Silver,Low_Value_Organic,35-44,0,0,0,0.4695,Developing,0.6439,Loyal
2571,36,Male,Sneakers,Footwear,27,New Mexico,XL,Olive,Spring,4.0,0,Store Pickup,0,0,12,PayPal,Fortnightly,26,0,High,Growing,Low,0.3034,Silver,Low_Value_Organic,35-44,0,0,0,0.4859,Developing,0.3819,Transactional
2572,45,Male,Sunglasses,Accessories,27,Mississippi,L,Black,Winter,3.5,0,Standard,0,0,48,Cash,Fortnightly,26,0,Medium,Veteran,Low,0.5973,Gold,High_Value_Organic,45-54,0,1,1,0.7798,Loyal,0.3119,Transactional
2573,54,Male,Blouse,Clothing,42,Washington,M,Silver,Fall,3.9,0,Next Day Air,0,0,40,Bank Transfer,Quarterly,4,0,Medium,Veteran,Low,0.3969,Silver,Low_Value_Organic,45-54,1,0,1,0.5419,Loyal,0.4148,Developing
2574,54,Male,T-shirt,Clothing,90,New Mexico,M,Red,Summer,4.4,0,Store Pickup,0,0,1,Bank Transfer,Annually,1,0,High,New,High,0.175,Bronze,Low_Value_Organic,45-54,0,0,0,0.2,Transactional,0.6348,Loyal
2575,27,Male,Hat,Accessories,63,Florida,M,Brown,Summer,4.6,0,2-Day Shipping,0,0,26,Credit Card,Fortnightly,26,0,High,Established,Medium,0.5077,Gold,High_Value_Organic,25-34,1,1,0,0.6002,Loyal,0.5784,Loyal
2576,53,Male,Shorts,Clothing,96,Minnesota,M,Silver,Fall,4.0,0,Express,0,0,9,PayPal,Annually,1,0,High,New,High,0.2553,Silver,Low_Value_Organic,45-54,1,0,0,0.2653,Transactional,0.5975,Loyal
2577,20,Male,Hoodie,Clothing,40,New Hampshire,M,Silver,Winter,4.2,0,Free Shipping,0,0,19,Debit Card,Quarterly,4,0,High,Growing,Low,0.2205,Bronze,Low_Value_Organic,18-24,0,0,0,0.3705,Developing,0.4505,Developing
2578,52,Male,Socks,Clothing,39,Minnesota,L,Black,Fall,4.5,0,Next Day Air,0,0,37,Bank Transfer,Monthly,12,0,High,Established,Low,0.4277,Silver,Low_Value_Organic,45-54,1,0,0,0.5802,Loyal,0.4894,Developing
2579,54,Male,Sunglasses,Accessories,48,Vermont,M,Purple,Fall,3.9,0,Free Shipping,0,0,3,Cash,Quarterly,4,0,Medium,New,Medium,0.1099,Bronze,Low_Value_Organic,45-54,0,0,1,0.2399,Transactional,0.4335,Developing
2580,65,Male,Blouse,Clothing,20,Minnesota,M,Purple,Summer,3.7,0,Express,0,0,40,Venmo,Weekly,52,0,Medium,Veteran,Low,0.7184,Platinum,High_Value_Organic,65+,1,1,1,0.9184,Loyal,0.318,Transactional
2581,43,Male,Jeans,Clothing,29,Massachusetts,S,Turquoise,Summer,3.6,0,Store Pickup,0,0,13,Bank Transfer,Quarterly,4,0,Medium,Growing,Low,0.144,Bronze,Low_Value_Organic,35-44,0,0,1,0.3215,Transactional,0.3321,Transactional
2582,57,Male,Dress,Clothing,81,Wyoming,M,Gold,Winter,4.7,0,Express,0,0,48,Credit Card,Monthly,12,0,High,Veteran,High,0.6224,Gold,High_Value_Organic,55-64,1,1,0,0.6699,Loyal,0.6486,Loyal
2583,19,Male,Dress,Clothing,98,South Dakota,S,Indigo,Fall,3.6,0,2-Day Shipping,0,0,4,Venmo,Quarterly,4,0,Medium,New,High,0.243,Bronze,Low_Value_Organic,18-24,1,0,1,0.248,Transactional,0.5478,Loyal
2584,69,Male,Jeans,Clothing,93,Oklahoma,M,Lavender,Fall,2.5,0,Next Day Air,0,0,9,Cash,Weekly,52,0,Low,New,High,0.6478,Gold,High_Value_Organic,65+,1,1,2,0.6653,Loyal,0.3781,Transactional
2585,26,Male,Socks,Clothing,30,Florida,L,Blue,Summer,2.9,0,Store Pickup,0,0,26,Bank Transfer,Fortnightly,26,0,Low,Established,Low,0.4252,Silver,Low_Value_Organic,25-34,0,0,2,0.6002,Loyal,0.2372,Transactional
2586,57,Male,Sunglasses,Accessories,37,Wisconsin,L,Maroon,Fall,4.4,0,Free Shipping,0,0,19,Debit Card,Weekly,52,0,High,Growing,Low,0.5894,Gold,High_Value_Organic,55-64,0,1,0,0.7469,Loyal,0.4691,Developing
2587,20,Male,Coat,Outerwear,28,Maine,L,Yellow,Winter,4.6,0,Express,0,0,1,Credit Card,Quarterly,4,0,High,New,Low,0.0435,Bronze,Low_Value_Organic,18-24,1,0,0,0.2235,Transactional,0.469,Developing
2588,55,Male,Scarf,Accessories,29,Connecticut,M,Purple,Winter,3.7,0,Express,0,0,29,PayPal,Quarterly,4,0,Medium,Established,Low,0.2746,Silver,Low_Value_Organic,55-64,1,0,1,0.4521,Developing,0.3461,Transactional
2589,44,Male,Backpack,Accessories,49,Delaware,M,Peach,Summer,3.2,0,Free Shipping,0,0,38,Venmo,Fortnightly,26,0,Medium,Established,Medium,0.5706,Gold,High_Value_Organic,35-44,0,1,1,0.6981,Loyal,0.3386,Transactional
2590,52,Male,Pants,Clothing,53,North Dakota,M,Silver,Winter,4.9,0,2-Day Shipping,0,0,31,PayPal,Annually,1,0,High,Established,Medium,0.3274,Silver,Low_Value_Organic,45-54,1,0,0,0.4449,Developing,0.5891,Loyal
2591,57,Male,Gloves,Accessories,66,California,M,Turquoise,Summer,5.0,0,Free Shipping,0,0,35,Venmo,Annually,1,0,High,Established,Medium,0.3926,Silver,Low_Value_Organic,55-64,0,0,0,0.4776,Developing,0.6438,Loyal
2592,40,Male,Jacket,Outerwear,61,New Mexico,S,Olive,Spring,3.3,0,Express,0,0,40,Cash,Quarterly,4,0,Medium,Veteran,Medium,0.4444,Silver,Low_Value_Organic,35-44,1,0,1,0.5419,Loyal,0.3901,Developing
2593,23,Male,Shorts,Clothing,23,Iowa,XL,Peach,Summer,4.4,0,Store Pickup,0,0,13,Venmo,Quarterly,4,0,High,Growing,Low,0.129,Bronze,Low_Value_Organic,18-24,0,0,0,0.3215,Transactional,0.4254,Developing
2594,36,Male,Pants,Clothing,36,Colorado,S,Indigo,Fall,4.7,0,Store Pickup,0,0,9,Bank Transfer,Quarterly,4,0,High,New,Low,0.1288,Bronze,Low_Value_Organic,35-44,0,0,0,0.2888,Transactional,0.508,Developing
2595,59,Male,Skirt,Clothing,81,Montana,L,Indigo,Fall,3.6,0,Free Shipping,0,0,25,Cash,Quarterly,4,0,Medium,Established,High,0.3719,Silver,Low_Value_Organic,55-64,0,0,1,0.4194,Developing,0.4946,Developing
2596,29,Male,Blouse,Clothing,56,Iowa,XL,Maroon,Summer,3.2,0,Free Shipping,0,0,3,Bank Transfer,Fortnightly,26,0,Medium,New,Medium,0.3024,Silver,Low_Value_Organic,25-34,0,0,1,0.4124,Developing,0.3605,Transactional
2597,63,Male,Shirt,Clothing,78,Louisiana,L,Black,Spring,3.0,0,Next Day Air,0,0,35,Credit Card,Monthly,12,0,Medium,Established,High,0.5088,Gold,High_Value_Organic,55-64,1,1,1,0.5638,Loyal,0.4013,Developing
2598,60,Male,Jewelry,Accessories,25,Alabama,XL,Teal,Summer,4.4,0,Store Pickup,0,0,13,Venmo,Fortnightly,26,0,High,Growing,Low,0.3065,Silver,Low_Value_Organic,55-64,0,0,0,0.494,Developing,0.4316,Developing
2599,64,Male,Backpack,Accessories,86,Nevada,XL,Olive,Fall,3.3,0,Express,0,0,31,Debit Card,Annually,1,0,Medium,Established,High,0.4099,Silver,Low_Value_Organic,55-64,1,0,1,0.4449,Developing,0.4683,Developing
2600,63,Male,Jewelry,Accessories,99,Vermont,M,Gold,Winter,3.4,0,Express,0,0,48,Credit Card,Monthly,12,0,Medium,Veteran,High,0.6674,Platinum,High_Value_Organic,55-64,1,1,1,0.6699,Loyal,0.5229,Loyal
2601,21,Male,Belt,Accessories,83,New York,M,Gray,Fall,3.9,0,Express,0,0,6,Bank Transfer,Fortnightly,26,0,Medium,New,High,0.3944,Silver,Low_Value_Organic,18-24,1,0,1,0.4369,Developing,0.5429,Loyal
2602,61,Male,Dress,Clothing,33,Mississippi,L,Orange,Winter,2.9,0,Store Pickup,0,0,43,Cash,Monthly,12,0,Low,Veteran,Low,0.4616,Gold,High_Value_Organic,55-64,0,1,2,0.6291,Loyal,0.2466,Transactional
2603,65,Male,Coat,Outerwear,44,South Carolina,M,Black,Fall,2.9,0,Free Shipping,0,0,1,Venmo,Quarterly,4,0,Low,New,Low,0.0835,Bronze,Low_Value_Organic,65+,0,0,2,0.2235,Transactional,0.281,Transactional
2604,69,Male,Dress,Clothing,58,Washington,M,Teal,Spring,2.7,0,2-Day Shipping,0,0,8,Cash,Annually,1,0,Low,New,Medium,0.1521,Bronze,Low_Value_Organic,65+,1,0,2,0.2571,Transactional,0.2968,Transactional
2605,47,Male,Sweater,Clothing,54,Colorado,M,Beige,Spring,3.4,0,Store Pickup,0,0,6,Debit Card,Weekly,52,0,Medium,New,Medium,0.5258,Gold,High_Value_Organic,45-54,0,1,1,0.6408,Loyal,0.3823,Transactional
2606,41,Male,Hoodie,Clothing,93,Nevada,M,White,Spring,3.7,0,2-Day Shipping,0,0,32,Venmo,Fortnightly,26,0,Medium,Established,High,0.6316,Gold,High_Value_Organic,35-44,1,1,1,0.6491,Loyal,0.5461,Loyal
2607,68,Male,Shoes,Footwear,98,Nevada,L,Turquoise,Spring,4.7,0,Standard,0,0,46,Bank Transfer,Fortnightly,26,0,High,Veteran,High,0.7584,Platinum,High_Value_Organic,65+,0,1,0,0.7634,Loyal,0.7018,Loyal
2608,41,Male,Shoes,Footwear,36,Oklahoma,XL,Teal,Spring,3.1,0,Express,0,0,38,PayPal,Quarterly,4,0,Medium,Established,Low,0.3656,Silver,Low_Value_Organic,35-44,1,0,1,0.5256,Loyal,0.284,Transactional
2609,42,Male,Jacket,Outerwear,68,Mississippi,L,Orange,Fall,4.2,0,2-Day Shipping,0,0,48,Credit Card,Fortnightly,26,0,High,Veteran,Medium,0.6998,Platinum,High_Value_Organic,35-44,1,1,0,0.7798,Loyal,0.538,Loyal
2610,66,Male,Backpack,Accessories,95,Arkansas,M,Black,Summer,3.0,0,Store Pickup,0,0,18,Debit Card,Fortnightly,26,0,Medium,Growing,High,0.5224,Gold,High_Value_Organic,65+,0,1,1,0.5349,Loyal,0.4544,Developing
2611,66,Male,Jeans,Clothing,93,West Virginia,M,Violet,Spring,3.1,0,Express,0,0,25,Cash,Quarterly,4,0,Medium,Established,High,0.4019,Silver,Low_Value_Organic,65+,1,0,1,0.4194,Developing,0.4621,Developing
2612,33,Male,Jacket,Outerwear,99,Michigan,L,Maroon,Fall,4.2,0,2-Day Shipping,0,0,4,Cash,Fortnightly,26,0,High,New,High,0.4181,Silver,Low_Value_Organic,25-34,1,0,0,0.4206,Developing,0.6349,Loyal
2613,55,Male,Sunglasses,Accessories,22,Louisiana,M,Turquoise,Winter,3.8,0,Next Day Air,0,0,27,Venmo,Quarterly,4,0,Medium,Established,Low,0.2408,Bronze,Low_Value_Organic,55-64,1,0,1,0.4358,Developing,0.3382,Transactional
2614,58,Male,Gloves,Accessories,88,South Dakota,M,Gold,Fall,2.9,0,Express,0,0,14,Bank Transfer,Monthly,12,0,Low,Growing,High,0.3624,Silver,Low_Value_Organic,55-64,1,0,2,0.3924,Developing,0.4185,Developing
2615,18,Male,Jacket,Outerwear,65,North Dakota,M,Turquoise,Spring,4.2,0,Express,0,0,36,Bank Transfer,Fortnightly,26,0,High,Established,Medium,0.5943,Gold,High_Value_Organic,18-24,1,1,0,0.6818,Loyal,0.5286,Loyal
2616,49,Male,T-shirt,Clothing,62,Arizona,M,Maroon,Fall,3.1,0,2-Day Shipping,0,0,6,Debit Card,Quarterly,4,0,Medium,New,Medium,0.1693,Bronze,Low_Value_Organic,45-54,1,0,1,0.2643,Transactional,0.3653,Transactional
2617,61,Male,Sandals,Footwear,55,Georgia,XL,Purple,Spring,3.6,0,Express,0,0,46,Cash,Annually,1,0,Medium,Veteran,Medium,0.4548,Gold,High_Value_Organic,55-64,1,1,1,0.5673,Loyal,0.4134,Developing
2618,31,Male,Shorts,Clothing,97,Idaho,S,Maroon,Spring,4.8,0,Standard,0,0,29,Bank Transfer,Annually,1,0,High,Established,High,0.4211,Silver,Low_Value_Organic,25-34,0,0,0,0.4286,Developing,0.7126,Loyal
2619,70,Male,Handbag,Accessories,77,Louisiana,L,Brown,Fall,4.1,0,Express,0,0,12,Venmo,Monthly,12,0,High,Growing,High,0.3186,Silver,Low_Value_Organic,65+,1,0,0,0.3761,Developing,0.5521,Loyal
2620,68,Male,Pants,Clothing,40,Connecticut,L,Indigo,Winter,3.9,0,Free Shipping,0,0,47,Credit Card,Weekly,52,0,Medium,Veteran,Low,0.8255,Platinum,High_Value_Organic,65+,0,1,1,0.9755,Loyal,0.4085,Developing
2621,27,Male,Blouse,Clothing,23,Ohio,S,Lavender,Winter,3.0,0,Standard,0,0,28,Debit Card,Annually,1,0,Medium,Established,Low,0.2279,Bronze,Low_Value_Organic,25-34,0,0,1,0.4204,Developing,0.2294,Transactional
2622,48,Male,Shoes,Footwear,46,Maine,M,Beige,Winter,3.0,0,Express,0,0,21,Bank Transfer,Annually,1,0,Medium,Growing,Medium,0.2283,Bronze,Low_Value_Organic,45-54,1,0,1,0.3633,Developing,0.3013,Transactional
2623,63,Male,Backpack,Accessories,75,New Hampshire,M,Yellow,Spring,4.9,0,2-Day Shipping,0,0,15,Credit Card,Annually,1,0,High,Growing,High,0.2518,Silver,Low_Value_Organic,55-64,1,0,0,0.3143,Transactional,0.6579,Loyal
2624,49,Male,Shoes,Footwear,76,Massachusetts,M,Gold,Fall,4.8,0,Next Day Air,0,0,38,Cash,Annually,1,0,High,Established,High,0.442,Silver,Low_Value_Organic,45-54,1,0,0,0.502,Developing,0.647,Loyal
2625,19,Male,Dress,Clothing,59,South Dakota,M,Indigo,Summer,3.3,0,Standard,0,0,19,Credit Card,Annually,1,0,Medium,Growing,Medium,0.2444,Bronze,Low_Value_Organic,18-24,0,0,1,0.3469,Developing,0.3839,Transactional
2626,30,Male,Skirt,Clothing,51,Colorado,L,Cyan,Summer,2.7,0,Standard,0,0,31,Credit Card,Weekly,52,0,Low,Established,Medium,0.7224,Platinum,High_Value_Organic,25-34,0,1,2,0.8449,Loyal,0.2749,Transactional
2627,50,Male,Jacket,Outerwear,46,Rhode Island,XL,Silver,Fall,4.2,0,Express,0,0,30,Credit Card,Quarterly,4,0,High,Established,Medium,0.3253,Silver,Low_Value_Organic,45-54,1,0,0,0.4603,Developing,0.4693,Developing
2628,66,Male,Shirt,Clothing,26,Missouri,L,Silver,Fall,3.6,0,Next Day Air,0,0,40,Bank Transfer,Quarterly,4,0,Medium,Veteran,Low,0.3569,Silver,Low_Value_Organic,65+,1,0,1,0.5419,Loyal,0.3228,Transactional
2629,25,Male,Hoodie,Clothing,51,Wyoming,M,Silver,Summer,3.8,0,Next Day Air,0,0,42,Credit Card,Fortnightly,26,0,Medium,Veteran,Medium,0.6083,Gold,High_Value_Organic,25-34,1,1,1,0.7308,Loyal,0.4289,Developing
2630,61,Male,Scarf,Accessories,44,New Hampshire,M,Peach,Winter,3.8,0,Free Shipping,0,0,25,Venmo,Annually,1,0,Medium,Established,Low,0.2559,Silver,Low_Value_Organic,55-64,0,0,1,0.3959,Developing,0.407,Developing
2631,29,Male,Skirt,Clothing,82,Maine,S,Pink,Spring,4.2,0,Free Shipping,0,0,20,Cash,Quarterly,4,0,High,Growing,High,0.3336,Silver,Low_Value_Organic,25-34,0,0,0,0.3786,Developing,0.5818,Loyal
2632,53,Male,Skirt,Clothing,44,Connecticut,S,Violet,Summer,2.7,0,Express,0,0,3,Cash,Weekly,52,0,Low,New,Low,0.4763,Gold,High_Value_Organic,45-54,1,1,2,0.6163,Loyal,0.253,Transactional
2633,24,Male,Scarf,Accessories,27,Alaska,M,Black,Fall,5.0,0,Next Day Air,0,0,14,Cash,Annually,1,0,High,Growing,Low,0.1236,Bronze,Low_Value_Organic,18-24,1,0,0,0.3061,Transactional,0.5219,Loyal
2634,51,Male,Sunglasses,Accessories,90,Alaska,M,Purple,Fall,4.7,0,Next Day Air,0,0,32,Credit Card,Fortnightly,26,0,High,Established,High,0.6241,Gold,High_Value_Organic,45-54,1,1,0,0.6491,Loyal,0.6768,Loyal
2635,26,Male,Sandals,Footwear,58,North Carolina,S,Black,Summer,3.2,0,Store Pickup,0,0,20,PayPal,Quarterly,4,0,Medium,Growing,Medium,0.2736,Silver,Low_Value_Organic,25-34,0,0,1,0.3786,Developing,0.3668,Transactional
2636,59,Male,Hoodie,Clothing,80,Colorado,XL,Peach,Spring,2.9,0,2-Day Shipping,0,0,34,PayPal,Fortnightly,26,0,Low,Established,High,0.6155,Gold,High_Value_Organic,55-64,1,1,2,0.6655,Loyal,0.3935,Developing
2637,41,Male,Jacket,Outerwear,40,Utah,S,Magenta,Winter,4.2,0,Store Pickup,0,0,6,Venmo,Annually,1,0,High,New,Low,0.0908,Bronze,Low_Value_Organic,35-44,0,0,0,0.2408,Transactional,0.4505,Developing
2638,20,Male,Pants,Clothing,23,Alabama,M,Magenta,Spring,3.7,0,Store Pickup,0,0,2,PayPal,Annually,1,0,Medium,New,Low,0.0157,Bronze,Low_Value_Organic,18-24,0,0,1,0.2082,Transactional,0.3274,Transactional
2639,22,Male,Shirt,Clothing,34,Hawaii,S,Black,Spring,4.2,0,Store Pickup,0,0,35,Credit Card,Annually,1,0,High,Established,Low,0.3126,Silver,Low_Value_Organic,18-24,0,0,0,0.4776,Developing,0.4318,Developing
2640,18,Male,Blouse,Clothing,35,New Hampshire,XL,Pink,Winter,2.6,0,Free Shipping,0,0,33,Debit Card,Quarterly,4,0,Low,Established,Low,0.3223,Silver,Low_Value_Organic,18-24,0,0,2,0.4848,Developing,0.2109,Transactional
2641,30,Male,Skirt,Clothing,75,Indiana,L,Olive,Summer,4.0,0,Store Pickup,0,0,45,Venmo,Fortnightly,26,0,High,Veteran,High,0.6928,Platinum,High_Value_Organic,25-34,0,1,0,0.7553,Loyal,0.5319,Loyal
2642,25,Male,Sunglasses,Accessories,60,Vermont,XL,Olive,Winter,2.7,0,Next Day Air,0,0,20,Bank Transfer,Quarterly,4,0,Low,Growing,Medium,0.2786,Silver,Low_Value_Organic,25-34,1,0,2,0.3786,Developing,0.303,Transactional
2643,39,Male,Belt,Accessories,87,Iowa,L,Peach,Summer,4.0,0,Store Pickup,0,0,48,Bank Transfer,Annually,1,0,High,Veteran,High,0.5512,Gold,High_Value_Organic,35-44,0,1,0,0.5837,Loyal,0.5694,Loyal
2644,49,Male,Gloves,Accessories,41,Maryland,S,Silver,Spring,2.9,0,Next Day Air,0,0,37,Cash,Monthly,12,0,Low,Established,Low,0.4327,Silver,Low_Value_Organic,45-54,1,0,2,0.5802,Loyal,0.2716,Transactional
2645,25,Male,Pants,Clothing,83,New Mexico,M,Turquoise,Spring,3.3,0,Standard,0,0,4,Bank Transfer,Quarterly,4,0,Medium,New,High,0.2055,Bronze,Low_Value_Organic,25-34,0,0,1,0.248,Transactional,0.4589,Developing
2646,23,Male,Scarf,Accessories,81,Louisiana,L,Olive,Spring,4.0,0,Store Pickup,0,0,24,Bank Transfer,Fortnightly,26,0,High,Growing,High,0.5363,Gold,High_Value_Organic,18-24,0,1,0,0.5838,Loyal,0.5506,Loyal
2647,33,Male,T-shirt,Clothing,56,New Mexico,S,Lavender,Summer,3.9,0,Next Day Air,0,0,4,Debit Card,Quarterly,4,0,Medium,New,Medium,0.138,Bronze,Low_Value_Organic,25-34,1,0,1,0.248,Transactional,0.4585,Developing
2648,60,Male,Shoes,Footwear,58,South Carolina,M,Red,Summer,3.3,0,2-Day Shipping,0,0,25,Debit Card,Annually,1,0,Medium,Established,Medium,0.2909,Silver,Low_Value_Organic,55-64,1,0,1,0.3959,Developing,0.3808,Transactional
2649,51,Male,Pants,Clothing,84,Illinois,M,Gray,Spring,3.9,0,Next Day Air,0,0,14,PayPal,Fortnightly,26,0,Medium,Growing,High,0.4622,Gold,High_Value_Organic,45-54,1,1,1,0.5022,Developing,0.546,Loyal
2650,23,Male,Gloves,Accessories,21,Minnesota,M,Magenta,Fall,3.9,0,Store Pickup,0,0,14,Bank Transfer,Fortnightly,26,0,Medium,Growing,Low,0.3047,Silver,Low_Value_Organic,18-24,0,0,1,0.5022,Developing,0.3491,Transactional
2651,20,Male,Socks,Clothing,35,Oregon,L,Maroon,Summer,4.2,0,Standard,0,0,46,Credit Card,Quarterly,4,0,High,Veteran,Low,0.4284,Silver,Low_Value_Organic,18-24,0,0,0,0.5909,Loyal,0.4349,Developing
2652,51,Male,Sneakers,Footwear,43,Tennessee,M,Cyan,Summer,4.6,0,Store Pickup,0,0,27,PayPal,Quarterly,4,0,High,Established,Low,0.2933,Silver,Low_Value_Organic,45-54,0,0,0,0.4358,Developing,0.5159,Developing
2653,23,Female,Shorts,Clothing,20,Maryland,L,Cyan,Summer,3.3,0,2-Day Shipping,0,0,46,Credit Card,Monthly,12,0,Medium,Veteran,Low,0.4536,Gold,High_Value_Organic,18-24,1,1,1,0.6536,Loyal,0.262,Transactional
2654,67,Female,Blouse,Clothing,36,Wisconsin,L,Lavender,Fall,4.8,0,Express,0,0,24,Venmo,Quarterly,4,0,High,Growing,Low,0.2513,Silver,Low_Value_Organic,65+,1,0,0,0.4113,Developing,0.522,Loyal
2655,23,Female,Coat,Outerwear,70,Idaho,S,Pink,Fall,4.1,0,Next Day Air,0,0,4,PayPal,Annually,1,0,High,New,Medium,0.1495,Bronze,Low_Value_Organic,18-24,1,0,0,0.2245,Transactional,0.5302,Loyal
2656,26,Female,Sunglasses,Accessories,83,Wyoming,M,Gray,Summer,3.4,0,Standard,0,0,2,Credit Card,Fortnightly,26,0,Medium,New,High,0.3617,Silver,Low_Value_Organic,25-34,0,0,1,0.4042,Developing,0.4729,Developing
2657,52,Female,Shorts,Clothing,76,Indiana,L,Yellow,Winter,3.6,0,Express,0,0,29,Bank Transfer,Fortnightly,26,0,Medium,Established,High,0.5646,Gold,High_Value_Organic,45-54,1,1,1,0.6246,Loyal,0.479,Developing
2658,52,Female,Dress,Clothing,81,Texas,M,Pink,Summer,2.7,0,Express,0,0,7,Credit Card,Fortnightly,26,0,Low,New,High,0.3976,Silver,Low_Value_Organic,45-54,1,0,2,0.4451,Developing,0.3686,Transactional
2659,52,Female,Handbag,Accessories,47,Ohio,XL,Indigo,Summer,3.2,0,Next Day Air,0,0,39,PayPal,Monthly,12,0,Medium,Established,Medium,0.464,Gold,High_Value_Organic,45-54,1,1,1,0.5965,Loyal,0.3324,Transactional
2660,35,Female,Boots,Footwear,35,Kansas,L,Gray,Summer,4.4,0,2-Day Shipping,0,0,46,Credit Card,Fortnightly,26,0,High,Veteran,Low,0.6009,Gold,High_Value_Organic,35-44,1,1,0,0.7634,Loyal,0.4629,Developing
2661,24,Female,Pants,Clothing,85,South Carolina,L,Yellow,Spring,4.9,0,Express,0,0,44,Venmo,Annually,1,0,High,Veteran,High,0.5135,Gold,High_Value_Organic,18-24,1,1,0,0.551,Loyal,0.6891,Loyal
2662,43,Female,Boots,Footwear,96,Michigan,XL,Olive,Fall,4.8,0,Express,0,0,20,Bank Transfer,Annually,1,0,High,Growing,High,0.3451,Silver,Low_Value_Organic,35-44,1,0,0,0.3551,Developing,0.7095,Loyal
2663,25,Female,Skirt,Clothing,98,Nebraska,M,Cyan,Summer,2.8,0,2-Day Shipping,0,0,44,PayPal,Fortnightly,26,0,Low,Veteran,High,0.7421,Platinum,High_Value_Organic,25-34,1,1,2,0.7471,Loyal,0.4358,Developing
2664,46,Female,Sneakers,Footwear,52,Wisconsin,L,Silver,Fall,2.9,0,Free Shipping,0,0,23,Bank Transfer,Annually,1,0,Low,Growing,Medium,0.2596,Silver,Low_Value_Organic,45-54,0,0,2,0.3796,Developing,0.306,Transactional
2665,22,Female,Jewelry,Accessories,84,Illinois,L,Silver,Winter,3.2,0,Store Pickup,0,0,37,PayPal,Weekly,52,0,Medium,Established,High,0.8539,Platinum,High_Value_Organic,18-24,0,1,1,0.8939,Loyal,0.448,Developing
2666,70,Female,T-shirt,Clothing,71,Louisiana,L,Red,Winter,3.5,0,Store Pickup,0,0,4,Venmo,Weekly,52,0,Medium,New,Medium,0.552,Gold,High_Value_Organic,65+,0,1,1,0.6245,Loyal,0.4494,Developing
2667,49,Female,Sandals,Footwear,95,Ohio,S,Brown,Winter,4.1,0,Store Pickup,0,0,14,Venmo,Fortnightly,26,0,High,Growing,High,0.4897,Gold,High_Value_Organic,45-54,0,1,0,0.5022,Developing,0.6084,Loyal
2668,48,Female,Boots,Footwear,47,Maryland,M,Orange,Summer,4.1,0,Free Shipping,0,0,31,Cash,Fortnightly,26,0,High,Established,Medium,0.5085,Gold,High_Value_Organic,45-54,0,1,0,0.641,Loyal,0.4584,Developing
2669,59,Female,Coat,Outerwear,75,Texas,M,Black,Summer,4.8,0,Next Day Air,0,0,9,PayPal,Quarterly,4,0,High,New,High,0.2263,Bronze,Low_Value_Organic,55-64,1,0,0,0.2888,Transactional,0.6439,Loyal
2670,39,Female,Belt,Accessories,28,Illinois,L,Teal,Spring,2.8,0,Free Shipping,0,0,31,Credit Card,Weekly,52,0,Low,Established,Low,0.6649,Platinum,High_Value_Organic,35-44,0,1,2,0.8449,Loyal,0.217,Transactional
2671,30,Female,Sunglasses,Accessories,44,Pennsylvania,M,Yellow,Fall,4.7,0,Express,0,0,26,Bank Transfer,Fortnightly,26,0,High,Established,Low,0.4602,Gold,High_Value_Organic,25-34,1,1,0,0.6002,Loyal,0.533,Loyal
2672,37,Female,Sandals,Footwear,64,Alabama,XL,Gray,Winter,4.8,0,2-Day Shipping,0,0,41,PayPal,Quarterly,4,0,High,Veteran,Medium,0.4601,Gold,High_Value_Organic,35-44,1,1,0,0.5501,Loyal,0.6095,Loyal
2673,56,Female,Boots,Footwear,28,West Virginia,M,Maroon,Spring,2.9,0,Standard,0,0,13,Cash,Annually,1,0,Low,Growing,Low,0.118,Bronze,Low_Value_Organic,55-64,0,0,2,0.298,Transactional,0.231,Transactional
2674,67,Female,Hoodie,Clothing,21,Nevada,M,Olive,Summer,2.6,0,2-Day Shipping,0,0,4,Cash,Monthly,12,0,Low,New,Low,0.1133,Bronze,Low_Value_Organic,65+,1,0,2,0.3108,Transactional,0.1671,Transactional
2675,40,Female,Hat,Accessories,41,Florida,S,Charcoal,Fall,3.3,0,Express,0,0,15,Cash,Quarterly,4,0,Medium,Growing,Low,0.1903,Bronze,Low_Value_Organic,35-44,1,0,1,0.3378,Transactional,0.3276,Transactional
2676,24,Female,Shorts,Clothing,38,Virginia,M,Peach,Winter,3.4,0,Free Shipping,0,0,38,Cash,Fortnightly,26,0,Medium,Established,Low,0.5431,Gold,High_Value_Organic,18-24,0,1,1,0.6981,Loyal,0.3323,Transactional
2677,43,Female,Backpack,Accessories,77,Kentucky,M,Maroon,Spring,3.6,0,Free Shipping,0,0,3,Cash,Fortnightly,26,0,Medium,New,High,0.3549,Silver,Low_Value_Organic,35-44,0,0,1,0.4124,Developing,0.4821,Developing
2678,45,Female,Shorts,Clothing,43,Connecticut,L,Olive,Spring,3.8,0,Next Day Air,0,0,6,PayPal,Quarterly,4,0,Medium,New,Low,0.1218,Bronze,Low_Value_Organic,45-54,1,0,1,0.2643,Transactional,0.4039,Developing
2679,33,Female,Belt,Accessories,91,Montana,M,Magenta,Spring,3.4,0,2-Day Shipping,0,0,34,Credit Card,Fortnightly,26,0,Medium,Established,High,0.643,Gold,High_Value_Organic,25-34,1,1,1,0.6655,Loyal,0.4979,Developing
2680,53,Female,Shorts,Clothing,68,Montana,S,Yellow,Spring,3.8,0,Express,0,0,7,Debit Card,Quarterly,4,0,Medium,New,Medium,0.1925,Bronze,Low_Value_Organic,45-54,1,0,1,0.2725,Transactional,0.482,Developing
2681,44,Female,Socks,Clothing,37,Nebraska,L,Indigo,Fall,3.3,0,Next Day Air,0,0,21,Venmo,Annually,1,0,Medium,Growing,Low,0.2058,Bronze,Low_Value_Organic,35-44,1,0,1,0.3633,Developing,0.3151,Transactional
2682,23,Female,Shoes,Footwear,23,Massachusetts,L,Olive,Summer,4.8,0,Standard,0,0,17,Debit Card,Monthly,12,0,High,Growing,Low,0.2244,Bronze,Low_Value_Organic,18-24,0,0,0,0.4169,Developing,0.4814,Developing
2683,59,Female,Sneakers,Footwear,65,North Carolina,L,Maroon,Winter,3.9,0,2-Day Shipping,0,0,5,Venmo,Quarterly,4,0,Medium,New,Medium,0.1687,Bronze,Low_Value_Organic,55-64,1,0,1,0.2562,Transactional,0.4866,Developing
2684,68,Female,Backpack,Accessories,30,Montana,M,Indigo,Summer,4.2,0,Next Day Air,0,0,21,Cash,Fortnightly,26,0,High,Growing,Low,0.3843,Silver,Low_Value_Organic,65+,1,0,0,0.5593,Loyal,0.4192,Developing
2685,46,Female,Dress,Clothing,45,Washington,M,Gray,Summer,4.7,0,Free Shipping,0,0,42,Credit Card,Fortnightly,26,0,High,Veteran,Medium,0.5933,Gold,High_Value_Organic,45-54,0,1,0,0.7308,Loyal,0.5361,Loyal
2686,56,Female,Boots,Footwear,25,Virginia,M,Gray,Winter,2.7,0,Express,0,0,49,Credit Card,Quarterly,4,0,Low,Veteran,Low,0.4279,Silver,Low_Value_Organic,55-64,1,0,2,0.6154,Loyal,0.1936,Transactional
2687,40,Female,Socks,Clothing,72,Georgia,M,Black,Winter,3.8,0,2-Day Shipping,0,0,33,Cash,Fortnightly,26,0,Medium,Established,Medium,0.5873,Gold,High_Value_Organic,35-44,1,1,1,0.6573,Loyal,0.4945,Developing
2688,61,Female,Dress,Clothing,75,Delaware,M,White,Fall,3.6,0,2-Day Shipping,0,0,12,Debit Card,Fortnightly,26,0,Medium,Growing,High,0.4234,Silver,Low_Value_Organic,55-64,1,0,1,0.4859,Developing,0.4759,Developing
2689,53,Female,Handbag,Accessories,63,West Virginia,XL,Turquoise,Spring,2.9,0,2-Day Shipping,0,0,18,Credit Card,Quarterly,4,0,Low,Growing,Medium,0.2698,Silver,Low_Value_Organic,45-54,1,0,2,0.3623,Developing,0.3404,Transactional
2690,29,Female,Blouse,Clothing,35,Wyoming,M,Orange,Fall,3.9,0,Standard,0,0,47,PayPal,Quarterly,4,0,Medium,Veteran,Low,0.4365,Silver,Low_Value_Organic,25-34,0,0,1,0.599,Loyal,0.3929,Developing
2691,44,Female,Belt,Accessories,32,New Mexico,L,Yellow,Summer,4.7,0,Free Shipping,0,0,18,Bank Transfer,Weekly,52,0,High,Growing,Low,0.5688,Gold,High_Value_Organic,35-44,0,1,0,0.7388,Loyal,0.4955,Developing
2692,43,Female,Pants,Clothing,25,Nebraska,L,Blue,Winter,3.3,0,2-Day Shipping,0,0,48,Cash,Monthly,12,0,Medium,Veteran,Low,0.4824,Gold,High_Value_Organic,35-44,1,1,1,0.6699,Loyal,0.2776,Transactional
2693,40,Female,Sneakers,Footwear,90,Washington,XL,Violet,Spring,4.2,0,Free Shipping,0,0,18,Debit Card,Quarterly,4,0,High,Growing,High,0.3373,Silver,Low_Value_Organic,35-44,0,0,0,0.3623,Developing,0.6068,Loyal
2694,55,Female,Boots,Footwear,70,Hawaii,L,Lavender,Summer,2.6,0,Standard,0,0,46,Cash,Quarterly,4,0,Low,Veteran,Medium,0.5159,Gold,High_Value_Organic,55-64,0,1,2,0.5909,Loyal,0.3203,Transactional
2695,66,Female,Sunglasses,Accessories,27,Louisiana,M,Olive,Spring,4.9,0,Express,0,0,34,Credit Card,Quarterly,4,0,High,Established,Low,0.3104,Silver,Low_Value_Organic,65+,1,0,0,0.4929,Developing,0.5079,Developing
2696,50,Female,Hat,Accessories,92,Tennessee,M,Orange,Fall,3.6,0,Standard,0,0,10,PayPal,Fortnightly,26,0,Medium,Growing,High,0.4495,Silver,Low_Value_Organic,45-54,0,0,1,0.4695,Developing,0.529,Loyal
2697,57,Female,Coat,Outerwear,20,South Dakota,M,White,Spring,4.7,0,Free Shipping,0,0,12,Debit Card,Monthly,12,0,High,Growing,Low,0.1761,Bronze,Low_Value_Organic,55-64,0,0,0,0.3761,Developing,0.458,Developing
2698,42,Female,Jacket,Outerwear,52,Delaware,L,Red,Winter,3.2,0,Standard,0,0,36,Bank Transfer,Quarterly,4,0,Medium,Established,Medium,0.3892,Silver,Low_Value_Organic,35-44,0,0,1,0.5092,Developing,0.348,Transactional
2699,55,Female,Hoodie,Clothing,57,Virginia,M,Magenta,Summer,3.6,0,Store Pickup,0,0,34,Venmo,Quarterly,4,0,Medium,Established,Medium,0.3854,Silver,Low_Value_Organic,55-64,0,0,1,0.4929,Developing,0.4196,Developing
2700,25,Female,Boots,Footwear,96,Utah,M,Violet,Fall,3.6,0,2-Day Shipping,0,0,49,Debit Card,Annually,1,0,Medium,Veteran,High,0.5818,Gold,High_Value_Organic,25-34,1,1,1,0.5918,Loyal,0.5415,Loyal
2701,22,Female,T-shirt,Clothing,68,California,XL,Olive,Winter,3.2,0,Standard,0,0,36,Cash,Weekly,52,0,Medium,Established,Medium,0.8057,Platinum,High_Value_Organic,18-24,0,1,1,0.8857,Loyal,0.398,Developing
2702,49,Female,Sweater,Clothing,30,Idaho,L,Silver,Summer,2.8,0,Store Pickup,0,0,18,Bank Transfer,Fortnightly,26,0,Low,Growing,Low,0.3599,Silver,Low_Value_Organic,45-54,0,0,2,0.5349,Loyal,0.2232,Transactional
2703,70,Female,Shoes,Footwear,37,Texas,L,Gray,Fall,4.0,0,Next Day Air,0,0,39,Debit Card,Fortnightly,26,0,High,Established,Low,0.5488,Gold,High_Value_Organic,65+,1,1,0,0.7063,Loyal,0.4131,Developing
2704,56,Female,Scarf,Accessories,42,Tennessee,XL,Olive,Winter,4.4,0,Free Shipping,0,0,34,PayPal,Weekly,52,0,High,Established,Low,0.7244,Platinum,High_Value_Organic,55-64,0,1,0,0.8694,Loyal,0.4848,Developing
2705,52,Female,Dress,Clothing,54,Tennessee,L,Beige,Spring,3.4,0,Next Day Air,0,0,35,Debit Card,Weekly,52,0,Medium,Established,Medium,0.7626,Platinum,High_Value_Organic,45-54,1,1,1,0.8776,Loyal,0.3823,Transactional
2706,65,Female,Jacket,Outerwear,81,Washington,S,Turquoise,Spring,5.0,0,Store Pickup,0,0,1,Credit Card,Fortnightly,26,0,High,New,High,0.3486,Silver,Low_Value_Organic,65+,0,0,0,0.3961,Developing,0.6906,Loyal
2707,24,Female,Shoes,Footwear,40,Alabama,S,Blue,Spring,3.1,0,Express,0,0,48,Debit Card,Quarterly,4,0,Medium,Veteran,Low,0.4572,Gold,High_Value_Organic,18-24,1,1,1,0.6072,Loyal,0.2965,Transactional
2708,32,Female,Backpack,Accessories,88,Nebraska,M,Pink,Fall,4.2,0,Standard,0,0,19,Cash,Weekly,52,0,High,Growing,High,0.7169,Platinum,High_Value_Organic,25-34,0,1,0,0.7469,Loyal,0.6005,Loyal
2709,57,Female,Dress,Clothing,94,Alabama,M,Teal,Summer,3.3,0,Store Pickup,0,0,44,Debit Card,Weekly,52,0,Medium,Veteran,High,0.936,Platinum,High_Value_Organic,55-64,0,1,1,0.951,Loyal,0.4933,Developing
2710,35,Female,Shirt,Clothing,54,Illinois,S,Cyan,Winter,2.9,0,Standard,0,0,9,Credit Card,Fortnightly,26,0,Low,New,Medium,0.3464,Silver,Low_Value_Organic,35-44,0,0,2,0.4614,Developing,0.3122,Transactional
2711,69,Female,Jacket,Outerwear,51,Wisconsin,L,Purple,Summer,4.7,0,Standard,0,0,3,Bank Transfer,Fortnightly,26,0,High,New,Medium,0.2899,Silver,Low_Value_Organic,65+,0,0,0,0.4124,Developing,0.5549,Loyal
2712,30,Female,Sunglasses,Accessories,22,Nebraska,L,Red,Spring,4.0,0,Standard,0,0,50,Venmo,Monthly,12,0,High,Veteran,Low,0.4913,Gold,High_Value_Organic,25-34,0,1,0,0.6863,Loyal,0.3662,Transactional
2713,37,Female,Jacket,Outerwear,95,North Dakota,L,Brown,Fall,4.6,0,Standard,0,0,7,Debit Card,Quarterly,4,0,High,New,High,0.26,Silver,Low_Value_Organic,35-44,0,0,0,0.2725,Transactional,0.6784,Loyal
2714,19,Female,Coat,Outerwear,57,Mississippi,M,Magenta,Fall,3.8,0,2-Day Shipping,0,0,20,Debit Card,Annually,1,0,Medium,Growing,Medium,0.2476,Bronze,Low_Value_Organic,18-24,1,0,1,0.3551,Developing,0.4476,Developing
2715,53,Female,Sweater,Clothing,45,Iowa,S,Olive,Winter,3.6,0,Store Pickup,0,0,16,Credit Card,Fortnightly,26,0,Medium,Growing,Medium,0.381,Silver,Low_Value_Organic,45-54,0,0,1,0.5185,Developing,0.3821,Transactional
2716,25,Female,Sneakers,Footwear,92,Mississippi,XL,Pink,Winter,4.1,0,Express,0,0,29,PayPal,Fortnightly,26,0,High,Established,High,0.6046,Gold,High_Value_Organic,25-34,1,1,0,0.6246,Loyal,0.599,Loyal
2717,47,Female,Shoes,Footwear,40,Colorado,L,Black,Spring,2.7,0,Store Pickup,0,0,21,Debit Card,Weekly,52,0,Low,Growing,Low,0.6133,Gold,High_Value_Organic,45-54,0,1,2,0.7633,Loyal,0.2405,Transactional
2718,18,Female,Sunglasses,Accessories,62,Nebraska,XL,Beige,Winter,4.3,0,Free Shipping,0,0,19,Credit Card,Quarterly,4,0,High,Growing,Medium,0.2755,Silver,Low_Value_Organic,18-24,0,0,0,0.3705,Developing,0.5332,Loyal
2719,22,Female,Shorts,Clothing,90,Virginia,M,Peach,Winter,4.9,0,Next Day Air,0,0,10,Venmo,Fortnightly,26,0,High,Growing,High,0.4445,Silver,Low_Value_Organic,18-24,1,0,0,0.4695,Developing,0.7048,Loyal
2720,69,Female,Hoodie,Clothing,82,Louisiana,S,Peach,Fall,4.2,0,Free Shipping,0,0,4,Bank Transfer,Monthly,12,0,High,New,High,0.2658,Silver,Low_Value_Organic,65+,0,0,0,0.3108,Transactional,0.5818,Loyal
2721,55,Female,Scarf,Accessories,52,Maryland,M,Peach,Spring,2.8,0,Store Pickup,0,0,45,Bank Transfer,Quarterly,4,0,Low,Veteran,Medium,0.4627,Gold,High_Value_Organic,55-64,0,1,2,0.5827,Loyal,0.292,Transactional
2722,19,Female,Sandals,Footwear,70,Minnesota,S,Teal,Spring,4.9,0,Free Shipping,0,0,17,PayPal,Fortnightly,26,0,High,Growing,Medium,0.4517,Gold,High_Value_Organic,18-24,0,1,0,0.5267,Loyal,0.6422,Loyal
2723,23,Female,Hat,Accessories,83,Maine,M,Green,Spring,2.8,0,2-Day Shipping,0,0,22,PayPal,Fortnightly,26,0,Low,Growing,High,0.525,Gold,High_Value_Organic,18-24,1,1,2,0.5675,Loyal,0.3889,Developing
2724,54,Female,Shoes,Footwear,49,Texas,XL,Brown,Summer,2.9,0,Store Pickup,0,0,3,PayPal,Quarterly,4,0,Low,New,Medium,0.1124,Bronze,Low_Value_Organic,45-54,0,0,2,0.2399,Transactional,0.2966,Transactional
2725,52,Female,Sneakers,Footwear,91,Missouri,M,Brown,Spring,2.5,0,Next Day Air,0,0,11,Debit Card,Fortnightly,26,0,Low,Growing,High,0.4552,Gold,High_Value_Organic,45-54,1,1,2,0.4777,Developing,0.3719,Transactional
2726,64,Female,Backpack,Accessories,99,Mississippi,S,Violet,Summer,2.7,0,Free Shipping,0,0,4,Debit Card,Annually,1,0,Low,New,High,0.222,Bronze,Low_Value_Organic,55-64,0,0,2,0.2245,Transactional,0.4249,Developing
2727,33,Female,Belt,Accessories,92,Michigan,L,Blue,Winter,3.3,0,Free Shipping,0,0,11,PayPal,Fortnightly,26,0,Medium,Growing,High,0.4577,Gold,High_Value_Organic,25-34,0,1,1,0.4777,Developing,0.487,Developing
2728,40,Female,Shirt,Clothing,87,Colorado,L,Charcoal,Winter,3.7,0,2-Day Shipping,0,0,47,Credit Card,Fortnightly,26,0,Medium,Veteran,High,0.7391,Platinum,High_Value_Organic,35-44,1,1,1,0.7716,Loyal,0.5274,Loyal
2729,26,Female,Skirt,Clothing,28,Florida,M,Pink,Winter,4.0,0,Express,0,0,17,Debit Card,Weekly,52,0,High,Growing,Low,0.5506,Gold,High_Value_Organic,25-34,1,1,0,0.7306,Loyal,0.385,Transactional
2730,31,Female,Gloves,Accessories,71,Montana,S,Violet,Summer,4.1,0,Free Shipping,0,0,32,Credit Card,Monthly,12,0,High,Established,Medium,0.4668,Gold,High_Value_Organic,25-34,0,1,0,0.5393,Loyal,0.5334,Loyal
2731,23,Female,Gloves,Accessories,32,Wisconsin,M,Teal,Winter,4.1,0,Store Pickup,0,0,37,Bank Transfer,Annually,1,0,High,Established,Low,0.3239,Silver,Low_Value_Organic,18-24,0,0,0,0.4939,Developing,0.4115,Developing
2732,52,Female,Handbag,Accessories,33,Wisconsin,M,Red,Summer,2.5,0,2-Day Shipping,0,0,44,Bank Transfer,Quarterly,4,0,Low,Veteran,Low,0.407,Silver,Low_Value_Organic,45-54,1,0,2,0.5745,Loyal,0.1906,Transactional
2733,21,Female,Socks,Clothing,75,Delaware,L,Orange,Winter,4.2,0,Store Pickup,0,0,27,Debit Card,Quarterly,4,0,High,Established,High,0.3733,Silver,Low_Value_Organic,18-24,0,0,0,0.4358,Developing,0.5599,Loyal
2734,31,Female,Backpack,Accessories,83,North Carolina,M,Magenta,Summer,4.7,0,Express,0,0,46,PayPal,Annually,1,0,High,Veteran,High,0.5248,Gold,High_Value_Organic,25-34,1,1,0,0.5673,Loyal,0.6549,Loyal
2735,63,Female,Jeans,Clothing,93,New York,XL,Yellow,Summer,2.7,0,2-Day Shipping,0,0,13,Cash,Fortnightly,26,0,Low,Growing,High,0.4765,Gold,High_Value_Organic,55-64,1,1,2,0.494,Developing,0.4061,Developing
2736,46,Female,Skirt,Clothing,29,California,M,Yellow,Spring,3.0,0,Express,0,0,2,PayPal,Fortnightly,26,0,Medium,New,Low,0.2267,Bronze,Low_Value_Organic,45-54,1,0,1,0.4042,Developing,0.2481,Transactional
2737,44,Female,Hoodie,Clothing,25,Montana,M,Pink,Spring,4.8,0,Store Pickup,0,0,45,Credit Card,Annually,1,0,High,Veteran,Low,0.3717,Silver,Low_Value_Organic,35-44,0,0,0,0.5592,Loyal,0.4876,Developing
2738,57,Female,Jewelry,Accessories,76,North Carolina,S,Indigo,Spring,4.4,0,Free Shipping,0,0,35,Cash,Quarterly,4,0,High,Established,High,0.4411,Silver,Low_Value_Organic,55-64,0,0,0,0.5011,Developing,0.591,Loyal
2739,50,Female,Sneakers,Footwear,81,Ohio,M,Charcoal,Summer,4.3,0,2-Day Shipping,0,0,39,Venmo,Quarterly,4,0,High,Established,High,0.4862,Gold,High_Value_Organic,45-54,1,1,0,0.5337,Loyal,0.5926,Loyal
2740,33,Female,Shirt,Clothing,80,Alaska,XL,Blue,Winter,2.5,0,Store Pickup,0,0,39,Credit Card,Quarterly,4,0,Low,Established,High,0.4837,Gold,High_Value_Organic,25-34,0,1,2,0.5337,Loyal,0.3375,Transactional
2741,19,Female,Sunglasses,Accessories,70,Pennsylvania,M,Lavender,Summer,4.9,0,Free Shipping,0,0,34,Bank Transfer,Fortnightly,26,0,High,Established,Medium,0.5905,Gold,High_Value_Organic,18-24,0,1,0,0.6655,Loyal,0.6422,Loyal
2742,68,Female,Dress,Clothing,81,Maine,L,Yellow,Fall,4.9,0,2-Day Shipping,0,0,41,Venmo,Monthly,12,0,High,Veteran,High,0.5653,Gold,High_Value_Organic,65+,1,1,0,0.6128,Loyal,0.6766,Loyal
2743,27,Female,Shoes,Footwear,86,Texas,M,Black,Spring,3.9,0,Free Shipping,0,0,47,Debit Card,Annually,1,0,Medium,Veteran,High,0.5405,Gold,High_Value_Organic,25-34,0,1,1,0.5755,Loyal,0.5522,Loyal
2744,61,Female,Belt,Accessories,94,New Jersey,S,Beige,Fall,4.1,0,2-Day Shipping,0,0,17,Venmo,Quarterly,4,0,High,Growing,High,0.3391,Silver,Low_Value_Organic,55-64,1,0,0,0.3541,Developing,0.6052,Loyal
2745,38,Female,Shirt,Clothing,66,Wyoming,M,Silver,Winter,3.3,0,Store Pickup,0,0,40,Credit Card,Monthly,12,0,Medium,Veteran,Medium,0.5196,Gold,High_Value_Organic,35-44,0,1,1,0.6046,Loyal,0.4058,Developing
2746,28,Female,Boots,Footwear,98,Michigan,M,Magenta,Summer,4.1,0,Standard,0,0,44,PayPal,Fortnightly,26,0,High,Veteran,High,0.7421,Platinum,High_Value_Organic,25-34,0,1,0,0.7471,Loyal,0.6178,Loyal
2747,39,Female,Hoodie,Clothing,25,Ohio,M,Orange,Fall,3.7,0,Standard,0,0,21,PayPal,Quarterly,4,0,Medium,Growing,Low,0.1993,Bronze,Low_Value_Organic,35-44,0,0,1,0.3868,Developing,0.3336,Transactional
2748,18,Female,Jeans,Clothing,62,West Virginia,M,Teal,Winter,3.1,0,Free Shipping,0,0,21,Credit Card,Quarterly,4,0,Medium,Growing,Medium,0.2918,Silver,Low_Value_Organic,18-24,0,0,1,0.3868,Developing,0.3653,Transactional
2749,24,Female,Jacket,Outerwear,98,Virginia,L,Turquoise,Spring,3.0,0,Free Shipping,0,0,16,Venmo,Annually,1,0,Medium,Growing,High,0.3174,Silver,Low_Value_Organic,18-24,0,0,1,0.3224,Transactional,0.4638,Developing
2750,64,Female,Jacket,Outerwear,53,Vermont,M,Cyan,Spring,3.4,0,Standard,0,0,15,Bank Transfer,Annually,1,0,Medium,Growing,Medium,0.1968,Bronze,Low_Value_Organic,55-64,0,0,1,0.3143,Transactional,0.3791,Transactional
2751,51,Female,Sandals,Footwear,66,Alaska,L,Pink,Spring,2.7,0,2-Day Shipping,0,0,26,PayPal,Quarterly,4,0,Low,Established,Medium,0.3426,Silver,Low_Value_Organic,45-54,1,0,2,0.4276,Developing,0.3218,Transactional
2752,27,Female,Dress,Clothing,52,Minnesota,S,Indigo,Fall,3.1,0,Free Shipping,0,0,50,Venmo,Monthly,12,0,Medium,Veteran,Medium,0.5663,Gold,High_Value_Organic,25-34,0,1,1,0.6863,Loyal,0.334,Transactional
2753,48,Female,Sweater,Clothing,64,Colorado,S,Peach,Winter,4.0,0,Free Shipping,0,0,30,Venmo,Fortnightly,26,0,High,Established,Medium,0.5428,Gold,High_Value_Organic,45-54,0,1,0,0.6328,Loyal,0.4975,Developing
2754,69,Female,Gloves,Accessories,59,Rhode Island,M,Beige,Spring,3.6,0,Next Day Air,0,0,48,PayPal,Quarterly,4,0,Medium,Veteran,Medium,0.5047,Gold,High_Value_Organic,65+,1,1,1,0.6072,Loyal,0.4259,Developing
2755,59,Female,Sunglasses,Accessories,61,New Jersey,L,Gold,Summer,3.6,0,Free Shipping,0,0,21,Venmo,Fortnightly,26,0,Medium,Growing,Medium,0.4618,Gold,High_Value_Organic,55-64,0,1,1,0.5593,Loyal,0.4321,Developing
2756,59,Female,Belt,Accessories,97,Nevada,M,Indigo,Winter,3.3,0,Store Pickup,0,0,18,Credit Card,Annually,1,0,Medium,Growing,High,0.3313,Silver,Low_Value_Organic,55-64,0,0,1,0.3388,Transactional,0.5026,Developing
2757,42,Female,Hat,Accessories,23,Minnesota,L,Violet,Winter,4.1,0,Free Shipping,0,0,41,PayPal,Monthly,12,0,High,Veteran,Low,0.4203,Silver,Low_Value_Organic,35-44,0,0,0,0.6128,Loyal,0.3834,Transactional
2758,39,Female,Hat,Accessories,98,Delaware,XL,Brown,Fall,4.3,0,Next Day Air,0,0,11,Venmo,Monthly,12,0,High,Growing,High,0.3629,Silver,Low_Value_Organic,35-44,1,0,0,0.3679,Developing,0.6458,Loyal
2759,32,Female,Blouse,Clothing,98,Illinois,M,Purple,Summer,3.2,0,Standard,0,0,8,Bank Transfer,Fortnightly,26,0,Medium,New,High,0.4482,Silver,Low_Value_Organic,25-34,0,0,1,0.4532,Developing,0.4918,Developing
2760,68,Female,Shoes,Footwear,59,Washington,M,Turquoise,Summer,3.9,0,Free Shipping,0,0,42,Cash,Quarterly,4,0,Medium,Veteran,Medium,0.4557,Gold,High_Value_Organic,65+,0,1,1,0.5582,Loyal,0.4679,Developing
2761,41,Female,Skirt,Clothing,82,Alaska,S,Violet,Fall,5.0,0,Next Day Air,0,0,41,Credit Card,Fortnightly,26,0,High,Veteran,High,0.6776,Platinum,High_Value_Organic,35-44,1,1,0,0.7226,Loyal,0.6938,Loyal
2762,31,Female,Sneakers,Footwear,82,Michigan,M,Purple,Fall,3.4,0,Next Day Air,0,0,3,Credit Card,Quarterly,4,0,Medium,New,High,0.1949,Bronze,Low_Value_Organic,25-34,1,0,1,0.2399,Transactional,0.4698,Developing
2763,58,Female,T-shirt,Clothing,41,Georgia,M,Charcoal,Fall,3.8,0,Store Pickup,0,0,10,Debit Card,Quarterly,4,0,Medium,Growing,Low,0.1495,Bronze,Low_Value_Organic,55-64,0,0,1,0.297,Transactional,0.3976,Developing
2764,28,Female,Handbag,Accessories,52,West Virginia,M,Green,Fall,2.9,0,2-Day Shipping,0,0,35,Venmo,Quarterly,4,0,Low,Established,Medium,0.3811,Silver,Low_Value_Organic,25-34,1,0,2,0.5011,Developing,0.306,Transactional
2765,63,Female,Sweater,Clothing,41,Arizona,XL,White,Spring,2.6,0,Next Day Air,0,0,2,Debit Card,Weekly,52,0,Low,New,Low,0.4607,Gold,High_Value_Organic,55-64,1,1,2,0.6082,Loyal,0.2296,Transactional
2766,64,Female,Gloves,Accessories,70,Colorado,M,Purple,Summer,4.3,0,2-Day Shipping,0,0,24,Credit Card,Quarterly,4,0,High,Growing,Medium,0.3363,Silver,Low_Value_Organic,55-64,1,0,0,0.4113,Developing,0.5582,Loyal
2767,66,Female,Dress,Clothing,91,Tennessee,M,Cyan,Winter,2.8,0,Standard,0,0,47,Credit Card,Monthly,12,0,Low,Veteran,High,0.6393,Gold,High_Value_Organic,65+,0,1,2,0.6618,Loyal,0.4139,Developing
2768,31,Female,Dress,Clothing,95,Iowa,M,Green,Spring,4.5,0,Free Shipping,0,0,31,Cash,Monthly,12,0,High,Established,High,0.5187,Gold,High_Value_Organic,25-34,0,1,0,0.5312,Loyal,0.6644,Loyal
2769,55,Female,Blouse,Clothing,25,Kansas,M,Beige,Spring,3.8,0,2-Day Shipping,0,0,28,PayPal,Fortnightly,26,0,Medium,Established,Low,0.429,Silver,Low_Value_Organic,55-64,1,0,1,0.6165,Loyal,0.3476,Transactional
2770,32,Female,Shirt,Clothing,89,Oklahoma,L,Lavender,Fall,3.0,0,Standard,0,0,13,Cash,Weekly,52,0,Medium,Growing,High,0.6705,Platinum,High_Value_Organic,25-34,0,1,1,0.698,Loyal,0.4356,Developing
2771,50,Female,Boots,Footwear,44,Nebraska,S,Blue,Fall,3.3,0,Express,0,0,22,Bank Transfer,Quarterly,4,0,Medium,Growing,Low,0.255,Silver,Low_Value_Organic,45-54,1,0,1,0.395,Developing,0.337,Transactional
2772,58,Female,Jacket,Outerwear,52,Maryland,S,Beige,Summer,3.1,0,2-Day Shipping,0,0,12,Bank Transfer,Fortnightly,26,0,Medium,Growing,Medium,0.3659,Silver,Low_Value_Organic,55-64,1,0,1,0.4859,Developing,0.334,Transactional
2773,18,Female,Backpack,Accessories,94,Pennsylvania,L,Blue,Spring,3.5,0,Store Pickup,0,0,10,Bank Transfer,Quarterly,4,0,Medium,Growing,High,0.282,Silver,Low_Value_Organic,18-24,0,0,1,0.297,Transactional,0.5213,Loyal
2774,39,Female,Pants,Clothing,98,Arizona,S,Maroon,Spring,4.6,0,Express,0,0,45,Bank Transfer,Quarterly,4,0,High,Veteran,High,0.5777,Gold,High_Value_Organic,35-44,1,1,0,0.5827,Loyal,0.6878,Loyal
2775,56,Female,Boots,Footwear,40,Oklahoma,L,Yellow,Fall,4.1,0,Standard,0,0,42,Credit Card,Quarterly,4,0,High,Veteran,Low,0.4082,Silver,Low_Value_Organic,55-64,0,0,0,0.5582,Loyal,0.4365,Developing
2776,37,Female,Socks,Clothing,25,Montana,L,Red,Fall,3.6,0,Free Shipping,0,0,16,Debit Card,Weekly,52,0,Medium,Growing,Low,0.5349,Gold,High_Value_Organic,35-44,0,1,1,0.7224,Loyal,0.3196,Transactional
2777,46,Female,Scarf,Accessories,62,Wyoming,L,Green,Fall,2.9,0,Free Shipping,0,0,6,Bank Transfer,Annually,1,0,Low,New,Medium,0.1458,Bronze,Low_Value_Organic,45-54,0,0,2,0.2408,Transactional,0.3372,Transactional
2778,52,Female,Blouse,Clothing,24,Idaho,M,Magenta,Fall,4.8,0,Standard,0,0,28,Credit Card,Quarterly,4,0,High,Established,Low,0.2539,Silver,Low_Value_Organic,45-54,0,0,0,0.4439,Developing,0.4845,Developing
2779,70,Female,Belt,Accessories,57,Pennsylvania,L,Yellow,Spring,3.2,0,Standard,0,0,24,Credit Card,Fortnightly,26,0,Medium,Growing,Medium,0.4763,Gold,High_Value_Organic,65+,0,1,1,0.5838,Loyal,0.3636,Transactional
2780,61,Female,Sunglasses,Accessories,66,Montana,L,Blue,Winter,4.3,0,Express,0,0,14,Credit Card,Fortnightly,26,0,High,Growing,Medium,0.4172,Silver,Low_Value_Organic,55-64,1,0,0,0.5022,Developing,0.5458,Loyal
2781,33,Female,Boots,Footwear,70,Ohio,M,Charcoal,Winter,4.1,0,Next Day Air,0,0,29,PayPal,Fortnightly,26,0,High,Established,Medium,0.5496,Gold,High_Value_Organic,25-34,1,1,0,0.6246,Loyal,0.5302,Loyal
2782,65,Female,Sandals,Footwear,39,Mississippi,M,Blue,Spring,4.6,0,Standard,0,0,33,PayPal,Weekly,52,0,High,Established,Low,0.7087,Platinum,High_Value_Organic,65+,0,1,0,0.8612,Loyal,0.5034,Developing
2783,41,Female,Gloves,Accessories,34,Idaho,S,Cyan,Spring,3.8,0,Free Shipping,0,0,30,PayPal,Annually,1,0,Medium,Established,Low,0.2717,Silver,Low_Value_Organic,35-44,0,0,1,0.4367,Developing,0.3758,Transactional
2784,19,Female,Skirt,Clothing,38,Virginia,M,Silver,Spring,4.5,0,Next Day Air,0,0,26,Credit Card,Quarterly,4,0,High,Established,Low,0.2726,Silver,Low_Value_Organic,18-24,1,0,0,0.4276,Developing,0.4862,Developing
2785,33,Female,Skirt,Clothing,70,Idaho,M,Black,Winter,3.1,0,Express,0,0,12,PayPal,Quarterly,4,0,Medium,Growing,Medium,0.2383,Bronze,Low_Value_Organic,25-34,1,0,1,0.3133,Transactional,0.3903,Developing
2786,53,Female,Blouse,Clothing,80,Louisiana,S,Green,Summer,2.9,0,Next Day Air,0,0,13,Bank Transfer,Monthly,12,0,Low,Growing,High,0.3342,Silver,Low_Value_Organic,45-54,1,0,2,0.3842,Developing,0.3935,Developing
2787,54,Female,Handbag,Accessories,51,Colorado,M,Violet,Spring,3.8,0,Next Day Air,0,0,41,Debit Card,Quarterly,4,0,Medium,Veteran,Medium,0.4276,Silver,Low_Value_Organic,45-54,1,0,1,0.5501,Loyal,0.4289,Developing
2788,36,Female,Boots,Footwear,79,West Virginia,XL,Pink,Spring,4.1,0,Next Day Air,0,0,4,Venmo,Fortnightly,26,0,High,New,High,0.3681,Silver,Low_Value_Organic,35-44,1,0,0,0.4206,Developing,0.5584,Loyal
2789,56,Female,Boots,Footwear,92,Rhode Island,M,Olive,Summer,3.1,0,Free Shipping,0,0,2,Credit Card,Annually,1,0,Medium,New,High,0.1882,Bronze,Low_Value_Organic,55-64,0,0,1,0.2082,Transactional,0.459,Developing
2790,28,Female,Sweater,Clothing,85,North Carolina,L,Orange,Fall,5.0,0,Express,0,0,28,Credit Card,Fortnightly,26,0,High,Established,High,0.579,Gold,High_Value_Organic,25-34,1,1,0,0.6165,Loyal,0.7031,Loyal
2791,34,Female,Socks,Clothing,63,Maine,M,Black,Spring,4.5,0,Free Shipping,0,0,24,Debit Card,Annually,1,0,High,Growing,Medium,0.2953,Silver,Low_Value_Organic,25-34,0,0,0,0.3878,Developing,0.5644,Loyal
2792,43,Female,Gloves,Accessories,60,Iowa,M,Yellow,Fall,2.8,0,Express,0,0,14,Venmo,Fortnightly,26,0,Low,Growing,Medium,0.4022,Silver,Low_Value_Organic,35-44,1,0,2,0.5022,Developing,0.317,Transactional
2793,54,Female,Shorts,Clothing,44,Kentucky,L,Violet,Winter,3.2,0,Express,0,0,11,Credit Card,Weekly,52,0,Medium,Growing,Low,0.5416,Gold,High_Value_Organic,45-54,1,1,1,0.6816,Loyal,0.323,Transactional
2794,37,Female,Boots,Footwear,57,Massachusetts,M,Silver,Spring,3.1,0,Standard,0,0,27,Debit Card,Fortnightly,26,0,Medium,Established,Medium,0.5008,Gold,High_Value_Organic,35-44,0,1,1,0.6083,Loyal,0.3496,Transactional
2795,33,Female,Jacket,Outerwear,24,New York,M,Gold,Fall,3.3,0,Standard,0,0,7,Cash,Fortnightly,26,0,Medium,New,Low,0.2551,Silver,Low_Value_Organic,25-34,0,0,1,0.4451,Developing,0.2745,Transactional
2796,33,Female,Scarf,Accessories,35,Nebraska,M,Magenta,Winter,3.4,0,Store Pickup,0,0,49,PayPal,Annually,1,0,Medium,Veteran,Low,0.4293,Silver,Low_Value_Organic,25-34,0,0,1,0.5918,Loyal,0.3229,Transactional
2797,55,Female,Jacket,Outerwear,73,Oklahoma,M,Red,Winter,3.8,0,Store Pickup,0,0,21,Cash,Annually,1,0,Medium,Growing,High,0.2958,Silver,Low_Value_Organic,55-64,0,0,1,0.3633,Developing,0.4976,Developing
2798,63,Female,Jewelry,Accessories,42,Oklahoma,M,Green,Winter,3.5,0,Express,0,0,10,Venmo,Quarterly,4,0,Medium,Growing,Low,0.152,Bronze,Low_Value_Organic,55-64,1,0,1,0.297,Transactional,0.3588,Transactional
2799,52,Female,Hoodie,Clothing,20,Rhode Island,XL,Red,Winter,4.8,0,Store Pickup,0,0,37,PayPal,Weekly,52,0,High,Established,Low,0.6939,Platinum,High_Value_Organic,45-54,0,1,0,0.8939,Loyal,0.472,Developing
2800,23,Female,T-shirt,Clothing,89,Maine,L,Pink,Spring,3.9,0,Free Shipping,0,0,9,Bank Transfer,Quarterly,4,0,Medium,New,High,0.2613,Silver,Low_Value_Organic,18-24,0,0,1,0.2888,Transactional,0.5616,Loyal
2801,70,Female,Shirt,Clothing,76,Arkansas,L,Violet,Fall,3.4,0,Free Shipping,0,0,14,Cash,Fortnightly,26,0,Medium,Growing,High,0.4422,Silver,Low_Value_Organic,65+,0,0,1,0.5022,Developing,0.451,Developing
2802,64,Female,Shirt,Clothing,56,New Mexico,M,Indigo,Winter,2.6,0,Express,0,0,30,PayPal,Annually,1,0,Low,Established,Medium,0.3267,Silver,Low_Value_Organic,55-64,1,0,2,0.4367,Developing,0.2765,Transactional
2803,22,Female,Coat,Outerwear,100,Hawaii,L,Red,Fall,3.1,0,Store Pickup,0,0,42,Credit Card,Fortnightly,26,0,Medium,Veteran,High,0.7308,Platinum,High_Value_Organic,18-24,0,1,1,0.7308,Loyal,0.484,Developing
2804,46,Female,T-shirt,Clothing,44,Idaho,M,Violet,Winter,3.3,0,Free Shipping,0,0,31,Bank Transfer,Monthly,12,0,Medium,Established,Low,0.3912,Silver,Low_Value_Organic,45-54,0,0,1,0.5312,Loyal,0.337,Transactional
2805,65,Female,Hoodie,Clothing,76,South Carolina,M,Cyan,Spring,2.8,0,Standard,0,0,48,Bank Transfer,Quarterly,4,0,Low,Veteran,High,0.5472,Gold,High_Value_Organic,65+,0,1,2,0.6072,Loyal,0.367,Transactional
2806,18,Female,Sunglasses,Accessories,97,Nevada,S,Black,Fall,4.3,0,Standard,0,0,48,Cash,Quarterly,4,0,High,Veteran,High,0.5997,Gold,High_Value_Organic,18-24,0,1,0,0.6072,Loyal,0.6426,Loyal
2807,45,Female,Blouse,Clothing,39,South Carolina,L,Purple,Spring,2.7,0,Standard,0,0,50,Credit Card,Annually,1,0,Low,Veteran,Low,0.4475,Silver,Low_Value_Organic,45-54,0,0,2,0.6,Loyal,0.2374,Transactional
2808,56,Female,Hoodie,Clothing,100,Maryland,M,Charcoal,Spring,4.4,0,2-Day Shipping,0,0,10,Debit Card,Fortnightly,26,0,High,Growing,High,0.4695,Gold,High_Value_Organic,55-64,1,1,0,0.4695,Developing,0.666,Loyal
2809,49,Female,Skirt,Clothing,62,Tennessee,M,Beige,Spring,3.9,0,Free Shipping,0,0,45,PayPal,Quarterly,4,0,Medium,Veteran,Medium,0.4877,Gold,High_Value_Organic,45-54,0,1,1,0.5827,Loyal,0.4773,Developing
2810,66,Female,Shorts,Clothing,98,Arkansas,XL,Teal,Summer,3.0,0,Standard,0,0,27,Debit Card,Quarterly,4,0,Medium,Established,High,0.4308,Silver,Low_Value_Organic,65+,0,0,1,0.4358,Developing,0.4638,Developing
2811,27,Female,Jeans,Clothing,31,Arizona,M,Purple,Summer,4.0,0,Standard,0,0,10,Debit Card,Fortnightly,26,0,High,Growing,Low,0.297,Silver,Low_Value_Organic,25-34,0,0,0,0.4695,Developing,0.3944,Developing
2812,69,Female,Jacket,Outerwear,89,Ohio,M,Blue,Fall,3.7,0,Store Pickup,0,0,19,Credit Card,Quarterly,4,0,Medium,Growing,High,0.343,Silver,Low_Value_Organic,65+,0,0,1,0.3705,Developing,0.5336,Loyal
2813,66,Female,Hoodie,Clothing,91,North Dakota,XL,Magenta,Fall,3.8,0,Store Pickup,0,0,1,Credit Card,Quarterly,4,0,Medium,New,High,0.201,Bronze,Low_Value_Organic,65+,0,0,1,0.2235,Transactional,0.5539,Loyal
2814,45,Female,Shirt,Clothing,50,Vermont,S,Maroon,Summer,3.3,0,2-Day Shipping,0,0,39,Debit Card,Quarterly,4,0,Medium,Established,Medium,0.4087,Silver,Low_Value_Organic,45-54,1,0,1,0.5337,Loyal,0.3558,Transactional
2815,31,Female,T-shirt,Clothing,32,Minnesota,L,Gold,Winter,3.6,0,Standard,0,0,14,Bank Transfer,Monthly,12,0,Medium,Growing,Low,0.2224,Bronze,Low_Value_Organic,25-34,0,0,1,0.3924,Developing,0.3415,Transactional
2816,33,Female,Blouse,Clothing,67,Idaho,L,Black,Fall,3.9,0,Free Shipping,0,0,40,Venmo,Quarterly,4,0,Medium,Veteran,Medium,0.4594,Gold,High_Value_Organic,25-34,0,1,1,0.5419,Loyal,0.4929,Developing
2817,43,Female,Skirt,Clothing,28,Maryland,M,Black,Spring,3.5,0,Free Shipping,0,0,45,Venmo,Weekly,52,0,Medium,Veteran,Low,0.7792,Platinum,High_Value_Organic,35-44,0,1,1,0.9592,Loyal,0.315,Transactional
2818,25,Female,Backpack,Accessories,65,South Carolina,XL,Yellow,Winter,3.4,0,Standard,0,0,6,Venmo,Weekly,52,0,Medium,New,Medium,0.5533,Gold,High_Value_Organic,25-34,0,1,1,0.6408,Loyal,0.4166,Developing
2819,46,Female,Shorts,Clothing,73,California,M,Turquoise,Fall,4.7,0,Next Day Air,0,0,12,Debit Card,Annually,1,0,High,Growing,High,0.2223,Bronze,Low_Value_Organic,45-54,1,0,0,0.2898,Transactional,0.6236,Loyal
2820,67,Female,Shirt,Clothing,27,Georgia,L,Lavender,Spring,3.0,0,Free Shipping,0,0,19,Cash,Monthly,12,0,Medium,Growing,Low,0.2507,Silver,Low_Value_Organic,65+,0,0,1,0.4332,Developing,0.2419,Transactional
2821,26,Female,Backpack,Accessories,89,Vermont,L,Yellow,Summer,3.9,0,Free Shipping,0,0,5,Cash,Fortnightly,26,0,Medium,New,High,0.4012,Silver,Low_Value_Organic,25-34,0,0,1,0.4287,Developing,0.5616,Loyal
2822,35,Female,Shoes,Footwear,72,Georgia,L,Olive,Summer,4.5,0,Standard,0,0,37,Venmo,Monthly,12,0,High,Established,Medium,0.5102,Gold,High_Value_Organic,35-44,0,1,0,0.5802,Loyal,0.5925,Loyal
2823,61,Female,Skirt,Clothing,37,New Jersey,S,Brown,Fall,4.1,0,Standard,0,0,33,PayPal,Quarterly,4,0,High,Established,Low,0.3273,Silver,Low_Value_Organic,55-64,0,0,0,0.4848,Developing,0.4271,Developing
2824,26,Female,Dress,Clothing,63,Utah,M,Olive,Summer,4.5,0,Standard,0,0,47,Debit Card,Fortnightly,26,0,High,Veteran,Medium,0.6791,Platinum,High_Value_Organic,25-34,0,1,0,0.7716,Loyal,0.5644,Loyal
2825,39,Female,Hat,Accessories,90,Utah,M,Purple,Fall,4.0,0,Free Shipping,0,0,49,Debit Card,Quarterly,4,0,High,Veteran,High,0.5904,Gold,High_Value_Organic,35-44,0,1,0,0.6154,Loyal,0.5788,Loyal
2826,69,Female,Handbag,Accessories,62,North Carolina,M,Yellow,Winter,4.3,0,2-Day Shipping,0,0,28,Bank Transfer,Annually,1,0,High,Established,Medium,0.3254,Silver,Low_Value_Organic,65+,1,0,0,0.4204,Developing,0.5332,Loyal
2827,32,Female,Handbag,Accessories,43,Florida,L,Brown,Fall,3.6,0,Express,0,0,23,Venmo,Annually,1,0,Medium,Growing,Low,0.2371,Bronze,Low_Value_Organic,25-34,1,0,1,0.3796,Developing,0.3759,Transactional
2828,20,Female,Blouse,Clothing,96,Wisconsin,M,Magenta,Fall,3.1,0,Next Day Air,0,0,11,Bank Transfer,Fortnightly,26,0,Medium,Growing,High,0.4677,Gold,High_Value_Organic,18-24,1,1,1,0.4777,Developing,0.4715,Developing
2829,25,Female,Scarf,Accessories,83,Tennessee,L,Lavender,Fall,2.6,0,Standard,0,0,33,PayPal,Quarterly,4,0,Low,Established,High,0.4423,Silver,Low_Value_Organic,25-34,0,0,2,0.4848,Developing,0.3609,Transactional
2830,56,Female,Jewelry,Accessories,67,Arizona,XL,Teal,Fall,3.4,0,Next Day Air,0,0,47,Cash,Weekly,52,0,Medium,Veteran,Medium,0.893,Platinum,High_Value_Organic,55-64,1,1,1,0.9755,Loyal,0.4229,Developing
2831,63,Female,Skirt,Clothing,90,Oregon,L,Cyan,Spring,2.9,0,Store Pickup,0,0,13,Venmo,Quarterly,4,0,Low,Growing,High,0.2965,Silver,Low_Value_Organic,55-64,0,0,2,0.3215,Transactional,0.4248,Developing
2832,34,Female,Hoodie,Clothing,53,Virginia,L,Pink,Winter,5.0,0,Express,0,0,4,Credit Card,Weekly,52,0,High,New,Medium,0.507,Gold,High_Value_Organic,25-34,1,1,0,0.6245,Loyal,0.6031,Loyal
2833,29,Female,Scarf,Accessories,37,Maryland,M,Magenta,Summer,4.6,0,Standard,0,0,40,PayPal,Quarterly,4,0,High,Veteran,Low,0.3844,Silver,Low_Value_Organic,25-34,0,0,0,0.5419,Loyal,0.4971,Developing
2834,43,Female,Jeans,Clothing,56,Arkansas,M,Teal,Fall,3.3,0,Free Shipping,0,0,19,Cash,Monthly,12,0,Medium,Growing,Medium,0.3232,Silver,Low_Value_Organic,35-44,0,0,1,0.4332,Developing,0.3745,Transactional
2835,39,Female,Jacket,Outerwear,43,Texas,M,Indigo,Fall,2.9,0,2-Day Shipping,0,0,17,Credit Card,Weekly,52,0,Low,Growing,Low,0.5881,Gold,High_Value_Organic,35-44,1,1,2,0.7306,Loyal,0.2779,Transactional
2836,33,Female,T-shirt,Clothing,84,Vermont,S,Pink,Winter,4.9,0,Free Shipping,0,0,7,Venmo,Annually,1,0,High,New,High,0.209,Bronze,Low_Value_Organic,25-34,0,0,0,0.249,Transactional,0.686,Loyal
2837,51,Female,Pants,Clothing,50,Wyoming,M,Charcoal,Winter,5.0,0,2-Day Shipping,0,0,21,Cash,Fortnightly,26,0,High,Growing,Medium,0.4343,Silver,Low_Value_Organic,45-54,1,0,0,0.5593,Loyal,0.5938,Loyal
2838,65,Female,Shoes,Footwear,88,Alabama,M,Brown,Summer,4.5,0,Express,0,0,44,PayPal,Weekly,52,0,High,Veteran,High,0.921,Platinum,High_Value_Organic,65+,1,1,0,0.951,Loyal,0.6425,Loyal
2839,51,Female,Jacket,Outerwear,50,Maine,M,Blue,Fall,3.7,0,Free Shipping,0,0,2,Bank Transfer,Weekly,52,0,Medium,New,Medium,0.4832,Gold,High_Value_Organic,45-54,0,1,1,0.6082,Loyal,0.4118,Developing
2840,70,Female,Scarf,Accessories,80,South Dakota,L,Teal,Summer,2.8,0,Store Pickup,0,0,30,Bank Transfer,Monthly,12,0,Low,Established,High,0.473,Gold,High_Value_Organic,65+,0,1,2,0.523,Developing,0.3795,Transactional
2841,40,Female,T-shirt,Clothing,47,West Virginia,L,Pink,Spring,3.5,0,Store Pickup,0,0,41,Cash,Annually,1,0,Medium,Veteran,Medium,0.394,Silver,Low_Value_Organic,35-44,0,0,1,0.5265,Loyal,0.3744,Transactional
2842,19,Female,Dress,Clothing,33,Ohio,XL,Magenta,Winter,3.0,0,2-Day Shipping,0,0,31,Cash,Weekly,52,0,Medium,Established,Low,0.6774,Platinum,High_Value_Organic,18-24,1,1,1,0.8449,Loyal,0.2606,Transactional
2843,28,Female,Coat,Outerwear,100,Arizona,L,Green,Fall,4.3,0,Standard,0,0,48,Debit Card,Quarterly,4,0,High,Veteran,High,0.6072,Gold,High_Value_Organic,25-34,0,1,0,0.6072,Loyal,0.652,Loyal
2844,51,Female,Sweater,Clothing,26,Ohio,M,White,Summer,3.6,0,Store Pickup,0,0,41,Venmo,Weekly,52,0,Medium,Veteran,Low,0.7415,Platinum,High_Value_Organic,45-54,0,1,1,0.9265,Loyal,0.3228,Transactional
2845,32,Female,Hat,Accessories,79,New Mexico,M,Indigo,Summer,4.4,0,Standard,0,0,42,Venmo,Annually,1,0,High,Veteran,High,0.4822,Gold,High_Value_Organic,25-34,0,1,0,0.5347,Loyal,0.6004,Loyal
2846,26,Female,Backpack,Accessories,77,South Dakota,L,Lavender,Summer,4.1,0,Express,0,0,39,Debit Card,Quarterly,4,0,High,Established,High,0.4762,Gold,High_Value_Organic,25-34,1,1,0,0.5337,Loyal,0.5521,Loyal
2847,50,Female,Socks,Clothing,36,Oklahoma,XL,Black,Fall,2.8,0,Next Day Air,0,0,15,PayPal,Fortnightly,26,0,Low,Growing,Low,0.3504,Silver,Low_Value_Organic,45-54,1,0,2,0.5104,Developing,0.242,Transactional
2848,68,Female,Jewelry,Accessories,21,Connecticut,L,Charcoal,Winter,2.8,0,Free Shipping,0,0,3,PayPal,Quarterly,4,0,Low,New,Low,0.0424,Bronze,Low_Value_Organic,65+,0,0,2,0.2399,Transactional,0.1951,Transactional
2849,33,Female,Boots,Footwear,72,Wisconsin,L,Gray,Fall,4.9,0,Store Pickup,0,0,28,Bank Transfer,Quarterly,4,0,High,Established,Medium,0.3739,Silver,Low_Value_Organic,25-34,0,0,0,0.4439,Developing,0.6485,Loyal
2850,56,Female,Coat,Outerwear,25,New Hampshire,M,Gold,Spring,4.1,0,Express,0,0,27,PayPal,Fortnightly,26,0,High,Established,Low,0.4208,Silver,Low_Value_Organic,55-64,1,0,0,0.6083,Loyal,0.3896,Developing
2851,57,Female,Sweater,Clothing,79,Nebraska,M,Silver,Spring,3.0,0,Store Pickup,0,0,36,Debit Card,Annually,1,0,Medium,Established,High,0.4332,Silver,Low_Value_Organic,55-64,0,0,1,0.4857,Developing,0.4044,Developing
2852,58,Female,Blouse,Clothing,73,Nevada,L,Teal,Summer,3.0,0,Store Pickup,0,0,42,Debit Card,Monthly,12,0,Medium,Veteran,High,0.5535,Gold,High_Value_Organic,55-64,0,1,1,0.621,Loyal,0.3856,Transactional
2853,40,Female,Belt,Accessories,71,New York,M,Magenta,Spring,3.0,0,Store Pickup,0,0,30,Venmo,Weekly,52,0,Medium,Established,Medium,0.7642,Platinum,High_Value_Organic,35-44,0,1,1,0.8367,Loyal,0.3794,Transactional
2854,37,Female,Hat,Accessories,48,Pennsylvania,M,Magenta,Winter,3.2,0,Next Day Air,0,0,9,PayPal,Weekly,52,0,Medium,New,Medium,0.5353,Gold,High_Value_Organic,35-44,1,1,1,0.6653,Loyal,0.3355,Transactional
2855,36,Female,Sandals,Footwear,28,Delaware,M,Beige,Fall,2.7,0,Store Pickup,0,0,25,Venmo,Monthly,12,0,Low,Established,Low,0.3022,Silver,Low_Value_Organic,35-44,0,0,2,0.4822,Developing,0.203,Transactional
2856,29,Female,Boots,Footwear,95,Mississippi,S,Maroon,Winter,3.8,0,2-Day Shipping,0,0,33,PayPal,Quarterly,4,0,Medium,Established,High,0.4723,Gold,High_Value_Organic,25-34,1,1,1,0.4848,Developing,0.5664,Loyal
2857,65,Female,Jacket,Outerwear,48,Iowa,M,Indigo,Winter,3.5,0,2-Day Shipping,0,0,31,Credit Card,Monthly,12,0,Medium,Established,Medium,0.4012,Silver,Low_Value_Organic,65+,1,0,1,0.5312,Loyal,0.3775,Transactional
2858,44,Female,Dress,Clothing,93,Utah,S,Maroon,Spring,3.8,0,Next Day Air,0,0,35,Debit Card,Monthly,12,0,Medium,Established,High,0.5463,Gold,High_Value_Organic,35-44,1,1,1,0.5638,Loyal,0.5601,Loyal
2859,34,Female,Jeans,Clothing,87,Maryland,L,Teal,Summer,3.8,0,2-Day Shipping,0,0,46,Bank Transfer,Monthly,12,0,Medium,Veteran,High,0.6211,Gold,High_Value_Organic,25-34,1,1,1,0.6536,Loyal,0.5414,Loyal
2860,31,Female,Shorts,Clothing,32,Utah,L,Yellow,Fall,3.4,0,Express,0,0,29,Bank Transfer,Annually,1,0,Medium,Established,Low,0.2586,Silver,Low_Value_Organic,25-34,1,0,1,0.4286,Developing,0.3135,Transactional
2861,28,Female,Shirt,Clothing,38,Rhode Island,M,Gold,Spring,2.9,0,Next Day Air,0,0,49,Bank Transfer,Weekly,52,0,Low,Veteran,Low,0.8368,Platinum,High_Value_Organic,25-34,1,1,2,0.9918,Loyal,0.2622,Transactional
2862,66,Female,Coat,Outerwear,54,Maryland,M,Teal,Fall,3.4,0,Free Shipping,0,0,27,Credit Card,Monthly,12,0,Medium,Established,Medium,0.3835,Silver,Low_Value_Organic,65+,0,0,1,0.4985,Developing,0.3823,Transactional
2863,68,Female,Coat,Outerwear,75,Hawaii,S,Violet,Summer,4.7,0,Store Pickup,0,0,5,Bank Transfer,Quarterly,4,0,High,New,High,0.1937,Bronze,Low_Value_Organic,65+,0,0,0,0.2562,Transactional,0.6299,Loyal
2864,37,Female,T-shirt,Clothing,56,Connecticut,M,Yellow,Fall,3.9,0,2-Day Shipping,0,0,18,Venmo,Monthly,12,0,Medium,Growing,Medium,0.3151,Silver,Low_Value_Organic,35-44,1,0,1,0.4251,Developing,0.4585,Developing
2865,58,Female,Sweater,Clothing,43,Illinois,S,Maroon,Fall,3.6,0,Store Pickup,0,0,31,Venmo,Weekly,52,0,Medium,Established,Low,0.7024,Platinum,High_Value_Organic,55-64,0,1,1,0.8449,Loyal,0.3759,Transactional
2866,28,Female,Skirt,Clothing,97,California,M,Silver,Fall,3.7,0,Free Shipping,0,0,27,Cash,Fortnightly,26,0,Medium,Established,High,0.6008,Gold,High_Value_Organic,25-34,0,1,1,0.6083,Loyal,0.5586,Loyal
2867,54,Female,Blouse,Clothing,75,Connecticut,S,Violet,Summer,3.1,0,Free Shipping,0,0,19,Cash,Annually,1,0,Medium,Growing,High,0.2844,Silver,Low_Value_Organic,45-54,0,0,1,0.3469,Developing,0.4059,Developing
2868,21,Female,Sneakers,Footwear,55,Colorado,L,White,Summer,4.9,0,Next Day Air,0,0,33,Cash,Fortnightly,26,0,High,Established,Medium,0.5448,Gold,High_Value_Organic,18-24,1,1,0,0.6573,Loyal,0.5954,Loyal
2869,45,Female,Backpack,Accessories,49,Colorado,M,Black,Winter,2.6,0,Next Day Air,0,0,42,PayPal,Quarterly,4,0,Low,Veteran,Medium,0.4307,Silver,Low_Value_Organic,45-54,1,0,2,0.5582,Loyal,0.2546,Transactional
2870,57,Female,Socks,Clothing,58,Georgia,M,White,Summer,4.2,0,Standard,0,0,16,Bank Transfer,Weekly,52,0,High,Growing,Medium,0.6174,Gold,High_Value_Organic,55-64,0,1,0,0.7224,Loyal,0.5068,Developing
2871,47,Female,Jewelry,Accessories,34,North Dakota,M,Blue,Winter,4.8,0,Free Shipping,0,0,49,Debit Card,Quarterly,4,0,High,Veteran,Low,0.4504,Gold,High_Value_Organic,45-54,0,1,0,0.6154,Loyal,0.5157,Developing
2872,46,Female,Shorts,Clothing,43,Idaho,S,Black,Summer,2.7,0,2-Day Shipping,0,0,40,Venmo,Fortnightly,26,0,Low,Veteran,Low,0.5719,Gold,High_Value_Organic,45-54,1,1,2,0.7144,Loyal,0.2499,Transactional
2873,63,Female,Jewelry,Accessories,48,Connecticut,L,Olive,Fall,2.6,0,Next Day Air,0,0,5,Cash,Annually,1,0,Low,New,Medium,0.1027,Bronze,Low_Value_Organic,55-64,1,0,2,0.2327,Transactional,0.2515,Transactional
2874,44,Female,Sweater,Clothing,40,Montana,M,Teal,Spring,2.6,0,Free Shipping,0,0,8,Bank Transfer,Monthly,12,0,Low,New,Low,0.1934,Bronze,Low_Value_Organic,35-44,0,0,2,0.3434,Transactional,0.2265,Transactional
2875,36,Female,Shirt,Clothing,29,Colorado,L,Silver,Summer,3.1,0,Standard,0,0,2,Debit Card,Annually,1,0,Medium,New,Low,0.0307,Bronze,Low_Value_Organic,35-44,0,0,1,0.2082,Transactional,0.2621,Transactional
2876,24,Female,Pants,Clothing,81,Kentucky,M,Pink,Fall,2.6,0,Free Shipping,0,0,14,Debit Card,Weekly,52,0,Low,Growing,High,0.6586,Platinum,High_Value_Organic,18-24,0,1,2,0.7061,Loyal,0.3546,Transactional
2877,65,Female,Hoodie,Clothing,84,New Mexico,M,Charcoal,Spring,3.4,0,2-Day Shipping,0,0,5,Bank Transfer,Fortnightly,26,0,Medium,New,High,0.3887,Silver,Low_Value_Organic,65+,1,0,1,0.4287,Developing,0.476,Developing
2878,32,Female,Socks,Clothing,46,New Jersey,M,Silver,Summer,3.6,0,Standard,0,0,34,Venmo,Monthly,12,0,Medium,Established,Medium,0.4207,Silver,Low_Value_Organic,25-34,0,0,1,0.5557,Loyal,0.3853,Transactional
2879,63,Female,Dress,Clothing,86,California,L,Turquoise,Summer,4.3,0,Next Day Air,0,0,13,Bank Transfer,Annually,1,0,High,Growing,High,0.263,Silver,Low_Value_Organic,55-64,1,0,0,0.298,Transactional,0.6082,Loyal
2880,62,Female,Blouse,Clothing,57,North Dakota,XL,Turquoise,Winter,4.9,0,Free Shipping,0,0,31,Venmo,Annually,1,0,High,Established,Medium,0.3374,Silver,Low_Value_Organic,55-64,0,0,0,0.4449,Developing,0.6016,Loyal
2881,19,Female,Skirt,Clothing,61,Florida,L,Beige,Winter,4.8,0,Store Pickup,0,0,43,PayPal,Quarterly,4,0,High,Veteran,Medium,0.4689,Gold,High_Value_Organic,18-24,0,1,0,0.5664,Loyal,0.6001,Loyal
2882,38,Female,Backpack,Accessories,90,Texas,M,Cyan,Winter,4.2,0,Free Shipping,0,0,6,Bank Transfer,Annually,1,0,High,New,High,0.2158,Bronze,Low_Value_Organic,35-44,0,0,0,0.2408,Transactional,0.6068,Loyal
2883,59,Female,Blouse,Clothing,51,Oklahoma,L,Gold,Winter,2.6,0,Store Pickup,0,0,23,Credit Card,Fortnightly,26,0,Low,Growing,Medium,0.4532,Gold,High_Value_Organic,55-64,0,1,2,0.5757,Loyal,0.2609,Transactional
2884,22,Female,Socks,Clothing,48,Rhode Island,XL,Silver,Spring,3.2,0,Standard,0,0,10,PayPal,Weekly,52,0,Medium,Growing,Medium,0.5435,Gold,High_Value_Organic,18-24,0,1,1,0.6735,Loyal,0.3355,Transactional
2885,55,Female,Boots,Footwear,50,Arkansas,M,Purple,Summer,3.4,0,2-Day Shipping,0,0,47,Credit Card,Quarterly,4,0,Medium,Veteran,Medium,0.474,Gold,High_Value_Organic,55-64,1,1,1,0.599,Loyal,0.3698,Transactional
2886,29,Female,Backpack,Accessories,82,Nevada,M,Yellow,Summer,3.5,0,Next Day Air,0,0,14,Credit Card,Fortnightly,26,0,Medium,Growing,High,0.4572,Gold,High_Value_Organic,25-34,1,1,1,0.5022,Developing,0.4838,Developing
2887,42,Female,Hat,Accessories,33,Utah,L,Blue,Spring,4.2,0,Free Shipping,0,0,29,PayPal,Weekly,52,0,High,Established,Low,0.6611,Platinum,High_Value_Organic,35-44,0,1,0,0.8286,Loyal,0.4286,Developing
2888,23,Female,Sandals,Footwear,28,Kentucky,L,Blue,Winter,2.8,0,Express,0,0,12,Cash,Fortnightly,26,0,Low,Growing,Low,0.3059,Silver,Low_Value_Organic,18-24,1,0,2,0.4859,Developing,0.217,Transactional
2889,70,Female,Hoodie,Clothing,42,Wisconsin,L,Green,Spring,5.0,0,2-Day Shipping,0,0,25,Debit Card,Quarterly,4,0,High,Established,Low,0.2744,Silver,Low_Value_Organic,65+,1,0,0,0.4194,Developing,0.5688,Loyal
2890,64,Female,Sunglasses,Accessories,43,Minnesota,M,Charcoal,Fall,3.3,0,Store Pickup,0,0,21,Venmo,Annually,1,0,Medium,Growing,Low,0.2208,Bronze,Low_Value_Organic,55-64,0,0,1,0.3633,Developing,0.3339,Transactional
2891,39,Female,Jeans,Clothing,55,North Dakota,M,Violet,Winter,3.7,0,Free Shipping,0,0,23,Credit Card,Monthly,12,0,Medium,Growing,Medium,0.3534,Silver,Low_Value_Organic,35-44,0,0,1,0.4659,Developing,0.4274,Developing
2892,47,Female,T-shirt,Clothing,73,Ohio,XL,Black,Winter,2.5,0,Free Shipping,0,0,10,PayPal,Monthly,12,0,Low,Growing,High,0.2922,Silver,Low_Value_Organic,45-54,0,0,2,0.3597,Developing,0.3156,Transactional
2893,22,Female,Dress,Clothing,39,Nevada,M,Teal,Spring,3.2,0,Standard,0,0,47,Credit Card,Monthly,12,0,Medium,Veteran,Low,0.5093,Gold,High_Value_Organic,18-24,0,1,1,0.6618,Loyal,0.3074,Transactional
2894,69,Female,Belt,Accessories,20,Kentucky,S,Orange,Spring,3.1,0,Free Shipping,0,0,44,Debit Card,Quarterly,4,0,Medium,Veteran,Low,0.3745,Silver,Low_Value_Organic,65+,0,0,1,0.5745,Loyal,0.234,Transactional
2895,35,Female,Jewelry,Accessories,32,Kentucky,S,Brown,Spring,3.5,0,Standard,0,0,41,Venmo,Annually,1,0,Medium,Veteran,Low,0.3565,Silver,Low_Value_Organic,35-44,0,0,1,0.5265,Loyal,0.3275,Transactional
2896,56,Female,Hoodie,Clothing,86,Montana,L,Green,Summer,4.6,0,Standard,0,0,29,Bank Transfer,Monthly,12,0,High,Established,High,0.4798,Gold,High_Value_Organic,55-64,0,1,0,0.5148,Developing,0.6502,Loyal
2897,30,Female,Blouse,Clothing,91,Delaware,M,Silver,Summer,3.3,0,Free Shipping,0,0,2,Venmo,Quarterly,4,0,Medium,New,High,0.2092,Bronze,Low_Value_Organic,25-34,0,0,1,0.2317,Transactional,0.4839,Developing
2898,43,Female,Jacket,Outerwear,59,Montana,L,Violet,Fall,2.5,0,Free Shipping,0,0,2,Cash,Fortnightly,26,0,Low,New,Medium,0.3017,Silver,Low_Value_Organic,35-44,0,0,2,0.4042,Developing,0.2719,Transactional
2899,23,Female,Sneakers,Footwear,33,New Jersey,XL,Peach,Summer,4.6,0,Express,0,0,29,Credit Card,Annually,1,0,High,Established,Low,0.2611,Silver,Low_Value_Organic,18-24,1,0,0,0.4286,Developing,0.4846,Developing
2900,50,Female,Boots,Footwear,64,Nebraska,M,Gold,Spring,4.2,0,2-Day Shipping,0,0,22,Bank Transfer,Fortnightly,26,0,High,Growing,Medium,0.4775,Gold,High_Value_Organic,45-54,1,1,0,0.5675,Loyal,0.5255,Loyal
2901,41,Female,Blouse,Clothing,67,Maryland,XL,Violet,Winter,4.0,0,Standard,0,0,23,Cash,Fortnightly,26,0,High,Growing,Medium,0.4932,Gold,High_Value_Organic,35-44,0,1,0,0.5757,Loyal,0.5069,Developing
2902,41,Female,Blouse,Clothing,43,Alabama,L,Olive,Winter,2.6,0,Free Shipping,0,0,46,Credit Card,Quarterly,4,0,Low,Veteran,Low,0.4484,Silver,Low_Value_Organic,35-44,0,0,2,0.5909,Loyal,0.2359,Transactional
2903,27,Female,Boots,Footwear,32,North Carolina,S,Orange,Spring,4.6,0,Standard,0,0,19,PayPal,Fortnightly,26,0,High,Growing,Low,0.373,Silver,Low_Value_Organic,25-34,0,0,0,0.543,Loyal,0.4815,Developing
2904,38,Female,Scarf,Accessories,39,Delaware,S,Teal,Spring,3.5,0,2-Day Shipping,0,0,24,Credit Card,Quarterly,4,0,Medium,Growing,Low,0.2588,Silver,Low_Value_Organic,35-44,1,0,1,0.4113,Developing,0.3494,Transactional
2905,41,Female,Sandals,Footwear,41,Iowa,M,Gray,Spring,4.0,0,2-Day Shipping,0,0,43,Venmo,Monthly,12,0,High,Veteran,Low,0.4816,Gold,High_Value_Organic,35-44,1,1,0,0.6291,Loyal,0.4256,Developing
2906,58,Female,Sunglasses,Accessories,53,New York,L,Black,Winter,4.8,0,Standard,0,0,14,Debit Card,Fortnightly,26,0,High,Growing,Medium,0.3847,Silver,Low_Value_Organic,55-64,0,0,0,0.5022,Developing,0.5751,Loyal
2907,58,Female,Coat,Outerwear,27,Virginia,M,Indigo,Spring,3.9,0,Standard,0,0,7,Venmo,Annually,1,0,Medium,New,Low,0.0665,Bronze,Low_Value_Organic,55-64,0,0,1,0.249,Transactional,0.3679,Transactional
2908,19,Female,Sunglasses,Accessories,82,Maryland,XL,Lavender,Summer,3.7,0,Next Day Air,0,0,50,PayPal,Fortnightly,26,0,Medium,Veteran,High,0.7511,Platinum,High_Value_Organic,18-24,1,1,1,0.7961,Loyal,0.5118,Developing
2909,43,Female,Blouse,Clothing,87,Texas,M,Beige,Winter,3.1,0,Store Pickup,0,0,15,Debit Card,Quarterly,4,0,Medium,Growing,High,0.3053,Silver,Low_Value_Organic,35-44,0,0,1,0.3378,Transactional,0.4434,Developing
2910,27,Female,Backpack,Accessories,78,Louisiana,M,Indigo,Winter,3.0,0,Next Day Air,0,0,40,Credit Card,Quarterly,4,0,Medium,Veteran,High,0.4869,Gold,High_Value_Organic,25-34,1,1,1,0.5419,Loyal,0.4013,Developing
2911,32,Female,Belt,Accessories,32,Mississippi,M,Blue,Summer,2.9,0,Store Pickup,0,0,41,Credit Card,Monthly,12,0,Low,Veteran,Low,0.4428,Silver,Low_Value_Organic,25-34,0,0,2,0.6128,Loyal,0.2435,Transactional
2912,28,Female,Socks,Clothing,38,Ohio,XL,Orange,Fall,2.9,0,Next Day Air,0,0,34,Venmo,Quarterly,4,0,Low,Established,Low,0.3379,Silver,Low_Value_Organic,25-34,1,0,2,0.4929,Developing,0.2622,Transactional
2913,48,Female,Shoes,Footwear,37,Oregon,M,Yellow,Winter,4.0,0,Standard,0,0,27,Cash,Fortnightly,26,0,High,Established,Low,0.4508,Gold,High_Value_Organic,45-54,0,1,0,0.6083,Loyal,0.4131,Developing
2914,43,Female,Coat,Outerwear,83,Wyoming,L,Cyan,Winter,3.5,0,Express,0,0,12,Cash,Quarterly,4,0,Medium,Growing,High,0.2708,Silver,Low_Value_Organic,35-44,1,0,1,0.3133,Transactional,0.4869,Developing
2915,45,Female,Sweater,Clothing,72,Pennsylvania,M,Yellow,Fall,3.8,0,Express,0,0,1,Debit Card,Fortnightly,26,0,Medium,New,Medium,0.3261,Silver,Low_Value_Organic,45-54,1,0,1,0.3961,Developing,0.4945,Developing
2916,26,Female,Shirt,Clothing,30,Oregon,M,Cyan,Fall,4.5,0,Express,0,0,39,Debit Card,Fortnightly,26,0,High,Established,Low,0.5313,Gold,High_Value_Organic,25-34,1,1,0,0.7063,Loyal,0.4612,Developing
2917,62,Female,Shorts,Clothing,66,Oklahoma,M,Green,Winter,2.7,0,Express,0,0,13,Credit Card,Fortnightly,26,0,Low,Growing,Medium,0.409,Silver,Low_Value_Organic,55-64,1,0,2,0.494,Developing,0.3218,Transactional
2918,58,Female,Shirt,Clothing,45,Colorado,XL,White,Winter,2.9,0,Store Pickup,0,0,50,Venmo,Annually,1,0,Low,Veteran,Medium,0.4625,Gold,High_Value_Organic,55-64,0,1,2,0.6,Loyal,0.2841,Transactional
2919,19,Female,Sunglasses,Accessories,73,New York,S,Black,Fall,4.9,0,Free Shipping,0,0,36,Cash,Weekly,52,0,High,Established,High,0.8182,Platinum,High_Value_Organic,18-24,0,1,0,0.8857,Loyal,0.6516,Loyal
2920,64,Female,Shoes,Footwear,67,Minnesota,L,Charcoal,Winter,3.8,0,Standard,0,0,31,Debit Card,Monthly,12,0,Medium,Established,Medium,0.4487,Silver,Low_Value_Organic,55-64,0,0,1,0.5312,Loyal,0.4789,Developing
2921,33,Female,Sunglasses,Accessories,72,Texas,XL,Brown,Spring,4.9,0,Free Shipping,0,0,3,Debit Card,Fortnightly,26,0,High,New,Medium,0.3424,Silver,Low_Value_Organic,25-34,0,0,0,0.4124,Developing,0.6485,Loyal
2922,20,Female,Handbag,Accessories,24,Wisconsin,M,Cyan,Fall,4.6,0,Standard,0,0,11,Cash,Fortnightly,26,0,High,Growing,Low,0.2877,Silver,Low_Value_Organic,18-24,0,0,0,0.4777,Developing,0.4565,Developing
2923,45,Female,Sunglasses,Accessories,68,Kentucky,L,Beige,Winter,3.5,0,Express,0,0,16,PayPal,Quarterly,4,0,Medium,Growing,Medium,0.266,Silver,Low_Value_Organic,45-54,1,0,1,0.346,Developing,0.44,Developing
2924,28,Female,Shirt,Clothing,70,Pennsylvania,M,Magenta,Spring,4.2,0,2-Day Shipping,0,0,12,Cash,Quarterly,4,0,High,Growing,Medium,0.2383,Bronze,Low_Value_Organic,25-34,1,0,0,0.3133,Transactional,0.5442,Loyal
2925,47,Female,Shirt,Clothing,64,Rhode Island,L,Indigo,Winter,3.7,0,Free Shipping,0,0,37,Debit Card,Quarterly,4,0,Medium,Established,Medium,0.4274,Silver,Low_Value_Organic,45-54,0,0,1,0.5174,Developing,0.4555,Developing
2926,54,Female,Sweater,Clothing,91,Illinois,M,Maroon,Spring,2.8,0,Store Pickup,0,0,43,Credit Card,Quarterly,4,0,Low,Veteran,High,0.5439,Gold,High_Value_Organic,45-54,0,1,2,0.5664,Loyal,0.4139,Developing
2927,64,Female,Handbag,Accessories,82,Maryland,M,Gray,Winter,4.8,0,2-Day Shipping,0,0,9,Cash,Weekly,52,0,High,New,High,0.6203,Gold,High_Value_Organic,55-64,1,1,0,0.6653,Loyal,0.6657,Loyal
2928,45,Female,Shirt,Clothing,24,Missouri,M,Black,Summer,2.7,0,Express,0,0,15,Venmo,Fortnightly,26,0,Low,Growing,Low,0.3204,Silver,Low_Value_Organic,45-54,1,0,2,0.5104,Developing,0.1905,Transactional
2929,40,Female,Jewelry,Accessories,80,Alabama,L,Yellow,Spring,3.6,0,Store Pickup,0,0,17,Credit Card,Weekly,52,0,Medium,Growing,High,0.6806,Platinum,High_Value_Organic,35-44,0,1,1,0.7306,Loyal,0.4915,Developing
2930,31,Female,Socks,Clothing,53,Maine,XL,White,Winter,4.5,0,Next Day Air,0,0,42,Venmo,Fortnightly,26,0,High,Veteran,Medium,0.6133,Gold,High_Value_Organic,25-34,1,1,0,0.7308,Loyal,0.5331,Loyal
2931,38,Female,T-shirt,Clothing,50,Mississippi,M,Orange,Spring,4.0,0,Free Shipping,0,0,14,Venmo,Monthly,12,0,High,Growing,Medium,0.2674,Silver,Low_Value_Organic,35-44,0,0,0,0.3924,Developing,0.4538,Developing
2932,36,Female,Jewelry,Accessories,31,Alabama,M,Magenta,Fall,4.5,0,2-Day Shipping,0,0,49,Credit Card,Fortnightly,26,0,High,Veteran,Low,0.6154,Gold,High_Value_Organic,35-44,1,1,0,0.7879,Loyal,0.4644,Developing
2933,65,Female,Backpack,Accessories,88,Alaska,L,Black,Spring,3.9,0,Express,0,0,3,PayPal,Quarterly,4,0,Medium,New,High,0.2099,Bronze,Low_Value_Organic,65+,1,0,1,0.2399,Transactional,0.5585,Loyal
2934,27,Female,Hat,Accessories,52,Illinois,M,Brown,Summer,3.8,0,Standard,0,0,28,Venmo,Monthly,12,0,Medium,Established,Medium,0.3867,Silver,Low_Value_Organic,25-34,0,0,1,0.5067,Developing,0.432,Developing
2935,38,Female,Gloves,Accessories,22,Idaho,M,Orange,Fall,4.7,0,Next Day Air,0,0,41,Bank Transfer,Quarterly,4,0,High,Veteran,Low,0.3551,Silver,Low_Value_Organic,35-44,1,0,0,0.5501,Loyal,0.4643,Developing
2936,58,Female,Sneakers,Footwear,27,North Carolina,XL,Gray,Spring,4.6,0,Standard,0,0,11,Venmo,Weekly,52,0,High,Growing,Low,0.4991,Gold,High_Value_Organic,55-64,0,1,0,0.6816,Loyal,0.4659,Developing
2937,31,Female,Skirt,Clothing,34,Washington,M,White,Spring,3.6,0,Express,0,0,46,PayPal,Weekly,52,0,Medium,Veteran,Low,0.8023,Platinum,High_Value_Organic,25-34,1,1,1,0.9673,Loyal,0.3478,Transactional
2938,28,Female,Handbag,Accessories,39,West Virginia,M,White,Spring,4.3,0,2-Day Shipping,0,0,15,Credit Card,Weekly,52,0,High,Growing,Low,0.5618,Gold,High_Value_Organic,25-34,1,1,0,0.7143,Loyal,0.4614,Developing
2939,28,Female,Sunglasses,Accessories,53,Maine,M,Violet,Fall,3.0,0,Standard,0,0,15,Cash,Monthly,12,0,Medium,Growing,Medium,0.2831,Silver,Low_Value_Organic,25-34,0,0,1,0.4006,Developing,0.3231,Transactional
2940,32,Female,Sweater,Clothing,46,Kentucky,M,Beige,Winter,4.3,0,Express,0,0,34,Venmo,Weekly,52,0,High,Established,Medium,0.7344,Platinum,High_Value_Organic,25-34,1,1,0,0.8694,Loyal,0.4833,Developing
2941,61,Female,Handbag,Accessories,85,Massachusetts,L,Beige,Summer,4.8,0,Next Day Air,0,0,13,Cash,Monthly,12,0,High,Growing,High,0.3467,Silver,Low_Value_Organic,55-64,1,0,0,0.3842,Developing,0.6751,Loyal
2942,38,Female,Skirt,Clothing,86,Pennsylvania,L,Purple,Spring,3.7,0,Free Shipping,0,0,27,PayPal,Monthly,12,0,Medium,Established,High,0.4635,Gold,High_Value_Organic,35-44,0,1,1,0.4985,Developing,0.5243,Loyal
2943,54,Female,Socks,Clothing,63,Hawaii,M,Brown,Summer,2.6,0,Free Shipping,0,0,37,Bank Transfer,Weekly,52,0,Low,Established,Medium,0.8014,Platinum,High_Value_Organic,45-54,0,1,2,0.8939,Loyal,0.2984,Transactional
2944,29,Female,Shirt,Clothing,44,Virginia,M,Orange,Spring,3.4,0,Standard,0,0,37,Credit Card,Monthly,12,0,Medium,Established,Low,0.4402,Silver,Low_Value_Organic,25-34,0,0,1,0.5802,Loyal,0.351,Transactional
2945,50,Female,Sneakers,Footwear,95,New York,XL,Cyan,Summer,3.9,0,Free Shipping,0,0,4,Venmo,Quarterly,4,0,Medium,New,High,0.2355,Bronze,Low_Value_Organic,45-54,0,0,1,0.248,Transactional,0.5804,Loyal
2946,32,Female,Belt,Accessories,49,Delaware,M,Charcoal,Summer,4.8,0,Free Shipping,0,0,1,Credit Card,Quarterly,4,0,High,New,Medium,0.096,Bronze,Low_Value_Organic,25-34,0,0,0,0.2235,Transactional,0.5626,Loyal
2947,38,Female,Pants,Clothing,77,Hawaii,L,Purple,Spring,2.8,0,Free Shipping,0,0,29,Bank Transfer,Quarterly,4,0,Low,Established,High,0.3946,Silver,Low_Value_Organic,35-44,0,0,2,0.4521,Developing,0.3701,Transactional
2948,52,Female,Jewelry,Accessories,63,Nebraska,L,Peach,Spring,4.4,0,Standard,0,0,50,Venmo,Annually,1,0,High,Veteran,Medium,0.5075,Gold,High_Value_Organic,45-54,0,1,0,0.6,Loyal,0.5504,Loyal
2949,61,Female,Pants,Clothing,83,Vermont,M,Violet,Winter,3.1,0,Standard,0,0,38,Debit Card,Fortnightly,26,0,Medium,Established,High,0.6556,Platinum,High_Value_Organic,55-64,0,1,1,0.6981,Loyal,0.4309,Developing
2950,25,Female,Jewelry,Accessories,93,Iowa,M,Peach,Spring,3.8,0,Store Pickup,0,0,15,PayPal,Annually,1,0,Medium,Growing,High,0.2968,Silver,Low_Value_Organic,25-34,0,0,1,0.3143,Transactional,0.5601,Loyal
2951,22,Female,Jeans,Clothing,91,Iowa,S,Maroon,Winter,4.1,0,2-Day Shipping,0,0,44,Debit Card,Quarterly,4,0,High,Veteran,High,0.552,Gold,High_Value_Organic,18-24,1,1,0,0.5745,Loyal,0.5959,Loyal
2952,47,Female,Scarf,Accessories,99,Arkansas,L,Maroon,Fall,4.6,0,Free Shipping,0,0,14,Cash,Weekly,52,0,High,Growing,High,0.7036,Platinum,High_Value_Organic,45-54,0,1,0,0.7061,Loyal,0.6909,Loyal
2953,50,Female,Belt,Accessories,24,Alabama,M,Peach,Spring,4.9,0,Next Day Air,0,0,5,Debit Card,Monthly,12,0,High,New,Low,0.1289,Bronze,Low_Value_Organic,45-54,1,0,0,0.3189,Transactional,0.4985,Developing
2954,45,Female,Dress,Clothing,82,Maryland,M,Silver,Summer,4.8,0,Next Day Air,0,0,11,Credit Card,Annually,1,0,High,Growing,High,0.2366,Bronze,Low_Value_Organic,45-54,1,0,0,0.2816,Transactional,0.6657,Loyal
2955,33,Female,T-shirt,Clothing,28,South Dakota,M,Indigo,Winter,3.9,0,Express,0,0,15,Credit Card,Annually,1,0,Medium,Growing,Low,0.1343,Bronze,Low_Value_Organic,25-34,1,0,1,0.3143,Transactional,0.371,Transactional
2956,42,Female,Boots,Footwear,67,Vermont,M,Silver,Winter,2.6,0,Free Shipping,0,0,46,Credit Card,Annually,1,0,Low,Veteran,Medium,0.4848,Gold,High_Value_Organic,35-44,0,1,2,0.5673,Loyal,0.3109,Transactional
2957,52,Female,Dress,Clothing,88,Montana,M,Olive,Fall,3.7,0,Standard,0,0,30,Venmo,Monthly,12,0,Medium,Established,High,0.493,Gold,High_Value_Organic,45-54,0,1,1,0.523,Developing,0.5305,Loyal
2958,69,Female,Jewelry,Accessories,70,South Dakota,S,Gray,Fall,4.7,0,Standard,0,0,2,Cash,Annually,1,0,High,New,Medium,0.1332,Bronze,Low_Value_Organic,65+,0,0,0,0.2082,Transactional,0.6142,Loyal
2959,55,Female,Skirt,Clothing,100,Ohio,M,Black,Summer,4.5,0,Standard,0,0,28,PayPal,Monthly,12,0,High,Established,High,0.5067,Gold,High_Value_Organic,55-64,0,1,0,0.5067,Developing,0.68,Loyal
2960,38,Female,Handbag,Accessories,28,Texas,L,Maroon,Summer,4.7,0,Free Shipping,0,0,9,PayPal,Quarterly,4,0,High,New,Low,0.1088,Bronze,Low_Value_Organic,35-44,0,0,0,0.2888,Transactional,0.483,Developing
2961,57,Female,Coat,Outerwear,48,Indiana,S,Olive,Spring,3.6,0,Standard,0,0,47,Credit Card,Weekly,52,0,Medium,Veteran,Medium,0.8455,Platinum,High_Value_Organic,55-64,0,1,1,0.9755,Loyal,0.3915,Developing
2962,33,Female,Hoodie,Clothing,43,New Hampshire,S,Gold,Fall,2.8,0,Free Shipping,0,0,21,Debit Card,Fortnightly,26,0,Low,Growing,Low,0.4168,Silver,Low_Value_Organic,25-34,0,0,2,0.5593,Loyal,0.2639,Transactional
2963,57,Female,Pants,Clothing,40,California,L,Pink,Fall,4.0,0,Express,0,0,42,Credit Card,Quarterly,4,0,High,Veteran,Low,0.4082,Silver,Low_Value_Organic,55-64,1,0,0,0.5582,Loyal,0.4225,Developing
2964,52,Female,Boots,Footwear,97,Maine,M,Brown,Spring,3.6,0,Free Shipping,0,0,28,Credit Card,Weekly,52,0,Medium,Established,High,0.8129,Platinum,High_Value_Organic,45-54,0,1,1,0.8204,Loyal,0.5446,Loyal
2965,44,Female,Coat,Outerwear,25,Ohio,S,White,Fall,3.8,0,2-Day Shipping,0,0,13,Venmo,Fortnightly,26,0,Medium,Growing,Low,0.3065,Silver,Low_Value_Organic,35-44,1,0,1,0.494,Developing,0.3476,Transactional
2966,48,Female,Scarf,Accessories,45,Delaware,M,Blue,Summer,4.4,0,Standard,0,0,25,PayPal,Fortnightly,26,0,High,Established,Medium,0.4545,Gold,High_Value_Organic,45-54,0,1,0,0.592,Loyal,0.4941,Developing
2967,52,Female,Boots,Footwear,49,Oklahoma,L,Orange,Fall,2.8,0,Store Pickup,0,0,38,Debit Card,Quarterly,4,0,Low,Established,Medium,0.3981,Silver,Low_Value_Organic,45-54,0,0,2,0.5256,Loyal,0.2826,Transactional
2968,34,Female,Sneakers,Footwear,36,Indiana,L,Silver,Summer,3.4,0,Free Shipping,0,0,40,Venmo,Annually,1,0,Medium,Veteran,Low,0.3584,Silver,Low_Value_Organic,25-34,0,0,1,0.5184,Developing,0.326,Transactional
2969,26,Female,Sweater,Clothing,48,South Carolina,S,Gray,Fall,4.9,0,Express,0,0,25,Cash,Quarterly,4,0,High,Established,Medium,0.2894,Silver,Low_Value_Organic,25-34,1,0,0,0.4194,Developing,0.5735,Loyal
2970,36,Female,Belt,Accessories,62,Vermont,S,Blue,Fall,4.3,0,Next Day Air,0,0,20,Cash,Quarterly,4,0,High,Growing,Medium,0.2836,Silver,Low_Value_Organic,35-44,1,0,0,0.3786,Developing,0.5332,Loyal
2971,24,Female,Jewelry,Accessories,74,Kansas,M,White,Winter,3.4,0,Free Shipping,0,0,44,Credit Card,Fortnightly,26,0,Medium,Veteran,High,0.6821,Platinum,High_Value_Organic,18-24,0,1,1,0.7471,Loyal,0.4448,Developing
2972,30,Female,Handbag,Accessories,100,Utah,L,Yellow,Fall,3.9,0,Next Day Air,0,0,9,PayPal,Quarterly,4,0,Medium,New,High,0.2888,Silver,Low_Value_Organic,25-34,1,0,1,0.2888,Transactional,0.596,Loyal
2973,31,Female,Jacket,Outerwear,39,New York,S,Indigo,Fall,4.2,0,Free Shipping,0,0,11,Venmo,Quarterly,4,0,High,Growing,Low,0.1527,Bronze,Low_Value_Organic,25-34,0,0,0,0.3052,Transactional,0.4474,Developing
2974,25,Female,Boots,Footwear,65,Indiana,M,Blue,Summer,2.7,0,Store Pickup,0,0,3,Bank Transfer,Fortnightly,26,0,Low,New,Medium,0.3249,Silver,Low_Value_Organic,25-34,0,0,2,0.4124,Developing,0.3186,Transactional
2975,57,Female,Sneakers,Footwear,99,Tennessee,XL,Peach,Summer,4.1,0,Store Pickup,0,0,34,Credit Card,Weekly,52,0,High,Established,High,0.8669,Platinum,High_Value_Organic,55-64,0,1,0,0.8694,Loyal,0.6209,Loyal
2976,61,Female,Scarf,Accessories,68,Georgia,XL,Lavender,Winter,4.5,0,2-Day Shipping,0,0,48,Cash,Quarterly,4,0,High,Veteran,Medium,0.5272,Gold,High_Value_Organic,55-64,1,1,0,0.6072,Loyal,0.58,Loyal
2977,30,Female,Coat,Outerwear,97,Nebraska,M,Silver,Summer,2.8,0,Express,0,0,28,Cash,Fortnightly,26,0,Low,Established,High,0.609,Gold,High_Value_Organic,25-34,1,1,2,0.6165,Loyal,0.4326,Developing
2978,38,Female,Shorts,Clothing,47,Washington,L,Gold,Winter,3.4,0,Standard,0,0,20,Venmo,Annually,1,0,Medium,Growing,Medium,0.2226,Bronze,Low_Value_Organic,35-44,0,0,1,0.3551,Developing,0.3604,Transactional
2979,53,Female,Shorts,Clothing,56,Idaho,S,Cyan,Spring,3.9,0,Free Shipping,0,0,49,Bank Transfer,Fortnightly,26,0,Medium,Veteran,Medium,0.6779,Platinum,High_Value_Organic,45-54,0,1,1,0.7879,Loyal,0.4585,Developing
2980,31,Female,Jeans,Clothing,91,Louisiana,L,Olive,Fall,2.6,0,Next Day Air,0,0,14,PayPal,Weekly,52,0,Low,Growing,High,0.6836,Platinum,High_Value_Organic,25-34,1,1,2,0.7061,Loyal,0.3859,Transactional
2981,70,Female,Gloves,Accessories,93,New Jersey,L,Teal,Fall,4.4,0,2-Day Shipping,0,0,9,Bank Transfer,Monthly,12,0,High,New,High,0.3341,Silver,Low_Value_Organic,65+,1,0,0,0.3516,Developing,0.6441,Loyal
2982,21,Female,Pants,Clothing,36,Delaware,L,Pink,Winter,4.9,0,Standard,0,0,37,Venmo,Annually,1,0,High,Established,Low,0.3339,Silver,Low_Value_Organic,18-24,0,0,0,0.4939,Developing,0.536,Loyal
2983,33,Female,Dress,Clothing,45,Wisconsin,M,Orange,Summer,3.6,0,Store Pickup,0,0,4,Credit Card,Weekly,52,0,Medium,New,Medium,0.487,Gold,High_Value_Organic,25-34,0,1,1,0.6245,Loyal,0.3821,Transactional
2984,60,Female,Pants,Clothing,44,West Virginia,M,Charcoal,Winter,2.8,0,2-Day Shipping,0,0,1,Credit Card,Quarterly,4,0,Low,New,Low,0.0835,Bronze,Low_Value_Organic,55-64,1,0,2,0.2235,Transactional,0.267,Transactional
2985,45,Female,Gloves,Accessories,32,Texas,L,Red,Spring,4.3,0,2-Day Shipping,0,0,36,Debit Card,Fortnightly,26,0,High,Established,Low,0.5118,Gold,High_Value_Organic,45-54,1,1,0,0.6818,Loyal,0.4395,Developing
2986,46,Female,Belt,Accessories,36,Hawaii,S,Teal,Summer,3.0,0,Express,0,0,21,Cash,Fortnightly,26,0,Medium,Growing,Low,0.3993,Silver,Low_Value_Organic,45-54,1,0,1,0.5593,Loyal,0.27,Transactional
2987,62,Female,Belt,Accessories,85,Arizona,S,Silver,Summer,3.3,0,2-Day Shipping,0,0,16,Credit Card,Monthly,12,0,Medium,Growing,High,0.3712,Silver,Low_Value_Organic,55-64,1,0,1,0.4087,Developing,0.4651,Developing
2988,63,Female,Skirt,Clothing,36,Louisiana,L,Black,Winter,2.5,0,Store Pickup,0,0,42,Cash,Monthly,12,0,Low,Veteran,Low,0.461,Gold,High_Value_Organic,55-64,0,1,2,0.621,Loyal,0.2,Transactional
2989,69,Female,Socks,Clothing,55,Nevada,S,Pink,Spring,5.0,0,2-Day Shipping,0,0,31,Debit Card,Monthly,12,0,High,Established,Medium,0.4187,Silver,Low_Value_Organic,65+,1,0,0,0.5312,Loyal,0.6094,Loyal
2990,46,Female,Belt,Accessories,20,Rhode Island,XL,Teal,Summer,4.3,0,2-Day Shipping,0,0,6,Credit Card,Weekly,52,0,High,New,Low,0.4408,Silver,Low_Value_Organic,45-54,1,0,0,0.6408,Loyal,0.402,Developing
2991,69,Female,Shirt,Clothing,91,Illinois,M,Teal,Fall,4.2,0,Free Shipping,0,0,24,Venmo,Monthly,12,0,High,Growing,High,0.4515,Gold,High_Value_Organic,65+,0,1,0,0.474,Developing,0.6099,Loyal
2992,66,Female,Dress,Clothing,71,Utah,L,Green,Summer,3.9,0,Standard,0,0,7,PayPal,Fortnightly,26,0,Medium,New,Medium,0.3726,Silver,Low_Value_Organic,65+,0,0,1,0.4451,Developing,0.5054,Developing
2993,41,Female,Socks,Clothing,64,North Dakota,M,Charcoal,Spring,3.9,0,Store Pickup,0,0,25,Venmo,Weekly,52,0,Medium,Established,Medium,0.7059,Platinum,High_Value_Organic,35-44,0,1,1,0.7959,Loyal,0.4835,Developing
2994,32,Female,Jacket,Outerwear,21,Kansas,L,Indigo,Spring,4.2,0,Free Shipping,0,0,18,Cash,Fortnightly,26,0,High,Growing,Low,0.3374,Silver,Low_Value_Organic,25-34,0,0,0,0.5349,Loyal,0.3911,Developing
2995,69,Female,Sweater,Clothing,100,Nevada,S,White,Winter,3.5,0,Store Pickup,0,0,14,Bank Transfer,Quarterly,4,0,Medium,Growing,High,0.3297,Silver,Low_Value_Organic,65+,0,0,1,0.3297,Transactional,0.54,Loyal
2996,29,Female,Jeans,Clothing,96,Virginia,M,Orange,Summer,2.5,0,Standard,0,0,42,Debit Card,Fortnightly,26,0,Low,Veteran,High,0.7208,Platinum,High_Value_Organic,25-34,0,1,2,0.7308,Loyal,0.3875,Developing
2997,70,Female,Jewelry,Accessories,91,Utah,M,White,Spring,2.9,0,Express,0,0,6,Venmo,Quarterly,4,0,Low,New,High,0.2418,Bronze,Low_Value_Organic,65+,1,0,2,0.2643,Transactional,0.4279,Developing
2998,41,Female,Sweater,Clothing,40,Idaho,S,Yellow,Spring,2.7,0,Next Day Air,0,0,14,Venmo,Quarterly,4,0,Low,Growing,Low,0.1797,Bronze,Low_Value_Organic,35-44,1,0,2,0.3297,Transactional,0.2405,Transactional
2999,31,Female,Hoodie,Clothing,53,Alaska,M,Red,Summer,4.7,0,Express,0,0,30,Debit Card,Quarterly,4,0,High,Established,Medium,0.3428,Silver,Low_Value_Organic,25-34,1,0,0,0.4603,Developing,0.5611,Loyal
3000,31,Female,Sunglasses,Accessories,48,New Hampshire,S,Charcoal,Winter,3.8,0,Standard,0,0,10,Cash,Monthly,12,0,Medium,Growing,Medium,0.2297,Bronze,Low_Value_Organic,25-34,0,0,1,0.3597,Developing,0.4195,Developing
3001,57,Female,Sandals,Footwear,70,Ohio,M,Lavender,Winter,3.7,0,Express,0,0,7,PayPal,Weekly,52,0,Medium,New,Medium,0.574,Gold,High_Value_Organic,55-64,1,1,1,0.649,Loyal,0.4743,Developing
3002,29,Female,Coat,Outerwear,29,Montana,L,Charcoal,Summer,4.7,0,Express,0,0,28,Credit Card,Quarterly,4,0,High,Established,Low,0.2664,Silver,Low_Value_Organic,25-34,1,0,0,0.4439,Developing,0.4861,Developing
3003,70,Female,Belt,Accessories,29,Louisiana,M,Maroon,Fall,3.6,0,Next Day Air,0,0,19,Bank Transfer,Quarterly,4,0,Medium,Growing,Low,0.193,Bronze,Low_Value_Organic,65+,1,0,1,0.3705,Developing,0.3321,Transactional
3004,51,Female,Blouse,Clothing,53,Oregon,M,Brown,Fall,2.8,0,Express,0,0,13,Credit Card,Quarterly,4,0,Low,Growing,Medium,0.204,Bronze,Low_Value_Organic,45-54,1,0,2,0.3215,Transactional,0.2951,Transactional
3005,45,Female,Skirt,Clothing,79,Arizona,M,Lavender,Winter,3.7,0,Store Pickup,0,0,23,Venmo,Fortnightly,26,0,Medium,Growing,High,0.5232,Gold,High_Value_Organic,45-54,0,1,1,0.5757,Loyal,0.5024,Developing
3006,18,Female,Shorts,Clothing,65,Alaska,XL,Brown,Spring,3.5,0,Express,0,0,5,Venmo,Weekly,52,0,Medium,New,Medium,0.5452,Gold,High_Value_Organic,18-24,1,1,1,0.6327,Loyal,0.4306,Developing
3007,37,Female,Dress,Clothing,99,Utah,M,Olive,Summer,3.7,0,Store Pickup,0,0,17,Venmo,Fortnightly,26,0,Medium,Growing,High,0.5242,Gold,High_Value_Organic,35-44,0,1,1,0.5267,Loyal,0.5649,Loyal
3008,23,Female,Sunglasses,Accessories,60,New York,L,Lavender,Winter,3.0,0,Next Day Air,0,0,31,Venmo,Weekly,52,0,Medium,Established,Medium,0.7449,Platinum,High_Value_Organic,18-24,1,1,1,0.8449,Loyal,0.345,Transactional
3009,39,Female,Shoes,Footwear,86,New Mexico,M,Gold,Winter,4.9,0,Free Shipping,0,0,19,PayPal,Weekly,52,0,High,Growing,High,0.7119,Platinum,High_Value_Organic,35-44,0,1,0,0.7469,Loyal,0.6922,Loyal
3010,62,Female,Belt,Accessories,73,Louisiana,M,Silver,Winter,4.6,0,Free Shipping,0,0,8,Venmo,Fortnightly,26,0,High,New,High,0.3857,Silver,Low_Value_Organic,55-64,0,0,0,0.4532,Developing,0.6096,Loyal
3011,70,Female,Belt,Accessories,45,Ohio,M,Violet,Winter,3.3,0,Free Shipping,0,0,15,Credit Card,Annually,1,0,Medium,Growing,Medium,0.1768,Bronze,Low_Value_Organic,65+,0,0,1,0.3143,Transactional,0.3401,Transactional
3012,20,Female,Belt,Accessories,70,Nevada,S,Brown,Summer,3.0,0,Next Day Air,0,0,18,Credit Card,Quarterly,4,0,Medium,Growing,Medium,0.2873,Silver,Low_Value_Organic,18-24,1,0,1,0.3623,Developing,0.3763,Transactional
3013,42,Female,Belt,Accessories,65,Idaho,M,Teal,Fall,3.5,0,Standard,0,0,16,PayPal,Annually,1,0,Medium,Growing,Medium,0.2349,Bronze,Low_Value_Organic,35-44,0,0,1,0.3224,Transactional,0.4306,Developing
3014,41,Female,Skirt,Clothing,55,Arizona,L,Peach,Summer,4.2,0,Store Pickup,0,0,13,Cash,Monthly,12,0,High,Growing,Medium,0.2717,Silver,Low_Value_Organic,35-44,0,0,0,0.3842,Developing,0.4974,Developing
3015,24,Female,T-shirt,Clothing,65,Utah,M,Maroon,Spring,4.5,0,Express,0,0,38,PayPal,Quarterly,4,0,High,Established,Medium,0.4381,Silver,Low_Value_Organic,18-24,1,0,0,0.5256,Loyal,0.5706,Loyal
3016,37,Female,Scarf,Accessories,21,Wyoming,XL,Lavender,Spring,2.8,0,Express,0,0,27,Bank Transfer,Fortnightly,26,0,Low,Established,Low,0.4108,Silver,Low_Value_Organic,35-44,1,0,2,0.6083,Loyal,0.1951,Transactional
3017,30,Female,Blouse,Clothing,26,Indiana,L,Lavender,Summer,4.9,0,Store Pickup,0,0,31,Bank Transfer,Quarterly,4,0,High,Established,Low,0.2834,Silver,Low_Value_Organic,25-34,0,0,0,0.4684,Developing,0.5048,Developing
3018,58,Female,Sunglasses,Accessories,71,Wisconsin,S,Purple,Summer,3.3,0,Next Day Air,0,0,24,Cash,Fortnightly,26,0,Medium,Growing,Medium,0.5113,Gold,High_Value_Organic,55-64,1,1,1,0.5838,Loyal,0.4214,Developing
3019,43,Female,Boots,Footwear,41,Texas,M,Green,Summer,3.0,0,Free Shipping,0,0,21,Debit Card,Fortnightly,26,0,Medium,Growing,Low,0.4118,Silver,Low_Value_Organic,35-44,0,0,1,0.5593,Loyal,0.2856,Transactional
3020,19,Female,Jacket,Outerwear,44,Utah,M,Yellow,Winter,3.9,0,2-Day Shipping,0,0,15,PayPal,Annually,1,0,Medium,Growing,Low,0.1743,Bronze,Low_Value_Organic,18-24,1,0,1,0.3143,Transactional,0.421,Developing
3021,23,Female,Jeans,Clothing,81,Arkansas,S,Charcoal,Fall,2.8,0,Store Pickup,0,0,48,Venmo,Quarterly,4,0,Low,Veteran,High,0.5597,Gold,High_Value_Organic,18-24,0,1,2,0.6072,Loyal,0.3826,Transactional
3022,65,Female,Sunglasses,Accessories,77,Pennsylvania,S,Blue,Summer,4.5,0,2-Day Shipping,0,0,47,Cash,Quarterly,4,0,High,Veteran,High,0.5415,Gold,High_Value_Organic,65+,1,1,0,0.599,Loyal,0.6081,Loyal
3023,58,Female,Sandals,Footwear,26,Georgia,M,Lavender,Fall,4.0,0,Free Shipping,0,0,23,PayPal,Weekly,52,0,High,Growing,Low,0.5946,Gold,High_Value_Organic,55-64,0,1,0,0.7796,Loyal,0.3788,Transactional
3024,50,Female,Backpack,Accessories,31,Indiana,M,Brown,Summer,2.9,0,Express,0,0,4,PayPal,Quarterly,4,0,Low,New,Low,0.0755,Bronze,Low_Value_Organic,45-54,1,0,2,0.248,Transactional,0.2404,Transactional
3025,67,Female,Blouse,Clothing,82,Idaho,S,White,Spring,4.0,0,Free Shipping,0,0,47,Credit Card,Quarterly,4,0,High,Veteran,High,0.554,Gold,High_Value_Organic,65+,0,1,0,0.599,Loyal,0.5538,Loyal
3026,40,Female,Shoes,Footwear,60,Montana,XL,Green,Summer,3.4,0,Store Pickup,0,0,7,PayPal,Monthly,12,0,Medium,New,Medium,0.2353,Bronze,Low_Value_Organic,35-44,0,0,1,0.3353,Transactional,0.401,Developing
3027,55,Female,Shirt,Clothing,70,Tennessee,L,Magenta,Fall,2.5,0,Free Shipping,0,0,6,Credit Card,Annually,1,0,Low,New,Medium,0.1658,Bronze,Low_Value_Organic,55-64,0,0,2,0.2408,Transactional,0.3062,Transactional
3028,52,Female,Hoodie,Clothing,26,West Virginia,XL,Peach,Winter,2.8,0,2-Day Shipping,0,0,47,Credit Card,Quarterly,4,0,Low,Veteran,Low,0.414,Silver,Low_Value_Organic,45-54,1,0,2,0.599,Loyal,0.2107,Transactional
3029,62,Female,Dress,Clothing,100,California,L,Charcoal,Summer,3.0,0,Free Shipping,0,0,7,PayPal,Quarterly,4,0,Medium,New,High,0.2725,Silver,Low_Value_Organic,55-64,0,0,1,0.2725,Transactional,0.47,Developing
3030,64,Female,Dress,Clothing,82,Georgia,M,Gold,Summer,3.1,0,Free Shipping,0,0,1,Debit Card,Quarterly,4,0,Medium,New,High,0.1785,Bronze,Low_Value_Organic,55-64,0,0,1,0.2235,Transactional,0.4278,Developing
3031,43,Female,Sneakers,Footwear,24,Maryland,XL,Purple,Spring,2.6,0,2-Day Shipping,0,0,23,Credit Card,Weekly,52,0,Low,Growing,Low,0.5896,Gold,High_Value_Organic,35-44,1,1,2,0.7796,Loyal,0.1765,Transactional
3032,61,Female,Blouse,Clothing,74,Idaho,L,Teal,Summer,4.9,0,2-Day Shipping,0,0,30,Credit Card,Monthly,12,0,High,Established,High,0.458,Gold,High_Value_Organic,55-64,1,1,0,0.523,Developing,0.6548,Loyal
3033,26,Female,Backpack,Accessories,58,California,XL,Green,Summer,3.5,0,Next Day Air,0,0,24,Credit Card,Quarterly,4,0,Medium,Growing,Medium,0.3063,Silver,Low_Value_Organic,25-34,1,0,1,0.4113,Developing,0.4088,Developing
3034,22,Female,Sweater,Clothing,56,Alabama,L,Orange,Spring,2.6,0,Store Pickup,0,0,9,PayPal,Weekly,52,0,Low,New,Medium,0.5553,Gold,High_Value_Organic,18-24,0,1,2,0.6653,Loyal,0.2765,Transactional
3035,51,Female,Boots,Footwear,37,Utah,L,Peach,Spring,3.5,0,2-Day Shipping,0,0,25,Credit Card,Quarterly,4,0,Medium,Established,Low,0.2619,Silver,Low_Value_Organic,45-54,1,0,1,0.4194,Developing,0.3431,Transactional
3036,69,Female,Handbag,Accessories,64,Kentucky,M,Gold,Spring,4.5,0,Free Shipping,0,0,18,Cash,Fortnightly,26,0,High,Growing,Medium,0.4449,Silver,Low_Value_Organic,65+,0,0,0,0.5349,Loyal,0.5675,Loyal
3037,50,Female,Hoodie,Clothing,58,Vermont,S,Violet,Spring,4.3,0,Next Day Air,0,0,7,Venmo,Fortnightly,26,0,High,New,Medium,0.3401,Silver,Low_Value_Organic,45-54,1,0,0,0.4451,Developing,0.5208,Loyal
3038,51,Female,Belt,Accessories,44,Iowa,L,Charcoal,Summer,4.8,0,Next Day Air,0,0,2,Cash,Annually,1,0,High,New,Low,0.0682,Bronze,Low_Value_Organic,45-54,1,0,0,0.2082,Transactional,0.547,Loyal
3039,56,Female,Jewelry,Accessories,39,Georgia,M,Brown,Summer,4.2,0,Free Shipping,0,0,36,Debit Card,Annually,1,0,High,Established,Low,0.3332,Silver,Low_Value_Organic,55-64,0,0,0,0.4857,Developing,0.4474,Developing
3040,59,Female,Blouse,Clothing,48,Alabama,L,Blue,Spring,3.2,0,Next Day Air,0,0,31,PayPal,Fortnightly,26,0,Medium,Established,Medium,0.511,Gold,High_Value_Organic,55-64,1,1,1,0.641,Loyal,0.3355,Transactional
3041,18,Female,Handbag,Accessories,32,Nebraska,M,Gold,Fall,4.1,0,Express,0,0,10,Cash,Fortnightly,26,0,High,Growing,Low,0.2995,Silver,Low_Value_Organic,18-24,1,0,0,0.4695,Developing,0.4115,Developing
3042,48,Female,Handbag,Accessories,79,Rhode Island,M,Orange,Winter,4.0,0,Express,0,0,27,PayPal,Monthly,12,0,High,Established,High,0.446,Silver,Low_Value_Organic,45-54,1,0,0,0.4985,Developing,0.5444,Loyal
3043,53,Female,Coat,Outerwear,27,South Dakota,L,Turquoise,Winter,2.9,0,Next Day Air,0,0,14,PayPal,Quarterly,4,0,Low,Growing,Low,0.1472,Bronze,Low_Value_Organic,45-54,1,0,2,0.3297,Transactional,0.2279,Transactional
3044,45,Female,Belt,Accessories,98,Illinois,S,Peach,Fall,2.6,0,Store Pickup,0,0,17,Credit Card,Monthly,12,0,Low,Growing,High,0.4119,Silver,Low_Value_Organic,45-54,0,0,2,0.4169,Developing,0.4078,Developing
3045,21,Female,Boots,Footwear,67,North Carolina,M,Magenta,Winter,2.7,0,Free Shipping,0,0,10,Bank Transfer,Quarterly,4,0,Low,Growing,Medium,0.2145,Bronze,Low_Value_Organic,18-24,0,0,2,0.297,Transactional,0.3249,Transactional
3046,42,Female,Socks,Clothing,37,Florida,L,Black,Winter,4.6,0,2-Day Shipping,0,0,4,PayPal,Fortnightly,26,0,High,New,Low,0.2631,Silver,Low_Value_Organic,35-44,1,0,0,0.4206,Developing,0.4971,Developing
3047,60,Female,Shoes,Footwear,49,Pennsylvania,M,White,Spring,3.2,0,Store Pickup,0,0,25,Cash,Quarterly,4,0,Medium,Established,Medium,0.2919,Silver,Low_Value_Organic,55-64,0,0,1,0.4194,Developing,0.3386,Transactional
3048,21,Female,Sneakers,Footwear,74,Vermont,M,Violet,Fall,4.1,0,2-Day Shipping,0,0,3,PayPal,Fortnightly,26,0,High,New,High,0.3474,Silver,Low_Value_Organic,18-24,1,0,0,0.4124,Developing,0.5428,Loyal
3049,69,Female,Jewelry,Accessories,93,Colorado,M,Olive,Summer,3.9,0,Standard,0,0,47,Venmo,Fortnightly,26,0,Medium,Veteran,High,0.7541,Platinum,High_Value_Organic,65+,0,1,1,0.7716,Loyal,0.5741,Loyal
3050,40,Female,Handbag,Accessories,60,Utah,L,Red,Summer,3.0,0,Next Day Air,0,0,41,Bank Transfer,Fortnightly,26,0,Medium,Veteran,Medium,0.6226,Gold,High_Value_Organic,35-44,1,1,1,0.7226,Loyal,0.345,Transactional
3051,31,Female,Coat,Outerwear,76,Kentucky,S,Green,Spring,3.6,0,Standard,0,0,28,Venmo,Quarterly,4,0,Medium,Established,High,0.3839,Silver,Low_Value_Organic,25-34,0,0,1,0.4439,Developing,0.479,Developing
3052,44,Female,Sunglasses,Accessories,64,Wyoming,L,Gold,Summer,4.6,0,Express,0,0,49,Debit Card,Quarterly,4,0,High,Veteran,Medium,0.5254,Gold,High_Value_Organic,35-44,1,1,0,0.6154,Loyal,0.5815,Loyal
3053,48,Female,Shoes,Footwear,38,Maine,XL,Olive,Spring,4.5,0,Store Pickup,0,0,7,Bank Transfer,Fortnightly,26,0,High,New,Low,0.2901,Silver,Low_Value_Organic,45-54,0,0,0,0.4451,Developing,0.4862,Developing
3054,32,Female,Shoes,Footwear,91,Maine,L,Brown,Winter,3.2,0,Next Day Air,0,0,22,Bank Transfer,Monthly,12,0,Medium,Growing,High,0.4352,Silver,Low_Value_Organic,25-34,1,0,1,0.4577,Developing,0.4699,Developing
3055,42,Female,Boots,Footwear,70,New Hampshire,S,Magenta,Summer,4.9,0,2-Day Shipping,0,0,34,Venmo,Monthly,12,0,High,Established,Medium,0.4807,Gold,High_Value_Organic,35-44,1,1,0,0.5557,Loyal,0.6422,Loyal
3056,27,Female,Sandals,Footwear,22,Kansas,M,Violet,Fall,5.0,0,Standard,0,0,5,Debit Card,Fortnightly,26,0,High,New,Low,0.2337,Bronze,Low_Value_Organic,25-34,0,0,0,0.4287,Developing,0.5062,Developing
3057,69,Female,Gloves,Accessories,59,New Jersey,M,Beige,Spring,3.8,0,Standard,0,0,15,Cash,Fortnightly,26,0,Medium,Growing,Medium,0.4079,Silver,Low_Value_Organic,65+,0,0,1,0.5104,Developing,0.4539,Developing
3058,67,Female,Backpack,Accessories,22,North Carolina,M,Blue,Spring,3.4,0,Next Day Air,0,0,26,Bank Transfer,Weekly,52,0,Medium,Established,Low,0.6091,Gold,High_Value_Organic,65+,1,1,1,0.8041,Loyal,0.2822,Transactional
3059,41,Female,Handbag,Accessories,74,West Virginia,S,Orange,Winter,3.8,0,Store Pickup,0,0,3,Bank Transfer,Fortnightly,26,0,Medium,New,High,0.3474,Silver,Low_Value_Organic,35-44,0,0,1,0.4124,Developing,0.5008,Developing
3060,46,Female,Sweater,Clothing,71,Kentucky,L,Maroon,Spring,3.2,0,Express,0,0,42,Credit Card,Quarterly,4,0,Medium,Veteran,Medium,0.4857,Gold,High_Value_Organic,45-54,1,1,1,0.5582,Loyal,0.4074,Developing
3061,47,Female,Coat,Outerwear,80,California,S,Charcoal,Summer,4.7,0,Store Pickup,0,0,1,Venmo,Monthly,12,0,High,New,High,0.2363,Bronze,Low_Value_Organic,45-54,0,0,0,0.2863,Transactional,0.6455,Loyal
3062,33,Female,T-shirt,Clothing,59,South Dakota,L,Olive,Fall,4.5,0,Express,0,0,20,PayPal,Quarterly,4,0,High,Growing,Medium,0.2761,Silver,Low_Value_Organic,25-34,1,0,0,0.3786,Developing,0.5519,Loyal
3063,51,Female,Backpack,Accessories,96,California,L,Green,Fall,3.3,0,Standard,0,0,39,PayPal,Monthly,12,0,Medium,Established,High,0.5865,Gold,High_Value_Organic,45-54,0,1,1,0.5965,Loyal,0.4995,Developing
3064,26,Female,Sunglasses,Accessories,43,Connecticut,L,Brown,Winter,3.9,0,Store Pickup,0,0,24,Credit Card,Fortnightly,26,0,Medium,Growing,Low,0.4413,Silver,Low_Value_Organic,25-34,0,0,1,0.5838,Loyal,0.4179,Developing
3065,22,Female,Belt,Accessories,76,Idaho,S,Cyan,Winter,3.6,0,Express,0,0,49,Bank Transfer,Quarterly,4,0,Medium,Veteran,High,0.5554,Gold,High_Value_Organic,18-24,1,1,1,0.6154,Loyal,0.479,Developing
3066,49,Female,Jacket,Outerwear,59,North Dakota,M,Beige,Fall,2.8,0,Store Pickup,0,0,7,Venmo,Fortnightly,26,0,Low,New,Medium,0.3426,Silver,Low_Value_Organic,45-54,0,0,2,0.4451,Developing,0.3139,Transactional
3067,58,Female,Skirt,Clothing,48,Michigan,L,Teal,Summer,4.3,0,Free Shipping,0,0,13,Venmo,Quarterly,4,0,High,Growing,Medium,0.1915,Bronze,Low_Value_Organic,55-64,0,0,0,0.3215,Transactional,0.4895,Developing
3068,70,Female,Belt,Accessories,22,Missouri,S,Gray,Spring,3.5,0,Free Shipping,0,0,2,Cash,Weekly,52,0,Medium,New,Low,0.4132,Silver,Low_Value_Organic,65+,0,0,1,0.6082,Loyal,0.2962,Transactional
3069,32,Female,Boots,Footwear,40,California,M,Indigo,Winter,4.2,0,Express,0,0,4,Debit Card,Weekly,52,0,High,New,Low,0.4745,Gold,High_Value_Organic,25-34,1,1,0,0.6245,Loyal,0.4505,Developing
3070,62,Female,Jeans,Clothing,73,Delaware,L,Magenta,Spring,4.6,0,Express,0,0,17,Debit Card,Quarterly,4,0,High,Growing,High,0.2866,Silver,Low_Value_Organic,55-64,1,0,0,0.3541,Developing,0.6096,Loyal
3071,52,Female,Shoes,Footwear,26,Alabama,XL,Red,Fall,2.6,0,Free Shipping,0,0,43,PayPal,Fortnightly,26,0,Low,Veteran,Low,0.5539,Gold,High_Value_Organic,45-54,0,1,2,0.7389,Loyal,0.1828,Transactional
3072,23,Female,Sweater,Clothing,41,New Hampshire,L,Turquoise,Spring,3.4,0,Next Day Air,0,0,6,PayPal,Monthly,12,0,Medium,New,Low,0.1796,Bronze,Low_Value_Organic,18-24,1,0,1,0.3271,Transactional,0.3416,Transactional
3073,26,Female,Jewelry,Accessories,98,New York,L,Peach,Spring,3.1,0,Standard,0,0,46,PayPal,Quarterly,4,0,Medium,Veteran,High,0.5859,Gold,High_Value_Organic,25-34,0,1,1,0.5909,Loyal,0.4778,Developing
3074,58,Female,Shirt,Clothing,63,Oregon,L,White,Winter,3.6,0,Free Shipping,0,0,7,Debit Card,Fortnightly,26,0,Medium,New,Medium,0.3526,Silver,Low_Value_Organic,55-64,0,0,1,0.4451,Developing,0.4384,Developing
3075,26,Female,Boots,Footwear,55,Massachusetts,L,Maroon,Winter,4.2,0,Next Day Air,0,0,34,Debit Card,Fortnightly,26,0,High,Established,Medium,0.553,Gold,High_Value_Organic,25-34,1,1,0,0.6655,Loyal,0.4974,Developing
3076,54,Female,Shorts,Clothing,90,Utah,XL,Beige,Winter,3.6,0,Standard,0,0,21,PayPal,Quarterly,4,0,Medium,Growing,High,0.3618,Silver,Low_Value_Organic,45-54,0,0,1,0.3868,Developing,0.5228,Loyal
3077,66,Female,Handbag,Accessories,46,New Hampshire,M,Blue,Summer,3.6,0,Express,0,0,13,Venmo,Fortnightly,26,0,Medium,Growing,Medium,0.359,Silver,Low_Value_Organic,65+,1,0,1,0.494,Developing,0.3853,Transactional
3078,60,Female,Sweater,Clothing,88,Illinois,S,Red,Spring,3.0,0,Store Pickup,0,0,33,Debit Card,Fortnightly,26,0,Medium,Established,High,0.6273,Gold,High_Value_Organic,55-64,0,1,1,0.6573,Loyal,0.4325,Developing
3079,32,Female,Belt,Accessories,95,Alaska,M,Blue,Spring,2.5,0,2-Day Shipping,0,0,24,Bank Transfer,Fortnightly,26,0,Low,Growing,High,0.5713,Gold,High_Value_Organic,25-34,1,1,2,0.5838,Loyal,0.3844,Transactional
3080,48,Female,Belt,Accessories,31,Wyoming,M,Maroon,Fall,4.0,0,Store Pickup,0,0,4,Bank Transfer,Annually,1,0,High,New,Low,0.052,Bronze,Low_Value_Organic,45-54,0,0,0,0.2245,Transactional,0.3944,Developing
3081,69,Female,Hoodie,Clothing,42,Colorado,L,Yellow,Spring,4.1,0,Next Day Air,0,0,5,Cash,Fortnightly,26,0,High,New,Low,0.2837,Silver,Low_Value_Organic,65+,1,0,0,0.4287,Developing,0.4428,Developing
3082,64,Female,Sneakers,Footwear,44,Vermont,L,Pink,Winter,4.9,0,Next Day Air,0,0,11,Credit Card,Weekly,52,0,High,Growing,Low,0.5416,Gold,High_Value_Organic,55-64,1,1,0,0.6816,Loyal,0.561,Loyal
3083,56,Female,T-shirt,Clothing,99,Utah,M,Maroon,Spring,4.0,0,Next Day Air,0,0,20,Bank Transfer,Annually,1,0,High,Growing,High,0.3526,Silver,Low_Value_Organic,55-64,1,0,0,0.3551,Developing,0.6069,Loyal
3084,22,Female,Pants,Clothing,20,Illinois,S,Purple,Summer,3.5,0,Store Pickup,0,0,28,PayPal,Quarterly,4,0,Medium,Established,Low,0.2439,Bronze,Low_Value_Organic,18-24,0,0,1,0.4439,Developing,0.29,Transactional
3085,46,Female,Scarf,Accessories,37,Idaho,S,Indigo,Spring,3.2,0,Store Pickup,0,0,43,PayPal,Monthly,12,0,Medium,Veteran,Low,0.4716,Gold,High_Value_Organic,45-54,0,1,1,0.6291,Loyal,0.3011,Transactional
3086,24,Female,Sweater,Clothing,50,Nevada,L,Gray,Winter,2.8,0,Store Pickup,0,0,10,Venmo,Quarterly,4,0,Low,Growing,Medium,0.172,Bronze,Low_Value_Organic,18-24,0,0,2,0.297,Transactional,0.2857,Transactional
3087,47,Female,Handbag,Accessories,73,Utah,M,Lavender,Summer,3.5,0,Next Day Air,0,0,26,Venmo,Quarterly,4,0,Medium,Established,High,0.3601,Silver,Low_Value_Organic,45-54,1,0,1,0.4276,Developing,0.4556,Developing
3088,62,Female,Shirt,Clothing,84,North Carolina,M,Charcoal,Spring,3.1,0,Free Shipping,0,0,29,Bank Transfer,Monthly,12,0,Medium,Established,High,0.4748,Gold,High_Value_Organic,55-64,0,1,1,0.5148,Developing,0.434,Developing
3089,34,Female,Dress,Clothing,64,Arkansas,M,Teal,Spring,3.3,0,Store Pickup,0,0,35,Bank Transfer,Quarterly,4,0,Medium,Established,Medium,0.4111,Silver,Low_Value_Organic,25-34,0,0,1,0.5011,Developing,0.3995,Developing
3090,50,Female,Sandals,Footwear,21,North Carolina,L,Blue,Fall,4.6,0,Free Shipping,0,0,23,Cash,Fortnightly,26,0,High,Growing,Low,0.3782,Silver,Low_Value_Organic,45-54,0,0,0,0.5757,Loyal,0.4471,Developing
3091,29,Female,Shirt,Clothing,36,Texas,M,Peach,Summer,4.9,0,Store Pickup,0,0,15,Bank Transfer,Quarterly,4,0,High,Growing,Low,0.1778,Bronze,Low_Value_Organic,25-34,0,0,0,0.3378,Transactional,0.536,Loyal
3092,68,Female,Dress,Clothing,81,Nevada,L,Orange,Winter,3.4,0,2-Day Shipping,0,0,46,Credit Card,Annually,1,0,Medium,Veteran,High,0.5198,Gold,High_Value_Organic,65+,1,1,1,0.5673,Loyal,0.4666,Developing
3093,52,Female,Sunglasses,Accessories,54,Utah,L,Silver,Fall,3.5,0,Next Day Air,0,0,14,Bank Transfer,Fortnightly,26,0,Medium,Growing,Medium,0.3872,Silver,Low_Value_Organic,45-54,1,0,1,0.5022,Developing,0.3963,Developing
3094,29,Female,Socks,Clothing,63,Pennsylvania,L,Red,Summer,4.8,0,Store Pickup,0,0,17,Cash,Quarterly,4,0,High,Growing,Medium,0.2616,Silver,Low_Value_Organic,25-34,0,0,0,0.3541,Developing,0.6064,Loyal
3095,22,Female,Sandals,Footwear,59,Georgia,M,Gray,Summer,2.7,0,Store Pickup,0,0,9,Cash,Weekly,52,0,Low,New,Medium,0.5628,Gold,High_Value_Organic,18-24,0,1,2,0.6653,Loyal,0.2999,Transactional
3096,62,Female,Hat,Accessories,53,Minnesota,S,Beige,Fall,3.4,0,Standard,0,0,13,Venmo,Fortnightly,26,0,Medium,Growing,Medium,0.3765,Silver,Low_Value_Organic,55-64,0,0,1,0.494,Developing,0.3791,Transactional
3097,69,Female,Shirt,Clothing,63,Kansas,L,White,Winter,3.5,0,Next Day Air,0,0,20,Bank Transfer,Monthly,12,0,Medium,Growing,Medium,0.3489,Silver,Low_Value_Organic,65+,1,0,1,0.4414,Developing,0.4244,Developing
3098,48,Female,Shoes,Footwear,33,Delaware,M,Silver,Fall,3.7,0,Free Shipping,0,0,39,Bank Transfer,Quarterly,4,0,Medium,Established,Low,0.3662,Silver,Low_Value_Organic,45-54,0,0,1,0.5337,Loyal,0.3586,Transactional
3099,66,Female,Pants,Clothing,64,New Mexico,L,Cyan,Summer,3.3,0,Next Day Air,0,0,50,Bank Transfer,Quarterly,4,0,Medium,Veteran,Medium,0.5335,Gold,High_Value_Organic,65+,1,1,1,0.6235,Loyal,0.3995,Developing
3100,42,Female,Shirt,Clothing,98,Michigan,S,Maroon,Fall,2.9,0,Free Shipping,0,0,21,Bank Transfer,Fortnightly,26,0,Low,Growing,High,0.5543,Gold,High_Value_Organic,35-44,0,1,2,0.5593,Loyal,0.4498,Developing
3101,50,Female,Hat,Accessories,85,Vermont,L,Purple,Winter,3.9,0,Express,0,0,3,Bank Transfer,Weekly,52,0,Medium,New,High,0.5788,Gold,High_Value_Organic,45-54,1,1,1,0.6163,Loyal,0.5491,Loyal
3102,32,Female,Jewelry,Accessories,82,Idaho,S,Brown,Summer,2.7,0,Express,0,0,9,PayPal,Fortnightly,26,0,Low,New,High,0.4164,Silver,Low_Value_Organic,25-34,1,0,2,0.4614,Developing,0.3718,Transactional
3103,51,Female,Jacket,Outerwear,85,South Dakota,M,Green,Summer,4.3,0,Standard,0,0,29,Cash,Fortnightly,26,0,High,Established,High,0.5871,Gold,High_Value_Organic,45-54,0,1,0,0.6246,Loyal,0.6051,Loyal
3104,27,Female,Shirt,Clothing,37,Illinois,S,Peach,Winter,3.0,0,2-Day Shipping,0,0,42,Bank Transfer,Weekly,52,0,Medium,Veteran,Low,0.7772,Platinum,High_Value_Organic,25-34,1,1,1,0.9347,Loyal,0.2731,Transactional
3105,43,Female,Pants,Clothing,56,Georgia,S,Turquoise,Summer,5.0,0,2-Day Shipping,0,0,41,Debit Card,Fortnightly,26,0,High,Veteran,Medium,0.6126,Gold,High_Value_Organic,35-44,1,1,0,0.7226,Loyal,0.6125,Loyal
3106,48,Female,Skirt,Clothing,33,Oregon,M,Olive,Fall,2.7,0,Express,0,0,17,Debit Card,Monthly,12,0,Low,Growing,Low,0.2494,Bronze,Low_Value_Organic,45-54,1,0,2,0.4169,Developing,0.2186,Transactional
3107,62,Female,Sandals,Footwear,57,Alabama,M,Yellow,Winter,4.7,0,Next Day Air,0,0,20,PayPal,Annually,1,0,High,Growing,Medium,0.2476,Bronze,Low_Value_Organic,55-64,1,0,0,0.3551,Developing,0.5736,Loyal
3108,65,Female,Blouse,Clothing,31,Hawaii,L,Gray,Winter,4.6,0,Standard,0,0,18,Credit Card,Fortnightly,26,0,High,Growing,Low,0.3624,Silver,Low_Value_Organic,65+,0,0,0,0.5349,Loyal,0.4784,Developing
3109,50,Female,Socks,Clothing,69,Oregon,M,Purple,Fall,3.2,0,2-Day Shipping,0,0,7,PayPal,Monthly,12,0,Medium,New,Medium,0.2578,Silver,Low_Value_Organic,45-54,1,0,1,0.3353,Transactional,0.4011,Developing
3110,60,Female,Jacket,Outerwear,92,Illinois,M,Gray,Winter,4.3,0,Free Shipping,0,0,47,Bank Transfer,Fortnightly,26,0,High,Veteran,High,0.7516,Platinum,High_Value_Organic,55-64,0,1,0,0.7716,Loyal,0.627,Loyal
3111,19,Female,Handbag,Accessories,46,Texas,L,Lavender,Fall,4.6,0,Next Day Air,0,0,2,Bank Transfer,Fortnightly,26,0,High,New,Medium,0.2692,Silver,Low_Value_Organic,18-24,1,0,0,0.4042,Developing,0.5252,Loyal
3112,21,Female,Belt,Accessories,81,Kansas,XL,Indigo,Spring,4.9,0,Free Shipping,0,0,25,Debit Card,Quarterly,4,0,High,Established,High,0.3719,Silver,Low_Value_Organic,18-24,0,0,0,0.4194,Developing,0.6766,Loyal
3113,19,Female,Blouse,Clothing,97,Texas,S,Green,Fall,3.8,0,Express,0,0,26,Venmo,Annually,1,0,Medium,Established,High,0.3966,Silver,Low_Value_Organic,18-24,1,0,1,0.4041,Developing,0.5726,Loyal
3114,46,Female,Shirt,Clothing,93,Nebraska,L,Green,Summer,2.6,0,Express,0,0,2,Debit Card,Weekly,52,0,Low,New,High,0.5907,Gold,High_Value_Organic,45-54,1,1,2,0.6082,Loyal,0.3921,Developing
3115,21,Female,Handbag,Accessories,56,Arkansas,M,Olive,Spring,4.7,0,Store Pickup,0,0,45,Venmo,Fortnightly,26,0,High,Veteran,Medium,0.6453,Gold,High_Value_Organic,18-24,0,1,0,0.7553,Loyal,0.5705,Loyal
3116,26,Female,Scarf,Accessories,53,South Dakota,M,Charcoal,Fall,4.1,0,Free Shipping,0,0,9,Bank Transfer,Fortnightly,26,0,High,New,Medium,0.3439,Silver,Low_Value_Organic,25-34,0,0,0,0.4614,Developing,0.4771,Developing
3117,50,Female,Coat,Outerwear,66,Montana,L,Gray,Spring,3.7,0,Store Pickup,0,0,1,Venmo,Weekly,52,0,Medium,New,Medium,0.515,Gold,High_Value_Organic,45-54,0,1,1,0.6,Loyal,0.4618,Developing
3118,43,Female,Hoodie,Clothing,50,Florida,M,Olive,Fall,3.0,0,Free Shipping,0,0,4,PayPal,Fortnightly,26,0,Medium,New,Medium,0.2956,Silver,Low_Value_Organic,35-44,0,0,1,0.4206,Developing,0.3138,Transactional
3119,61,Female,Shorts,Clothing,97,Virginia,L,Blue,Summer,4.7,0,Standard,0,0,31,Debit Card,Quarterly,4,0,High,Established,High,0.4609,Gold,High_Value_Organic,55-64,0,1,0,0.4684,Developing,0.6986,Loyal
3120,63,Female,Sandals,Footwear,79,Louisiana,XL,Silver,Winter,4.7,0,2-Day Shipping,0,0,21,Credit Card,Quarterly,4,0,High,Growing,High,0.3343,Silver,Low_Value_Organic,55-64,1,0,0,0.3868,Developing,0.6424,Loyal
3121,46,Female,Shirt,Clothing,76,Louisiana,M,Magenta,Fall,4.0,0,Store Pickup,0,0,32,Debit Card,Fortnightly,26,0,High,Established,High,0.5891,Gold,High_Value_Organic,45-54,0,1,0,0.6491,Loyal,0.535,Loyal
3122,63,Female,Hoodie,Clothing,38,Louisiana,L,Black,Fall,2.6,0,Standard,0,0,16,Venmo,Weekly,52,0,Low,Growing,Low,0.5674,Gold,High_Value_Organic,55-64,0,1,2,0.7224,Loyal,0.2202,Transactional
3123,23,Female,Socks,Clothing,45,Georgia,M,Pink,Fall,3.0,0,Express,0,0,34,Credit Card,Fortnightly,26,0,Medium,Established,Medium,0.528,Gold,High_Value_Organic,18-24,1,1,1,0.6655,Loyal,0.2981,Transactional
3124,57,Female,Handbag,Accessories,77,Iowa,XL,Red,Fall,3.3,0,Next Day Air,0,0,40,Venmo,Fortnightly,26,0,Medium,Veteran,High,0.6569,Platinum,High_Value_Organic,55-64,1,1,1,0.7144,Loyal,0.4401,Developing
3125,57,Female,Jewelry,Accessories,51,California,M,Peach,Summer,3.4,0,Standard,0,0,4,Cash,Quarterly,4,0,Medium,New,Medium,0.1255,Bronze,Low_Value_Organic,55-64,0,0,1,0.248,Transactional,0.3729,Transactional
3126,33,Female,Coat,Outerwear,26,Oregon,L,Lavender,Spring,4.0,0,Standard,0,0,3,Cash,Quarterly,4,0,High,New,Low,0.0549,Bronze,Low_Value_Organic,25-34,0,0,0,0.2399,Transactional,0.3788,Transactional
3127,57,Female,Sunglasses,Accessories,76,Maine,L,Lavender,Winter,2.6,0,Store Pickup,0,0,28,Bank Transfer,Fortnightly,26,0,Low,Established,High,0.5565,Gold,High_Value_Organic,55-64,0,1,2,0.6165,Loyal,0.339,Transactional
3128,55,Female,Gloves,Accessories,94,Louisiana,M,Beige,Winter,3.4,0,Free Shipping,0,0,43,Credit Card,Quarterly,4,0,Medium,Veteran,High,0.5514,Gold,High_Value_Organic,55-64,0,1,1,0.5664,Loyal,0.5073,Developing
3129,65,Female,Jacket,Outerwear,32,Arkansas,S,Indigo,Fall,4.4,0,Standard,0,0,20,Cash,Annually,1,0,High,Growing,Low,0.1851,Bronze,Low_Value_Organic,65+,0,0,0,0.3551,Developing,0.4535,Developing
3130,60,Female,Sandals,Footwear,20,Maryland,S,Cyan,Summer,4.7,0,Express,0,0,40,Venmo,Quarterly,4,0,High,Veteran,Low,0.3419,Silver,Low_Value_Organic,55-64,1,0,0,0.5419,Loyal,0.458,Developing
3131,52,Female,Pants,Clothing,20,Vermont,M,Yellow,Summer,4.5,0,Store Pickup,0,0,34,Venmo,Quarterly,4,0,High,Established,Low,0.2929,Silver,Low_Value_Organic,45-54,0,0,0,0.4929,Developing,0.43,Developing
3132,34,Female,Jacket,Outerwear,59,North Dakota,M,Peach,Fall,2.9,0,Store Pickup,0,0,11,Bank Transfer,Quarterly,4,0,Low,Growing,Medium,0.2027,Bronze,Low_Value_Organic,25-34,0,0,2,0.3052,Transactional,0.3279,Transactional
3133,33,Female,Sweater,Clothing,97,Michigan,M,Yellow,Summer,4.2,0,Express,0,0,26,Cash,Quarterly,4,0,High,Established,High,0.4201,Silver,Low_Value_Organic,25-34,1,0,0,0.4276,Developing,0.6286,Loyal
3134,58,Female,T-shirt,Clothing,68,Arkansas,M,Orange,Spring,4.1,0,Next Day Air,0,0,29,Cash,Fortnightly,26,0,High,Established,Medium,0.5446,Gold,High_Value_Organic,55-64,1,1,0,0.6246,Loyal,0.524,Loyal
3135,35,Female,Boots,Footwear,66,Kentucky,L,Gray,Spring,4.4,0,Store Pickup,0,0,47,Bank Transfer,Weekly,52,0,High,Veteran,Medium,0.8905,Platinum,High_Value_Organic,35-44,0,1,0,0.9755,Loyal,0.5598,Loyal
3136,68,Female,Shoes,Footwear,85,Indiana,L,Yellow,Spring,4.7,0,Free Shipping,0,0,48,Venmo,Fortnightly,26,0,High,Veteran,High,0.7423,Platinum,High_Value_Organic,65+,0,1,0,0.7798,Loyal,0.6611,Loyal
3137,58,Female,Skirt,Clothing,32,Minnesota,M,Gray,Fall,3.1,0,Next Day Air,0,0,29,Cash,Fortnightly,26,0,Medium,Established,Low,0.4546,Gold,High_Value_Organic,55-64,1,1,1,0.6246,Loyal,0.2715,Transactional
3138,34,Female,Coat,Outerwear,44,Louisiana,M,Turquoise,Spring,2.7,0,2-Day Shipping,0,0,14,Bank Transfer,Monthly,12,0,Low,Growing,Low,0.2524,Silver,Low_Value_Organic,25-34,1,0,2,0.3924,Developing,0.253,Transactional
3139,47,Female,Blouse,Clothing,95,Kentucky,L,Gray,Fall,4.6,0,Next Day Air,0,0,40,Cash,Quarterly,4,0,High,Veteran,High,0.5294,Gold,High_Value_Organic,45-54,1,1,0,0.5419,Loyal,0.6784,Loyal
3140,35,Female,Sunglasses,Accessories,85,Georgia,M,Olive,Winter,4.4,0,Next Day Air,0,0,4,Venmo,Weekly,52,0,High,New,High,0.587,Gold,High_Value_Organic,35-44,1,1,0,0.6245,Loyal,0.6191,Loyal
3141,34,Female,Gloves,Accessories,44,Alaska,XL,Peach,Summer,4.6,0,Free Shipping,0,0,37,Bank Transfer,Weekly,52,0,High,Established,Low,0.7539,Platinum,High_Value_Organic,25-34,0,1,0,0.8939,Loyal,0.519,Loyal
3142,36,Female,Sunglasses,Accessories,30,Mississippi,S,Peach,Winter,4.9,0,Express,0,0,47,Credit Card,Fortnightly,26,0,High,Veteran,Low,0.5966,Gold,High_Value_Organic,35-44,1,1,0,0.7716,Loyal,0.5172,Developing
3143,23,Female,Sneakers,Footwear,21,Kansas,L,Magenta,Winter,4.0,0,2-Day Shipping,0,0,1,Venmo,Quarterly,4,0,High,New,Low,0.026,Bronze,Low_Value_Organic,18-24,1,0,0,0.2235,Transactional,0.3631,Transactional
3144,68,Female,Hoodie,Clothing,22,Arizona,M,Purple,Summer,2.9,0,Store Pickup,0,0,26,Cash,Quarterly,4,0,Low,Established,Low,0.2326,Bronze,Low_Value_Organic,65+,0,0,2,0.4276,Developing,0.2122,Transactional
3145,23,Female,Boots,Footwear,70,Maine,L,Beige,Spring,2.6,0,Free Shipping,0,0,12,Debit Card,Quarterly,4,0,Low,Growing,Medium,0.2383,Bronze,Low_Value_Organic,18-24,0,0,2,0.3133,Transactional,0.3203,Transactional
3146,57,Female,Handbag,Accessories,29,Texas,XL,Purple,Spring,4.6,0,Standard,0,0,16,PayPal,Fortnightly,26,0,High,Growing,Low,0.341,Silver,Low_Value_Organic,55-64,0,0,0,0.5185,Developing,0.4721,Developing
3147,21,Female,Shirt,Clothing,83,Virginia,S,Yellow,Winter,4.9,0,Free Shipping,0,0,19,PayPal,Annually,1,0,High,Growing,High,0.3044,Silver,Low_Value_Organic,18-24,0,0,0,0.3469,Developing,0.6829,Loyal
3148,45,Female,Sweater,Clothing,99,North Dakota,M,Pink,Winter,4.3,0,Express,0,0,21,Credit Card,Weekly,52,0,High,Growing,High,0.7608,Platinum,High_Value_Organic,45-54,1,1,0,0.7633,Loyal,0.6489,Loyal
3149,37,Female,Shorts,Clothing,35,West Virginia,L,Purple,Fall,4.3,0,Free Shipping,0,0,15,Venmo,Weekly,52,0,High,Growing,Low,0.5518,Gold,High_Value_Organic,35-44,0,1,0,0.7143,Loyal,0.4489,Developing
3150,18,Female,Belt,Accessories,40,North Carolina,M,Lavender,Winter,4.6,0,Free Shipping,0,0,9,Venmo,Annually,1,0,High,New,Low,0.1153,Bronze,Low_Value_Organic,18-24,0,0,0,0.2653,Transactional,0.5065,Developing
3151,55,Female,Blouse,Clothing,25,Georgia,M,Peach,Spring,2.6,0,Express,0,0,7,Bank Transfer,Fortnightly,26,0,Low,New,Low,0.2576,Silver,Low_Value_Organic,55-64,1,0,2,0.4451,Developing,0.1796,Transactional
3152,52,Female,T-shirt,Clothing,64,New Mexico,L,Orange,Fall,3.1,0,2-Day Shipping,0,0,47,Bank Transfer,Quarterly,4,0,Medium,Veteran,Medium,0.509,Gold,High_Value_Organic,45-54,1,1,1,0.599,Loyal,0.3715,Transactional
3153,49,Female,Belt,Accessories,90,North Carolina,M,Red,Fall,3.1,0,Store Pickup,0,0,17,PayPal,Monthly,12,0,Medium,Growing,High,0.3919,Silver,Low_Value_Organic,45-54,0,0,1,0.4169,Developing,0.4528,Developing
3154,56,Female,Socks,Clothing,88,Alabama,L,Red,Fall,3.1,0,Next Day Air,0,0,46,Venmo,Fortnightly,26,0,Medium,Veteran,High,0.7334,Platinum,High_Value_Organic,55-64,1,1,1,0.7634,Loyal,0.4465,Developing
3155,27,Female,Belt,Accessories,55,Connecticut,M,Gold,Winter,4.4,0,Standard,0,0,32,Cash,Quarterly,4,0,High,Established,Medium,0.3641,Silver,Low_Value_Organic,25-34,0,0,0,0.4766,Developing,0.5254,Loyal
3156,22,Female,Handbag,Accessories,90,Montana,M,Brown,Fall,4.3,0,Free Shipping,0,0,34,Cash,Annually,1,0,High,Established,High,0.4444,Silver,Low_Value_Organic,18-24,0,0,0,0.4694,Developing,0.6208,Loyal
3157,18,Female,Shirt,Clothing,50,Montana,M,Black,Winter,3.1,0,2-Day Shipping,0,0,18,Cash,Monthly,12,0,Medium,Growing,Medium,0.3001,Silver,Low_Value_Organic,18-24,1,0,1,0.4251,Developing,0.3278,Transactional
3158,21,Female,Belt,Accessories,34,Maine,L,Red,Fall,3.1,0,Store Pickup,0,0,5,Debit Card,Fortnightly,26,0,Medium,New,Low,0.2637,Silver,Low_Value_Organic,18-24,0,0,1,0.4287,Developing,0.2778,Transactional
3159,30,Female,Jewelry,Accessories,77,Mississippi,M,Gray,Winter,4.9,0,2-Day Shipping,0,0,44,Credit Card,Monthly,12,0,High,Veteran,High,0.5798,Gold,High_Value_Organic,25-34,1,1,0,0.6373,Loyal,0.6641,Loyal
3160,62,Female,Hat,Accessories,89,Louisiana,L,Pink,Winter,2.9,0,Store Pickup,0,0,4,Bank Transfer,Quarterly,4,0,Low,New,High,0.2205,Bronze,Low_Value_Organic,55-64,0,0,2,0.248,Transactional,0.4216,Developing
3161,28,Female,Backpack,Accessories,87,Nebraska,XL,Turquoise,Fall,3.8,0,Next Day Air,0,0,37,Cash,Fortnightly,26,0,Medium,Established,High,0.6575,Platinum,High_Value_Organic,25-34,1,1,1,0.69,Loyal,0.5414,Loyal
3162,66,Female,Dress,Clothing,77,Massachusetts,S,Charcoal,Winter,4.2,0,2-Day Shipping,0,0,43,Cash,Monthly,12,0,High,Veteran,High,0.5716,Gold,High_Value_Organic,65+,1,1,0,0.6291,Loyal,0.5661,Loyal
3163,66,Female,Shoes,Footwear,85,Wisconsin,L,Blue,Winter,3.9,0,Standard,0,0,28,Bank Transfer,Quarterly,4,0,Medium,Established,High,0.4064,Silver,Low_Value_Organic,65+,0,0,1,0.4439,Developing,0.5491,Loyal
3164,49,Female,Pants,Clothing,66,Nebraska,XL,Turquoise,Summer,2.8,0,Express,0,0,36,Cash,Monthly,12,0,Low,Established,Medium,0.487,Gold,High_Value_Organic,45-54,1,1,2,0.572,Loyal,0.3358,Transactional
3165,40,Female,Dress,Clothing,32,Arizona,L,Silver,Winter,2.6,0,Standard,0,0,16,Credit Card,Annually,1,0,Low,Growing,Low,0.1524,Bronze,Low_Value_Organic,35-44,0,0,2,0.3224,Transactional,0.2015,Transactional
3166,49,Female,Jacket,Outerwear,92,Hawaii,M,Lavender,Spring,3.0,0,Store Pickup,0,0,38,Bank Transfer,Quarterly,4,0,Medium,Established,High,0.5056,Gold,High_Value_Organic,45-54,0,1,1,0.5256,Loyal,0.445,Developing
3167,19,Female,Shirt,Clothing,80,Georgia,M,Gold,Winter,2.7,0,Next Day Air,0,0,37,Bank Transfer,Fortnightly,26,0,Low,Established,High,0.64,Gold,High_Value_Organic,18-24,1,1,2,0.69,Loyal,0.3655,Transactional
3168,24,Female,Dress,Clothing,78,Oregon,M,Blue,Fall,2.8,0,2-Day Shipping,0,0,9,Cash,Fortnightly,26,0,Low,New,High,0.4064,Silver,Low_Value_Organic,18-24,1,0,2,0.4614,Developing,0.3732,Transactional
3169,31,Female,Jeans,Clothing,24,Montana,M,Orange,Spring,2.9,0,2-Day Shipping,0,0,14,PayPal,Fortnightly,26,0,Low,Growing,Low,0.3122,Silver,Low_Value_Organic,25-34,1,0,2,0.5022,Developing,0.2185,Transactional
3170,35,Female,T-shirt,Clothing,59,Georgia,M,White,Fall,3.8,0,Free Shipping,0,0,3,Venmo,Weekly,52,0,Medium,New,Medium,0.5138,Gold,High_Value_Organic,35-44,0,1,1,0.6163,Loyal,0.4539,Developing
3171,65,Female,Sunglasses,Accessories,41,Rhode Island,XL,Charcoal,Spring,4.4,0,Express,0,0,10,Credit Card,Fortnightly,26,0,High,Growing,Low,0.322,Silver,Low_Value_Organic,65+,1,0,0,0.4695,Developing,0.4816,Developing
3172,68,Female,Jewelry,Accessories,26,Tennessee,M,Maroon,Spring,3.1,0,Express,0,0,26,Bank Transfer,Fortnightly,26,0,Medium,Established,Low,0.4152,Silver,Low_Value_Organic,65+,1,0,1,0.6002,Loyal,0.2528,Transactional
3173,57,Female,Socks,Clothing,52,Missouri,M,Olive,Fall,3.7,0,Standard,0,0,30,Debit Card,Fortnightly,26,0,Medium,Established,Medium,0.5128,Gold,High_Value_Organic,55-64,0,1,1,0.6328,Loyal,0.418,Developing
3174,69,Female,Skirt,Clothing,46,Washington,L,Teal,Summer,4.9,0,Next Day Air,0,0,32,PayPal,Fortnightly,26,0,High,Established,Medium,0.5141,Gold,High_Value_Organic,65+,1,1,0,0.6491,Loyal,0.5672,Loyal
3175,45,Female,Pants,Clothing,52,Oklahoma,L,Orange,Winter,3.8,0,Store Pickup,0,0,35,PayPal,Monthly,12,0,Medium,Established,Medium,0.4438,Silver,Low_Value_Organic,45-54,0,0,1,0.5638,Loyal,0.432,Developing
3176,35,Female,Socks,Clothing,42,Connecticut,M,Maroon,Fall,3.4,0,Store Pickup,0,0,26,Debit Card,Quarterly,4,0,Medium,Established,Low,0.2826,Silver,Low_Value_Organic,35-44,0,0,1,0.4276,Developing,0.3448,Transactional
3177,36,Female,Sandals,Footwear,37,Arkansas,XL,Turquoise,Spring,4.6,0,2-Day Shipping,0,0,39,Credit Card,Monthly,12,0,High,Established,Low,0.439,Silver,Low_Value_Organic,35-44,1,0,0,0.5965,Loyal,0.4971,Developing
3178,55,Female,Belt,Accessories,52,Missouri,L,Beige,Fall,3.2,0,Standard,0,0,31,Credit Card,Monthly,12,0,Medium,Established,Medium,0.4112,Silver,Low_Value_Organic,55-64,0,0,1,0.5312,Loyal,0.348,Transactional
3179,66,Female,Sandals,Footwear,34,Washington,L,Beige,Spring,2.7,0,Free Shipping,0,0,28,Credit Card,Annually,1,0,Low,Established,Low,0.2554,Silver,Low_Value_Organic,65+,0,0,2,0.4204,Developing,0.2218,Transactional
3180,57,Female,Shorts,Clothing,88,Idaho,M,Olive,Spring,4.3,0,Free Shipping,0,0,12,Debit Card,Fortnightly,26,0,High,Growing,High,0.4559,Gold,High_Value_Organic,55-64,0,1,0,0.4859,Developing,0.6145,Loyal
3181,18,Female,Handbag,Accessories,88,Montana,L,Turquoise,Fall,3.8,0,Standard,0,0,46,PayPal,Weekly,52,0,Medium,Veteran,High,0.9373,Platinum,High_Value_Organic,18-24,0,1,1,0.9673,Loyal,0.5445,Loyal
3182,31,Female,Jacket,Outerwear,51,Montana,M,Charcoal,Summer,4.4,0,Free Shipping,0,0,27,PayPal,Quarterly,4,0,High,Established,Medium,0.3133,Silver,Low_Value_Organic,25-34,0,0,0,0.4358,Developing,0.5129,Developing
3183,50,Female,Sunglasses,Accessories,97,Georgia,L,Green,Fall,3.6,0,Free Shipping,0,0,4,Credit Card,Annually,1,0,Medium,New,High,0.217,Bronze,Low_Value_Organic,45-54,0,0,1,0.2245,Transactional,0.5446,Loyal
3184,50,Female,Sneakers,Footwear,56,Mississippi,M,Green,Winter,3.5,0,Standard,0,0,14,Cash,Quarterly,4,0,Medium,Growing,Medium,0.2197,Bronze,Low_Value_Organic,45-54,0,0,1,0.3297,Transactional,0.4025,Developing
3185,61,Female,Sweater,Clothing,53,Hawaii,L,Green,Spring,4.2,0,2-Day Shipping,0,0,30,Venmo,Quarterly,4,0,High,Established,Medium,0.3428,Silver,Low_Value_Organic,55-64,1,0,0,0.4603,Developing,0.4911,Developing
3186,52,Female,Skirt,Clothing,71,Ohio,L,Gold,Fall,4.7,0,Express,0,0,6,PayPal,Annually,1,0,High,New,Medium,0.1683,Bronze,Low_Value_Organic,45-54,1,0,0,0.2408,Transactional,0.6174,Loyal
3187,38,Female,Jewelry,Accessories,93,Virginia,S,Cyan,Winter,4.8,0,Store Pickup,0,0,43,Venmo,Annually,1,0,High,Veteran,High,0.5254,Gold,High_Value_Organic,35-44,0,1,0,0.5429,Loyal,0.7001,Loyal
3188,67,Female,Blouse,Clothing,72,Texas,L,Indigo,Winter,3.2,0,Free Shipping,0,0,28,Debit Card,Weekly,52,0,Medium,Established,Medium,0.7504,Platinum,High_Value_Organic,65+,0,1,1,0.8204,Loyal,0.4105,Developing
3189,42,Female,Blouse,Clothing,59,Vermont,M,Lavender,Winter,3.5,0,Standard,0,0,39,Bank Transfer,Monthly,12,0,Medium,Established,Medium,0.494,Gold,High_Value_Organic,35-44,0,1,1,0.5965,Loyal,0.4119,Developing
3190,25,Female,Boots,Footwear,87,Kansas,M,Beige,Summer,4.2,0,Store Pickup,0,0,30,PayPal,Fortnightly,26,0,High,Established,High,0.6003,Gold,High_Value_Organic,25-34,0,1,0,0.6328,Loyal,0.5974,Loyal
3191,41,Female,Jeans,Clothing,78,California,S,Purple,Fall,3.4,0,Free Shipping,0,0,5,Credit Card,Fortnightly,26,0,Medium,New,High,0.3737,Silver,Low_Value_Organic,35-44,0,0,1,0.4287,Developing,0.4572,Developing
3192,62,Female,Hoodie,Clothing,68,Mississippi,XL,Maroon,Winter,4.7,0,Store Pickup,0,0,42,Credit Card,Quarterly,4,0,High,Veteran,Medium,0.4782,Gold,High_Value_Organic,55-64,0,1,0,0.5582,Loyal,0.608,Loyal
3193,19,Female,Sweater,Clothing,76,Iowa,S,Maroon,Fall,3.0,0,Free Shipping,0,0,20,Cash,Fortnightly,26,0,Medium,Growing,High,0.4912,Gold,High_Value_Organic,18-24,0,1,1,0.5512,Loyal,0.395,Developing
3194,63,Female,Gloves,Accessories,99,Virginia,L,Teal,Winter,4.0,0,Express,0,0,35,Credit Card,Fortnightly,26,0,High,Established,High,0.6711,Platinum,High_Value_Organic,55-64,1,1,0,0.6736,Loyal,0.6069,Loyal
3195,43,Female,Sneakers,Footwear,52,Maryland,L,Gold,Summer,4.6,0,Standard,0,0,10,Credit Card,Fortnightly,26,0,High,Growing,Medium,0.3495,Silver,Low_Value_Organic,35-44,0,0,0,0.4695,Developing,0.544,Loyal
3196,68,Female,Sunglasses,Accessories,58,Missouri,S,Red,Spring,4.9,0,Next Day Air,0,0,36,Credit Card,Quarterly,4,0,High,Established,Medium,0.4042,Silver,Low_Value_Organic,65+,1,0,0,0.5092,Developing,0.6048,Loyal
3197,24,Female,Belt,Accessories,59,Wisconsin,L,Maroon,Winter,2.8,0,Express,0,0,21,Debit Card,Fortnightly,26,0,Low,Growing,Medium,0.4568,Gold,High_Value_Organic,18-24,1,1,2,0.5593,Loyal,0.3139,Transactional
3198,27,Female,Sweater,Clothing,71,Maine,M,Teal,Spring,3.2,0,Free Shipping,0,0,29,Credit Card,Quarterly,4,0,Medium,Established,Medium,0.3796,Silver,Low_Value_Organic,25-34,0,0,1,0.4521,Developing,0.4074,Developing
3199,61,Female,Gloves,Accessories,94,Pennsylvania,L,Peach,Winter,2.8,0,Free Shipping,0,0,39,Debit Card,Weekly,52,0,Low,Established,High,0.8952,Platinum,High_Value_Organic,55-64,0,1,2,0.9102,Loyal,0.4232,Developing
3200,59,Female,Handbag,Accessories,40,Maine,XL,Pink,Winter,4.2,0,Express,0,0,16,PayPal,Monthly,12,0,High,Growing,Low,0.2587,Silver,Low_Value_Organic,55-64,1,0,0,0.4087,Developing,0.4505,Developing
3201,67,Female,Socks,Clothing,24,Missouri,L,Black,Spring,4.8,0,Free Shipping,0,0,32,Credit Card,Monthly,12,0,High,Established,Low,0.3493,Silver,Low_Value_Organic,65+,0,0,0,0.5393,Loyal,0.4845,Developing
3202,46,Female,Pants,Clothing,38,Vermont,S,Indigo,Fall,2.8,0,2-Day Shipping,0,0,34,Cash,Monthly,12,0,Low,Established,Low,0.4007,Silver,Low_Value_Organic,45-54,1,0,2,0.5557,Loyal,0.2482,Transactional
3203,65,Female,Scarf,Accessories,37,Wisconsin,L,Green,Fall,4.5,0,Standard,0,0,38,Venmo,Annually,1,0,High,Established,Low,0.3445,Silver,Low_Value_Organic,65+,0,0,0,0.502,Developing,0.4831,Developing
3204,63,Female,Coat,Outerwear,29,New Jersey,L,Teal,Spring,4.1,0,Express,0,0,14,Venmo,Annually,1,0,High,Growing,Low,0.1286,Bronze,Low_Value_Organic,55-64,1,0,0,0.3061,Transactional,0.4021,Developing
3205,57,Female,Jacket,Outerwear,92,New Mexico,XL,Lavender,Fall,4.3,0,Free Shipping,0,0,23,Debit Card,Fortnightly,26,0,High,Growing,High,0.5557,Gold,High_Value_Organic,55-64,0,1,0,0.5757,Loyal,0.627,Loyal
3206,40,Female,Hoodie,Clothing,24,Colorado,XL,Magenta,Fall,4.4,0,2-Day Shipping,0,0,50,Bank Transfer,Quarterly,4,0,High,Veteran,Low,0.4335,Silver,Low_Value_Organic,35-44,1,0,0,0.6235,Loyal,0.4285,Developing
3207,36,Female,Boots,Footwear,52,California,M,Brown,Winter,3.0,0,Free Shipping,0,0,49,PayPal,Monthly,12,0,Medium,Veteran,Medium,0.5581,Gold,High_Value_Organic,35-44,0,1,1,0.6781,Loyal,0.32,Transactional
3208,67,Female,Socks,Clothing,29,Arizona,XL,Beige,Summer,2.7,0,Next Day Air,0,0,14,PayPal,Annually,1,0,Low,Growing,Low,0.1286,Bronze,Low_Value_Organic,65+,1,0,2,0.3061,Transactional,0.2061,Transactional
3209,61,Female,Jewelry,Accessories,30,Indiana,L,Indigo,Winter,3.3,0,2-Day Shipping,0,0,42,PayPal,Weekly,52,0,Medium,Veteran,Low,0.7597,Platinum,High_Value_Organic,55-64,1,1,1,0.9347,Loyal,0.2932,Transactional
3210,64,Female,Shoes,Footwear,31,Arkansas,L,Peach,Fall,4.3,0,Standard,0,0,39,Debit Card,Annually,1,0,High,Established,Low,0.3377,Silver,Low_Value_Organic,55-64,0,0,0,0.5102,Developing,0.4364,Developing
3211,30,Female,Socks,Clothing,67,Nevada,M,Magenta,Summer,2.9,0,Express,0,0,43,Venmo,Fortnightly,26,0,Low,Veteran,Medium,0.6564,Platinum,High_Value_Organic,25-34,1,1,2,0.7389,Loyal,0.3529,Transactional
3212,53,Female,Pants,Clothing,65,Rhode Island,L,Turquoise,Winter,4.9,0,Standard,0,0,12,Cash,Monthly,12,0,High,Growing,Medium,0.2886,Silver,Low_Value_Organic,45-54,0,0,0,0.3761,Developing,0.6266,Loyal
3213,27,Female,Sneakers,Footwear,22,Wyoming,M,Indigo,Winter,3.6,0,2-Day Shipping,0,0,21,Debit Card,Weekly,52,0,Medium,Growing,Low,0.5683,Gold,High_Value_Organic,25-34,1,1,1,0.7633,Loyal,0.3103,Transactional
3214,27,Female,Sunglasses,Accessories,56,Texas,M,Brown,Winter,3.3,0,Standard,0,0,33,Credit Card,Monthly,12,0,Medium,Established,Medium,0.4375,Silver,Low_Value_Organic,25-34,0,0,1,0.5475,Loyal,0.3745,Transactional
3215,53,Female,Skirt,Clothing,78,Washington,M,Yellow,Spring,3.1,0,Free Shipping,0,0,6,Debit Card,Annually,1,0,Medium,New,High,0.1858,Bronze,Low_Value_Organic,45-54,0,0,1,0.2408,Transactional,0.4153,Developing
3216,34,Female,Coat,Outerwear,90,Rhode Island,M,Magenta,Summer,2.7,0,Free Shipping,0,0,10,PayPal,Quarterly,4,0,Low,Growing,High,0.272,Silver,Low_Value_Organic,25-34,0,0,2,0.297,Transactional,0.3968,Developing
3217,39,Female,Hoodie,Clothing,85,Illinois,S,Olive,Winter,3.4,0,Next Day Air,0,0,18,Cash,Weekly,52,0,Medium,Growing,High,0.7013,Platinum,High_Value_Organic,35-44,1,1,1,0.7388,Loyal,0.4791,Developing
3218,44,Female,Sunglasses,Accessories,58,Oregon,M,Silver,Fall,3.4,0,Express,0,0,46,Venmo,Weekly,52,0,Medium,Veteran,Medium,0.8623,Platinum,High_Value_Organic,35-44,1,1,1,0.9673,Loyal,0.3948,Developing
3219,37,Female,Skirt,Clothing,34,Florida,M,Teal,Fall,3.9,0,Express,0,0,49,PayPal,Monthly,12,0,Medium,Veteran,Low,0.5131,Gold,High_Value_Organic,35-44,1,1,1,0.6781,Loyal,0.3898,Developing
3220,57,Female,Coat,Outerwear,40,Kansas,L,White,Summer,3.5,0,2-Day Shipping,0,0,39,Credit Card,Weekly,52,0,Medium,Established,Low,0.7602,Platinum,High_Value_Organic,55-64,1,1,1,0.9102,Loyal,0.3525,Transactional
3221,38,Female,Handbag,Accessories,29,North Dakota,M,Blue,Fall,4.1,0,Free Shipping,0,0,16,Cash,Monthly,12,0,High,Growing,Low,0.2312,Bronze,Low_Value_Organic,35-44,0,0,0,0.4087,Developing,0.4021,Developing
3222,21,Female,T-shirt,Clothing,76,New Hampshire,M,Yellow,Winter,3.2,0,Standard,0,0,28,Cash,Annually,1,0,Medium,Established,High,0.3604,Silver,Low_Value_Organic,18-24,0,0,1,0.4204,Developing,0.423,Developing
3223,45,Female,Sunglasses,Accessories,84,Texas,S,Maroon,Fall,4.6,0,Store Pickup,0,0,22,PayPal,Quarterly,4,0,High,Growing,High,0.355,Silver,Low_Value_Organic,45-54,0,0,0,0.395,Developing,0.644,Loyal
3224,68,Female,Shirt,Clothing,65,Montana,S,Gray,Spring,3.9,0,Standard,0,0,36,Venmo,Fortnightly,26,0,Medium,Established,Medium,0.5943,Gold,High_Value_Organic,65+,0,1,1,0.6818,Loyal,0.4866,Developing
3225,37,Female,Hoodie,Clothing,80,Delaware,L,Indigo,Winter,2.7,0,Free Shipping,0,0,18,PayPal,Monthly,12,0,Low,Growing,High,0.3751,Silver,Low_Value_Organic,35-44,0,0,2,0.4251,Developing,0.3655,Transactional
3226,53,Female,Blouse,Clothing,98,New Hampshire,M,Pink,Fall,3.0,0,Store Pickup,0,0,31,Credit Card,Weekly,52,0,Medium,Established,High,0.8399,Platinum,High_Value_Organic,45-54,0,1,1,0.8449,Loyal,0.4638,Developing
3227,57,Female,Sneakers,Footwear,71,Minnesota,XL,Beige,Spring,3.3,0,Next Day Air,0,0,38,Bank Transfer,Fortnightly,26,0,Medium,Established,Medium,0.6256,Gold,High_Value_Organic,55-64,1,1,1,0.6981,Loyal,0.4214,Developing
3228,28,Female,Scarf,Accessories,69,Alaska,XL,White,Fall,2.7,0,Free Shipping,0,0,42,Debit Card,Quarterly,4,0,Low,Veteran,Medium,0.4807,Gold,High_Value_Organic,25-34,0,1,2,0.5582,Loyal,0.3311,Transactional
3229,37,Female,Jewelry,Accessories,95,Connecticut,M,Yellow,Spring,4.6,0,2-Day Shipping,0,0,27,PayPal,Annually,1,0,High,Established,High,0.3997,Silver,Low_Value_Organic,35-44,1,0,0,0.4122,Developing,0.6784,Loyal
3230,54,Female,Pants,Clothing,67,Connecticut,M,Teal,Fall,2.7,0,Express,0,0,24,Cash,Monthly,12,0,Low,Growing,Medium,0.3915,Silver,Low_Value_Organic,45-54,1,0,2,0.474,Developing,0.3249,Transactional
3231,49,Female,Sneakers,Footwear,49,Kansas,M,Olive,Summer,2.5,0,Next Day Air,0,0,38,Debit Card,Annually,1,0,Low,Established,Medium,0.3745,Silver,Low_Value_Organic,45-54,1,0,2,0.502,Developing,0.2406,Transactional
3232,62,Female,Shoes,Footwear,97,Nevada,M,Maroon,Winter,4.4,0,Free Shipping,0,0,9,Credit Card,Annually,1,0,High,New,High,0.2578,Silver,Low_Value_Organic,55-64,0,0,0,0.2653,Transactional,0.6566,Loyal
3233,45,Female,T-shirt,Clothing,34,Massachusetts,M,White,Spring,4.0,0,Next Day Air,0,0,19,Bank Transfer,Monthly,12,0,High,Growing,Low,0.2682,Silver,Low_Value_Organic,45-54,1,0,0,0.4332,Developing,0.4038,Developing
3234,45,Female,Belt,Accessories,74,Indiana,M,Lavender,Fall,3.8,0,Express,0,0,11,Debit Card,Fortnightly,26,0,Medium,Growing,High,0.4127,Silver,Low_Value_Organic,45-54,1,0,1,0.4777,Developing,0.5008,Developing
3235,49,Female,Jewelry,Accessories,96,Washington,M,Black,Winter,2.5,0,2-Day Shipping,0,0,16,Debit Card,Quarterly,4,0,Low,Growing,High,0.336,Silver,Low_Value_Organic,45-54,1,0,2,0.346,Developing,0.3875,Developing
3236,27,Female,Belt,Accessories,68,Kansas,M,Green,Summer,4.0,0,Free Shipping,0,0,18,Venmo,Monthly,12,0,High,Growing,Medium,0.3451,Silver,Low_Value_Organic,25-34,0,0,0,0.4251,Developing,0.51,Developing
3237,63,Female,Belt,Accessories,84,South Carolina,L,Olive,Fall,4.1,0,Next Day Air,0,0,8,Cash,Monthly,12,0,High,New,High,0.3034,Silver,Low_Value_Organic,55-64,1,0,0,0.3434,Transactional,0.574,Loyal
3238,61,Female,T-shirt,Clothing,57,Vermont,M,Gray,Summer,2.8,0,Express,0,0,4,Cash,Weekly,52,0,Low,New,Medium,0.517,Gold,High_Value_Organic,55-64,1,1,2,0.6245,Loyal,0.3076,Transactional
3239,25,Female,Sneakers,Footwear,84,Wyoming,XL,Teal,Fall,3.4,0,2-Day Shipping,0,0,37,Cash,Quarterly,4,0,Medium,Established,High,0.4774,Gold,High_Value_Organic,25-34,1,1,1,0.5174,Developing,0.476,Developing
3240,33,Female,Sunglasses,Accessories,32,Colorado,M,Charcoal,Fall,2.7,0,2-Day Shipping,0,0,30,Cash,Monthly,12,0,Low,Established,Low,0.353,Silver,Low_Value_Organic,25-34,1,0,2,0.523,Developing,0.2155,Transactional
3241,56,Female,Sandals,Footwear,37,West Virginia,M,Violet,Fall,3.8,0,2-Day Shipping,0,0,37,Bank Transfer,Monthly,12,0,Medium,Established,Low,0.4227,Silver,Low_Value_Organic,55-64,1,0,1,0.5802,Loyal,0.3851,Transactional
3242,50,Female,Handbag,Accessories,58,Connecticut,M,Lavender,Summer,4.4,0,Store Pickup,0,0,30,PayPal,Quarterly,4,0,High,Established,Medium,0.3553,Silver,Low_Value_Organic,45-54,0,0,0,0.4603,Developing,0.5348,Loyal
3243,45,Female,Socks,Clothing,74,Oregon,S,Beige,Fall,2.8,0,Express,0,0,17,Venmo,Weekly,52,0,Low,Growing,High,0.6656,Platinum,High_Value_Organic,45-54,1,1,2,0.7306,Loyal,0.3607,Transactional
3244,45,Female,Hoodie,Clothing,99,Idaho,L,Black,Summer,5.0,0,Store Pickup,0,0,11,Bank Transfer,Quarterly,4,0,High,Growing,High,0.3027,Silver,Low_Value_Organic,45-54,0,0,0,0.3052,Transactional,0.7469,Loyal
3245,65,Female,Sweater,Clothing,81,Arkansas,M,Black,Fall,4.7,0,Express,0,0,42,Credit Card,Annually,1,0,High,Veteran,High,0.4872,Gold,High_Value_Organic,65+,1,1,0,0.5347,Loyal,0.6486,Loyal
3246,63,Female,Pants,Clothing,76,Kansas,M,Purple,Fall,3.2,0,Next Day Air,0,0,20,Cash,Weekly,52,0,Medium,Growing,High,0.6951,Platinum,High_Value_Organic,55-64,1,1,1,0.7551,Loyal,0.423,Developing
3247,70,Female,Sneakers,Footwear,98,Michigan,M,Magenta,Summer,2.9,0,Store Pickup,0,0,37,Cash,Monthly,12,0,Low,Established,High,0.5752,Gold,High_Value_Organic,65+,0,1,2,0.5802,Loyal,0.4498,Developing
3248,53,Female,Gloves,Accessories,91,Arkansas,M,Teal,Summer,3.7,0,Express,0,0,12,PayPal,Fortnightly,26,0,Medium,Growing,High,0.4634,Gold,High_Value_Organic,45-54,1,1,1,0.4859,Developing,0.5399,Loyal
3249,22,Female,T-shirt,Clothing,79,Pennsylvania,S,Teal,Summer,4.2,0,Free Shipping,0,0,41,Bank Transfer,Quarterly,4,0,High,Veteran,High,0.4976,Gold,High_Value_Organic,18-24,0,1,0,0.5501,Loyal,0.5724,Loyal
3250,26,Female,Backpack,Accessories,83,Virginia,M,Pink,Summer,3.4,0,Express,0,0,32,Credit Card,Quarterly,4,0,Medium,Established,High,0.4341,Silver,Low_Value_Organic,25-34,1,0,1,0.4766,Developing,0.4729,Developing
3251,23,Female,Coat,Outerwear,90,Minnesota,M,Teal,Spring,2.9,0,2-Day Shipping,0,0,15,Venmo,Weekly,52,0,Low,Growing,High,0.6893,Platinum,High_Value_Organic,18-24,1,1,2,0.7143,Loyal,0.4248,Developing
3252,25,Female,Coat,Outerwear,20,Nevada,M,Gold,Winter,3.7,0,Standard,0,0,39,Venmo,Quarterly,4,0,Medium,Established,Low,0.3337,Silver,Low_Value_Organic,25-34,0,0,1,0.5337,Loyal,0.318,Transactional
3253,69,Female,Sandals,Footwear,21,Montana,L,Brown,Spring,2.7,0,Store Pickup,0,0,48,Credit Card,Fortnightly,26,0,Low,Veteran,Low,0.5823,Gold,High_Value_Organic,65+,0,1,2,0.7798,Loyal,0.1811,Transactional
3254,36,Female,Backpack,Accessories,60,Nebraska,M,Brown,Fall,3.2,0,2-Day Shipping,0,0,8,Venmo,Fortnightly,26,0,Medium,New,Medium,0.3532,Silver,Low_Value_Organic,35-44,1,0,1,0.4532,Developing,0.373,Transactional
3255,21,Female,Sweater,Clothing,31,Indiana,S,Magenta,Winter,4.9,0,Store Pickup,0,0,11,Bank Transfer,Quarterly,4,0,High,Growing,Low,0.1327,Bronze,Low_Value_Organic,18-24,0,0,0,0.3052,Transactional,0.5204,Loyal
3256,57,Female,Shorts,Clothing,40,New Jersey,M,Black,Fall,2.8,0,Next Day Air,0,0,36,Bank Transfer,Monthly,12,0,Low,Established,Low,0.422,Silver,Low_Value_Organic,55-64,1,0,2,0.572,Loyal,0.2545,Transactional
3257,60,Female,Sunglasses,Accessories,26,Wisconsin,L,Teal,Winter,4.7,0,Free Shipping,0,0,50,Venmo,Quarterly,4,0,High,Veteran,Low,0.4385,Silver,Low_Value_Organic,55-64,0,0,0,0.6235,Loyal,0.4768,Developing
3258,44,Female,Shirt,Clothing,98,Minnesota,M,Brown,Fall,3.3,0,Express,0,0,39,Venmo,Quarterly,4,0,Medium,Established,High,0.5287,Gold,High_Value_Organic,35-44,1,1,1,0.5337,Loyal,0.5058,Developing
3259,31,Female,Shoes,Footwear,51,New Jersey,M,Magenta,Spring,4.3,0,Express,0,0,11,Credit Card,Fortnightly,26,0,High,Growing,Medium,0.3552,Silver,Low_Value_Organic,25-34,1,0,0,0.4777,Developing,0.4989,Developing
3260,57,Female,Hat,Accessories,95,Oklahoma,XL,Indigo,Fall,3.7,0,2-Day Shipping,0,0,5,Debit Card,Quarterly,4,0,Medium,New,High,0.2437,Bronze,Low_Value_Organic,55-64,1,0,1,0.2562,Transactional,0.5524,Loyal
3261,39,Female,Scarf,Accessories,36,Wisconsin,M,Violet,Summer,4.5,0,2-Day Shipping,0,0,7,Credit Card,Annually,1,0,High,New,Low,0.089,Bronze,Low_Value_Organic,35-44,1,0,0,0.249,Transactional,0.48,Developing
3262,48,Female,Belt,Accessories,52,Rhode Island,L,Cyan,Winter,3.4,0,Store Pickup,0,0,50,Debit Card,Weekly,52,0,Medium,Veteran,Medium,0.88,Platinum,High_Value_Organic,45-54,0,1,1,1.0,Loyal,0.376,Transactional
3263,42,Female,T-shirt,Clothing,35,Indiana,M,Violet,Spring,2.7,0,Standard,0,0,21,Cash,Quarterly,4,0,Low,Growing,Low,0.2243,Bronze,Low_Value_Organic,35-44,0,0,2,0.3868,Developing,0.2249,Transactional
3264,56,Female,Shorts,Clothing,68,Vermont,S,Black,Fall,4.4,0,Express,0,0,31,Debit Card,Fortnightly,26,0,High,Established,Medium,0.561,Gold,High_Value_Organic,55-64,1,1,0,0.641,Loyal,0.566,Loyal
3265,28,Female,Pants,Clothing,50,Maine,S,Charcoal,Winter,4.0,0,Express,0,0,39,Cash,Fortnightly,26,0,High,Established,Medium,0.5813,Gold,High_Value_Organic,25-34,1,1,0,0.7063,Loyal,0.4538,Developing
3266,40,Female,Sunglasses,Accessories,100,Alabama,M,White,Winter,3.2,0,Express,0,0,28,Credit Card,Fortnightly,26,0,Medium,Established,High,0.6165,Gold,High_Value_Organic,35-44,1,1,1,0.6165,Loyal,0.498,Developing
3267,49,Female,Coat,Outerwear,74,Alabama,S,Gray,Winter,4.2,0,Next Day Air,0,0,33,Bank Transfer,Weekly,52,0,High,Established,High,0.7962,Platinum,High_Value_Organic,45-54,1,1,0,0.8612,Loyal,0.5568,Loyal
3268,37,Female,Hoodie,Clothing,45,Idaho,L,Pink,Winter,3.0,0,Store Pickup,0,0,42,Credit Card,Quarterly,4,0,Medium,Veteran,Medium,0.4207,Silver,Low_Value_Organic,35-44,0,0,1,0.5582,Loyal,0.2981,Transactional
3269,22,Female,Dress,Clothing,97,Arkansas,M,Cyan,Fall,2.8,0,Free Shipping,0,0,5,Bank Transfer,Quarterly,4,0,Low,New,High,0.2487,Bronze,Low_Value_Organic,18-24,0,0,2,0.2562,Transactional,0.4326,Developing
3270,27,Female,Blouse,Clothing,60,Ohio,M,Blue,Winter,4.9,0,Express,0,0,25,Cash,Monthly,12,0,High,Established,Medium,0.3822,Silver,Low_Value_Organic,25-34,1,0,0,0.4822,Developing,0.611,Loyal
3271,59,Female,Socks,Clothing,25,Illinois,M,Indigo,Winter,4.7,0,Express,0,0,48,PayPal,Annually,1,0,High,Veteran,Low,0.3962,Silver,Low_Value_Organic,55-64,1,0,0,0.5837,Loyal,0.4736,Developing
3272,35,Female,Socks,Clothing,55,Nevada,XL,Magenta,Spring,4.4,0,Standard,0,0,30,Credit Card,Weekly,52,0,High,Established,Medium,0.7242,Platinum,High_Value_Organic,35-44,0,1,0,0.8367,Loyal,0.5254,Loyal
3273,58,Female,Shoes,Footwear,99,Texas,M,Lavender,Winter,3.1,0,Next Day Air,0,0,34,PayPal,Quarterly,4,0,Medium,Established,High,0.4904,Gold,High_Value_Organic,55-64,1,1,1,0.4929,Developing,0.4809,Developing
3274,58,Female,Belt,Accessories,45,Nevada,S,Orange,Summer,2.6,0,Free Shipping,0,0,34,PayPal,Quarterly,4,0,Low,Established,Medium,0.3554,Silver,Low_Value_Organic,55-64,0,0,2,0.4929,Developing,0.2421,Transactional
3275,46,Female,Sweater,Clothing,20,Oklahoma,M,Cyan,Spring,3.9,0,Store Pickup,0,0,14,Cash,Fortnightly,26,0,Medium,Growing,Low,0.3022,Silver,Low_Value_Organic,45-54,0,0,1,0.5022,Developing,0.346,Transactional
3276,43,Female,Pants,Clothing,88,Alabama,XL,Green,Summer,2.6,0,2-Day Shipping,0,0,2,Debit Card,Weekly,52,0,Low,New,High,0.5782,Gold,High_Value_Organic,35-44,1,1,2,0.6082,Loyal,0.3765,Transactional
3277,39,Female,Scarf,Accessories,99,South Dakota,M,White,Summer,4.0,0,Store Pickup,0,0,41,PayPal,Quarterly,4,0,High,Veteran,High,0.5476,Gold,High_Value_Organic,35-44,0,1,0,0.5501,Loyal,0.6069,Loyal
3278,59,Female,Skirt,Clothing,86,Texas,M,Blue,Spring,4.9,0,Store Pickup,0,0,3,Credit Card,Monthly,12,0,High,New,High,0.2676,Silver,Low_Value_Organic,55-64,0,0,0,0.3026,Transactional,0.6922,Loyal
3279,59,Female,Dress,Clothing,70,Montana,M,Black,Summer,3.3,0,2-Day Shipping,0,0,18,Bank Transfer,Weekly,52,0,Medium,Growing,Medium,0.6638,Platinum,High_Value_Organic,55-64,1,1,1,0.7388,Loyal,0.4182,Developing
3280,59,Female,Hat,Accessories,50,Wyoming,S,Red,Fall,3.0,0,Express,0,0,1,Debit Card,Fortnightly,26,0,Medium,New,Medium,0.2711,Silver,Low_Value_Organic,55-64,1,0,1,0.3961,Developing,0.3138,Transactional
3281,45,Female,Handbag,Accessories,57,New York,L,Red,Winter,2.7,0,Next Day Air,0,0,5,PayPal,Monthly,12,0,Low,New,Medium,0.2114,Bronze,Low_Value_Organic,45-54,1,0,2,0.3189,Transactional,0.2936,Transactional
3282,27,Female,Pants,Clothing,69,Oregon,L,Gold,Winter,3.1,0,Free Shipping,0,0,41,Bank Transfer,Annually,1,0,Medium,Veteran,Medium,0.449,Silver,Low_Value_Organic,25-34,0,0,1,0.5265,Loyal,0.3871,Developing
3283,24,Female,T-shirt,Clothing,94,California,M,Red,Fall,4.8,0,Next Day Air,0,0,5,Credit Card,Monthly,12,0,High,New,High,0.3039,Silver,Low_Value_Organic,18-24,1,0,0,0.3189,Transactional,0.7032,Loyal
3284,47,Female,Jacket,Outerwear,24,North Carolina,L,Purple,Spring,2.9,0,Express,0,0,10,Debit Card,Quarterly,4,0,Low,Growing,Low,0.107,Bronze,Low_Value_Organic,45-54,1,0,2,0.297,Transactional,0.2185,Transactional
3285,70,Female,Scarf,Accessories,79,Kentucky,L,White,Spring,4.5,0,2-Day Shipping,0,0,20,Venmo,Annually,1,0,High,Growing,High,0.3026,Silver,Low_Value_Organic,65+,1,0,0,0.3551,Developing,0.6144,Loyal
3286,58,Female,Hat,Accessories,31,Hawaii,XL,Magenta,Fall,4.6,0,Free Shipping,0,0,11,Cash,Weekly,52,0,High,Growing,Low,0.5091,Gold,High_Value_Organic,55-64,0,1,0,0.6816,Loyal,0.4784,Developing
3287,45,Female,Jacket,Outerwear,67,Illinois,L,Pink,Winter,5.0,0,Express,0,0,4,Venmo,Fortnightly,26,0,High,New,Medium,0.3381,Silver,Low_Value_Organic,45-54,1,0,0,0.4206,Developing,0.6469,Loyal
3288,24,Female,Skirt,Clothing,63,West Virginia,L,Black,Spring,4.3,0,2-Day Shipping,0,0,38,Credit Card,Weekly,52,0,High,Established,Medium,0.8095,Platinum,High_Value_Organic,18-24,1,1,0,0.902,Loyal,0.5364,Loyal
3289,67,Female,Handbag,Accessories,61,South Carolina,XL,White,Spring,4.9,0,Next Day Air,0,0,19,Credit Card,Fortnightly,26,0,High,Growing,Medium,0.4455,Silver,Low_Value_Organic,65+,1,0,0,0.543,Loyal,0.6141,Loyal
3290,31,Female,Backpack,Accessories,50,Montana,M,Maroon,Summer,4.0,0,2-Day Shipping,0,0,16,Venmo,Quarterly,4,0,High,Growing,Medium,0.221,Bronze,Low_Value_Organic,25-34,1,0,0,0.346,Developing,0.4538,Developing
3291,52,Female,Coat,Outerwear,82,North Dakota,L,Black,Spring,3.1,0,Free Shipping,0,0,2,PayPal,Monthly,12,0,Medium,New,High,0.2494,Bronze,Low_Value_Organic,45-54,0,0,1,0.2944,Transactional,0.4278,Developing
3292,29,Female,Belt,Accessories,51,New Mexico,L,Olive,Fall,2.6,0,2-Day Shipping,0,0,11,Cash,Monthly,12,0,Low,Growing,Medium,0.2454,Bronze,Low_Value_Organic,25-34,1,0,2,0.3679,Developing,0.2609,Transactional
3293,62,Female,Handbag,Accessories,23,Missouri,L,Gray,Spring,4.9,0,Standard,0,0,18,Bank Transfer,Fortnightly,26,0,High,Growing,Low,0.3424,Silver,Low_Value_Organic,55-64,0,0,0,0.5349,Loyal,0.4954,Developing
3294,19,Female,Coat,Outerwear,91,West Virginia,M,Gold,Spring,3.5,0,2-Day Shipping,0,0,47,Credit Card,Fortnightly,26,0,Medium,Veteran,High,0.7491,Platinum,High_Value_Organic,18-24,1,1,1,0.7716,Loyal,0.5119,Developing
3295,62,Female,Sweater,Clothing,60,South Carolina,S,Magenta,Spring,4.5,0,Store Pickup,0,0,15,Bank Transfer,Fortnightly,26,0,High,Growing,Medium,0.4104,Silver,Low_Value_Organic,55-64,0,0,0,0.5104,Developing,0.555,Loyal
3296,70,Female,Blouse,Clothing,34,West Virginia,S,Lavender,Summer,2.8,0,Next Day Air,0,0,15,Cash,Weekly,52,0,Low,Growing,Low,0.5493,Gold,High_Value_Organic,65+,1,1,2,0.7143,Loyal,0.2357,Transactional
3297,20,Female,Blouse,Clothing,23,Alaska,M,Green,Spring,4.2,0,Next Day Air,0,0,47,Venmo,Quarterly,4,0,High,Veteran,Low,0.4065,Silver,Low_Value_Organic,18-24,1,0,0,0.599,Loyal,0.3974,Developing
3298,67,Female,Belt,Accessories,82,West Virginia,M,Violet,Fall,4.1,0,Free Shipping,0,0,47,PayPal,Monthly,12,0,High,Veteran,High,0.6168,Gold,High_Value_Organic,65+,0,1,0,0.6618,Loyal,0.5678,Loyal
3299,65,Female,Jacket,Outerwear,73,New Mexico,M,Brown,Fall,3.5,0,Express,0,0,6,Bank Transfer,Quarterly,4,0,Medium,New,High,0.1968,Bronze,Low_Value_Organic,65+,1,0,1,0.2643,Transactional,0.4556,Developing
3300,45,Female,Shorts,Clothing,32,South Dakota,L,Teal,Spring,4.0,0,2-Day Shipping,0,0,18,Venmo,Monthly,12,0,High,Growing,Low,0.2551,Silver,Low_Value_Organic,45-54,1,0,0,0.4251,Developing,0.3975,Developing
3301,26,Female,Hat,Accessories,80,Oklahoma,M,Charcoal,Spring,4.0,0,Express,0,0,40,Bank Transfer,Fortnightly,26,0,High,Veteran,High,0.6644,Platinum,High_Value_Organic,25-34,1,1,0,0.7144,Loyal,0.5475,Loyal
3302,36,Female,Pants,Clothing,58,Oklahoma,XL,Charcoal,Summer,2.5,0,Free Shipping,0,0,31,Credit Card,Fortnightly,26,0,Low,Established,Medium,0.536,Gold,High_Value_Organic,35-44,0,1,2,0.641,Loyal,0.2688,Transactional
3303,36,Female,Blouse,Clothing,82,Alabama,XL,Beige,Winter,4.2,0,Standard,0,0,31,Venmo,Fortnightly,26,0,High,Established,High,0.596,Gold,High_Value_Organic,35-44,0,1,0,0.641,Loyal,0.5818,Loyal
3304,20,Female,Belt,Accessories,60,Mississippi,S,Turquoise,Summer,3.4,0,Next Day Air,0,0,4,Credit Card,Fortnightly,26,0,Medium,New,Medium,0.3206,Silver,Low_Value_Organic,18-24,1,0,1,0.4206,Developing,0.401,Developing
3305,30,Female,Handbag,Accessories,79,Mississippi,XL,Orange,Fall,4.8,0,Next Day Air,0,0,36,Bank Transfer,Quarterly,4,0,High,Established,High,0.4567,Gold,High_Value_Organic,25-34,1,1,0,0.5092,Developing,0.6564,Loyal
3306,34,Female,Hoodie,Clothing,41,Nebraska,L,Cyan,Summer,4.9,0,Standard,0,0,31,PayPal,Fortnightly,26,0,High,Established,Low,0.4935,Gold,High_Value_Organic,25-34,0,1,0,0.641,Loyal,0.5516,Loyal
3307,63,Female,Jacket,Outerwear,39,Colorado,L,Orange,Summer,3.6,0,Store Pickup,0,0,6,Venmo,Fortnightly,26,0,Medium,New,Low,0.2844,Silver,Low_Value_Organic,55-64,0,0,1,0.4369,Developing,0.3634,Transactional
3308,18,Female,Scarf,Accessories,36,Pennsylvania,S,Green,Winter,4.0,0,Store Pickup,0,0,1,Cash,Monthly,12,0,High,New,Low,0.1263,Bronze,Low_Value_Organic,18-24,0,0,0,0.2863,Transactional,0.41,Developing
3309,55,Female,Jeans,Clothing,70,Utah,M,Pink,Fall,2.6,0,Express,0,0,29,Cash,Monthly,12,0,Low,Established,Medium,0.4398,Silver,Low_Value_Organic,55-64,1,0,2,0.5148,Developing,0.3203,Transactional
3310,48,Female,Handbag,Accessories,47,Massachusetts,M,Blue,Summer,3.1,0,Store Pickup,0,0,19,PayPal,Monthly,12,0,Medium,Growing,Medium,0.3007,Silver,Low_Value_Organic,45-54,0,0,1,0.4332,Developing,0.3184,Transactional
3311,45,Female,Jacket,Outerwear,27,Iowa,M,Pink,Winter,3.6,0,Free Shipping,0,0,12,PayPal,Fortnightly,26,0,Medium,Growing,Low,0.3034,Silver,Low_Value_Organic,45-54,0,0,1,0.4859,Developing,0.3259,Transactional
3312,29,Female,Hat,Accessories,52,Florida,L,Blue,Summer,4.0,0,Express,0,0,18,Bank Transfer,Annually,1,0,High,Growing,Medium,0.2188,Bronze,Low_Value_Organic,25-34,1,0,0,0.3388,Transactional,0.46,Developing
3313,55,Female,Sneakers,Footwear,75,Louisiana,L,Black,Summer,3.9,0,Next Day Air,0,0,45,Cash,Quarterly,4,0,Medium,Veteran,High,0.5202,Gold,High_Value_Organic,55-64,1,1,1,0.5827,Loyal,0.5179,Loyal
3314,55,Female,Hat,Accessories,30,Kansas,XL,Black,Fall,3.9,0,Express,0,0,45,Credit Card,Monthly,12,0,Medium,Veteran,Low,0.4705,Gold,High_Value_Organic,55-64,1,1,1,0.6455,Loyal,0.3772,Transactional
3315,55,Female,Socks,Clothing,94,Kansas,M,Violet,Spring,3.3,0,Standard,0,0,8,Credit Card,Quarterly,4,0,Medium,New,High,0.2657,Silver,Low_Value_Organic,55-64,0,0,1,0.2807,Transactional,0.4933,Developing
3316,48,Female,Scarf,Accessories,68,Kentucky,S,Gold,Summer,2.9,0,Standard,0,0,4,PayPal,Quarterly,4,0,Low,New,Medium,0.168,Bronze,Low_Value_Organic,45-54,0,0,2,0.248,Transactional,0.356,Transactional
3317,42,Female,Socks,Clothing,45,New Mexico,M,Olive,Summer,3.1,0,Free Shipping,0,0,5,Debit Card,Fortnightly,26,0,Medium,New,Medium,0.2912,Silver,Low_Value_Organic,35-44,0,0,1,0.4287,Developing,0.3121,Transactional
3318,21,Female,Hat,Accessories,67,North Carolina,XL,Pink,Summer,4.7,0,Standard,0,0,30,Cash,Quarterly,4,0,High,Established,Medium,0.3778,Silver,Low_Value_Organic,18-24,0,0,0,0.4603,Developing,0.6049,Loyal
3319,45,Female,Jacket,Outerwear,46,North Dakota,M,Olive,Summer,3.9,0,Free Shipping,0,0,15,PayPal,Monthly,12,0,Medium,Growing,Medium,0.2656,Silver,Low_Value_Organic,45-54,0,0,1,0.4006,Developing,0.4272,Developing
3320,23,Female,Shorts,Clothing,31,North Dakota,M,Indigo,Summer,4.3,0,Next Day Air,0,0,17,Credit Card,Quarterly,4,0,High,Growing,Low,0.1816,Bronze,Low_Value_Organic,18-24,1,0,0,0.3541,Developing,0.4364,Developing
3321,66,Female,Blouse,Clothing,44,Illinois,XL,Silver,Fall,4.2,0,2-Day Shipping,0,0,45,Cash,Quarterly,4,0,High,Veteran,Low,0.4427,Silver,Low_Value_Organic,65+,1,0,0,0.5827,Loyal,0.463,Developing
3322,32,Female,Coat,Outerwear,100,Maine,S,Charcoal,Winter,4.3,0,Next Day Air,0,0,3,Venmo,Annually,1,0,High,New,High,0.2163,Bronze,Low_Value_Organic,25-34,1,0,0,0.2163,Transactional,0.652,Loyal
3323,52,Female,Sweater,Clothing,92,Indiana,XL,Orange,Winter,4.6,0,Next Day Air,0,0,43,PayPal,Weekly,52,0,High,Veteran,High,0.9229,Platinum,High_Value_Organic,45-54,1,1,0,0.9429,Loyal,0.669,Loyal
3324,54,Female,Handbag,Accessories,78,North Dakota,M,Yellow,Winter,3.8,0,Free Shipping,0,0,4,Credit Card,Monthly,12,0,Medium,New,High,0.2558,Silver,Low_Value_Organic,45-54,0,0,1,0.3108,Transactional,0.5132,Developing
3325,37,Female,T-shirt,Clothing,32,Missouri,S,Red,Fall,3.3,0,Standard,0,0,41,Venmo,Weekly,52,0,Medium,Veteran,Low,0.7565,Platinum,High_Value_Organic,35-44,0,1,1,0.9265,Loyal,0.2995,Transactional
3326,29,Female,Sandals,Footwear,97,Alaska,M,Maroon,Fall,3.7,0,2-Day Shipping,0,0,16,Venmo,Monthly,12,0,Medium,Growing,High,0.4012,Silver,Low_Value_Organic,25-34,1,0,1,0.4087,Developing,0.5586,Loyal
3327,47,Female,Gloves,Accessories,95,North Dakota,M,Magenta,Summer,4.3,0,Standard,0,0,10,Debit Card,Annually,1,0,High,Growing,High,0.261,Silver,Low_Value_Organic,45-54,0,0,0,0.2735,Transactional,0.6364,Loyal
3328,47,Female,Shorts,Clothing,64,Connecticut,M,Black,Spring,4.1,0,Express,0,0,2,Debit Card,Quarterly,4,0,High,New,Medium,0.1417,Bronze,Low_Value_Organic,45-54,1,0,0,0.2317,Transactional,0.5115,Developing
3329,42,Female,Sandals,Footwear,35,Wisconsin,M,Violet,Spring,3.2,0,Free Shipping,0,0,11,Cash,Fortnightly,26,0,Medium,Growing,Low,0.3152,Silver,Low_Value_Organic,35-44,0,0,1,0.4777,Developing,0.2949,Transactional
3330,34,Female,Backpack,Accessories,54,New Jersey,M,Gray,Winter,3.8,0,Express,0,0,1,Debit Card,Fortnightly,26,0,Medium,New,Medium,0.2811,Silver,Low_Value_Organic,25-34,1,0,1,0.3961,Developing,0.4382,Developing
3331,38,Female,Sneakers,Footwear,96,Missouri,M,Black,Spring,3.2,0,2-Day Shipping,0,0,41,Bank Transfer,Quarterly,4,0,Medium,Veteran,High,0.5401,Gold,High_Value_Organic,35-44,1,1,1,0.5501,Loyal,0.4855,Developing
3332,55,Female,Sunglasses,Accessories,58,California,M,Pink,Summer,3.5,0,Free Shipping,0,0,39,PayPal,Quarterly,4,0,Medium,Established,Medium,0.4287,Silver,Low_Value_Organic,55-64,0,0,1,0.5337,Loyal,0.4088,Developing
3333,27,Female,T-shirt,Clothing,23,Washington,M,Silver,Summer,3.1,0,2-Day Shipping,0,0,1,PayPal,Fortnightly,26,0,Medium,New,Low,0.2036,Bronze,Low_Value_Organic,25-34,1,0,1,0.3961,Developing,0.2434,Transactional
3334,55,Female,Jeans,Clothing,35,Minnesota,M,Violet,Spring,4.2,0,Express,0,0,3,PayPal,Monthly,12,0,High,New,Low,0.1401,Bronze,Low_Value_Organic,55-64,1,0,0,0.3026,Transactional,0.4349,Developing
3335,66,Female,Shirt,Clothing,23,California,M,Beige,Summer,3.4,0,Free Shipping,0,0,21,Credit Card,Annually,1,0,Medium,Growing,Low,0.1708,Bronze,Low_Value_Organic,65+,0,0,1,0.3633,Developing,0.2854,Transactional
3336,44,Female,Hat,Accessories,94,Texas,XL,Cyan,Winter,3.5,0,Express,0,0,48,Bank Transfer,Quarterly,4,0,Medium,Veteran,High,0.5922,Gold,High_Value_Organic,35-44,1,1,1,0.6072,Loyal,0.5213,Loyal
3337,39,Female,Blouse,Clothing,45,Montana,M,Brown,Fall,4.0,0,Free Shipping,0,0,24,Debit Card,Annually,1,0,High,Growing,Medium,0.2503,Silver,Low_Value_Organic,35-44,0,0,0,0.3878,Developing,0.4381,Developing
3338,23,Female,Jacket,Outerwear,23,Arizona,L,Blue,Winter,4.4,0,2-Day Shipping,0,0,45,Bank Transfer,Fortnightly,26,0,High,Veteran,Low,0.5628,Gold,High_Value_Organic,18-24,1,1,0,0.7553,Loyal,0.4254,Developing
3339,29,Female,Skirt,Clothing,94,Minnesota,L,White,Winter,2.9,0,2-Day Shipping,0,0,46,Credit Card,Monthly,12,0,Low,Veteran,High,0.6386,Gold,High_Value_Organic,25-34,1,1,2,0.6536,Loyal,0.4372,Developing
3340,20,Female,Gloves,Accessories,99,Nebraska,M,Cyan,Fall,3.6,0,Store Pickup,0,0,35,Cash,Fortnightly,26,0,Medium,Established,High,0.6711,Platinum,High_Value_Organic,18-24,0,1,1,0.6736,Loyal,0.5509,Loyal
3341,42,Female,T-shirt,Clothing,36,Virginia,XL,Maroon,Fall,4.4,0,Free Shipping,0,0,47,Credit Card,Fortnightly,26,0,High,Veteran,Low,0.6116,Gold,High_Value_Organic,35-44,0,1,0,0.7716,Loyal,0.466,Developing
3342,55,Female,Jacket,Outerwear,50,Connecticut,XL,Olive,Summer,4.5,0,Standard,0,0,35,Credit Card,Monthly,12,0,High,Established,Medium,0.4388,Silver,Low_Value_Organic,55-64,0,0,0,0.5638,Loyal,0.5237,Loyal
3343,66,Female,Jacket,Outerwear,81,New Jersey,M,Violet,Spring,3.8,0,Free Shipping,0,0,45,Credit Card,Weekly,52,0,Medium,Veteran,High,0.9117,Platinum,High_Value_Organic,65+,0,1,1,0.9592,Loyal,0.5226,Loyal
3344,24,Female,Shorts,Clothing,31,Kentucky,XL,Green,Winter,3.6,0,2-Day Shipping,0,0,6,Cash,Fortnightly,26,0,Medium,New,Low,0.2644,Silver,Low_Value_Organic,18-24,1,0,1,0.4369,Developing,0.3384,Transactional
3345,62,Female,Hat,Accessories,48,Washington,XL,Magenta,Fall,4.3,0,Free Shipping,0,0,20,Cash,Annually,1,0,High,Growing,Medium,0.2251,Bronze,Low_Value_Organic,55-64,0,0,0,0.3551,Developing,0.4895,Developing
3346,28,Female,Handbag,Accessories,91,Florida,M,Turquoise,Summer,4.0,0,2-Day Shipping,0,0,3,Venmo,Fortnightly,26,0,High,New,High,0.3899,Silver,Low_Value_Organic,25-34,1,0,0,0.4124,Developing,0.5819,Loyal
3347,30,Female,Jeans,Clothing,99,Oklahoma,M,Black,Summer,3.4,0,Express,0,0,30,Venmo,Quarterly,4,0,Medium,Established,High,0.4578,Gold,High_Value_Organic,25-34,1,1,1,0.4603,Developing,0.5229,Loyal
3348,22,Female,Shoes,Footwear,70,Iowa,XL,Cyan,Summer,4.4,0,Standard,0,0,28,PayPal,Fortnightly,26,0,High,Established,Medium,0.5415,Gold,High_Value_Organic,18-24,0,1,0,0.6165,Loyal,0.5722,Loyal
3349,28,Female,T-shirt,Clothing,74,New Hampshire,L,Gray,Winter,2.8,0,Standard,0,0,15,Cash,Quarterly,4,0,Low,Growing,High,0.2728,Silver,Low_Value_Organic,25-34,0,0,2,0.3378,Transactional,0.3607,Transactional
3350,35,Female,Jewelry,Accessories,79,Georgia,M,Red,Fall,2.8,0,Store Pickup,0,0,29,PayPal,Quarterly,4,0,Low,Established,High,0.3996,Silver,Low_Value_Organic,35-44,0,0,2,0.4521,Developing,0.3764,Transactional
3351,45,Female,Handbag,Accessories,33,Mississippi,S,Olive,Fall,4.9,0,2-Day Shipping,0,0,15,Cash,Fortnightly,26,0,High,Growing,Low,0.3429,Silver,Low_Value_Organic,45-54,1,0,0,0.5104,Developing,0.5266,Loyal
3352,43,Female,Shirt,Clothing,49,New Hampshire,L,Cyan,Spring,4.2,0,2-Day Shipping,0,0,18,Bank Transfer,Fortnightly,26,0,High,Growing,Medium,0.4074,Silver,Low_Value_Organic,35-44,1,0,0,0.5349,Loyal,0.4786,Developing
3353,55,Female,Belt,Accessories,96,Washington,M,Teal,Summer,2.9,0,Next Day Air,0,0,7,Bank Transfer,Fortnightly,26,0,Low,New,High,0.4351,Silver,Low_Value_Organic,55-64,1,0,2,0.4451,Developing,0.4435,Developing
3354,31,Female,Dress,Clothing,66,Ohio,L,Teal,Fall,4.6,0,Free Shipping,0,0,19,Credit Card,Quarterly,4,0,High,Growing,Medium,0.2855,Silver,Low_Value_Organic,25-34,0,0,0,0.3705,Developing,0.5878,Loyal
3355,42,Female,Skirt,Clothing,45,Maryland,M,Orange,Fall,2.8,0,Next Day Air,0,0,15,PayPal,Weekly,52,0,Low,Growing,Medium,0.5768,Gold,High_Value_Organic,35-44,1,1,2,0.7143,Loyal,0.2701,Transactional
3356,40,Female,Blouse,Clothing,28,Delaware,M,Peach,Spring,2.6,0,Store Pickup,0,0,3,Bank Transfer,Fortnightly,26,0,Low,New,Low,0.2324,Bronze,Low_Value_Organic,35-44,0,0,2,0.4124,Developing,0.189,Transactional
3357,39,Female,Jeans,Clothing,48,Tennessee,M,Silver,Summer,3.5,0,Store Pickup,0,0,13,PayPal,Fortnightly,26,0,Medium,Growing,Medium,0.364,Silver,Low_Value_Organic,35-44,0,0,1,0.494,Developing,0.3775,Transactional
3358,41,Female,Hoodie,Clothing,67,Arkansas,M,Pink,Winter,3.5,0,Free Shipping,0,0,37,Credit Card,Monthly,12,0,Medium,Established,Medium,0.4977,Gold,High_Value_Organic,35-44,0,1,1,0.5802,Loyal,0.4369,Developing
3359,56,Female,T-shirt,Clothing,59,Tennessee,M,Magenta,Fall,3.4,0,2-Day Shipping,0,0,26,Cash,Annually,1,0,Medium,Established,Medium,0.3016,Silver,Low_Value_Organic,55-64,1,0,1,0.4041,Developing,0.3979,Developing
3360,43,Female,Sunglasses,Accessories,74,New Hampshire,L,Red,Fall,3.9,0,Next Day Air,0,0,29,Debit Card,Monthly,12,0,Medium,Established,High,0.4498,Silver,Low_Value_Organic,35-44,1,0,1,0.5148,Developing,0.5148,Developing
3361,22,Female,Jacket,Outerwear,81,Minnesota,M,Maroon,Spring,3.3,0,2-Day Shipping,0,0,47,Cash,Quarterly,4,0,Medium,Veteran,High,0.5515,Gold,High_Value_Organic,18-24,1,1,1,0.599,Loyal,0.4526,Developing
3362,47,Female,Shoes,Footwear,26,Florida,M,Silver,Spring,4.1,0,Free Shipping,0,0,47,Credit Card,Fortnightly,26,0,High,Veteran,Low,0.5866,Gold,High_Value_Organic,45-54,0,1,0,0.7716,Loyal,0.3927,Developing
3363,50,Female,Handbag,Accessories,61,Tennessee,M,Gray,Summer,3.0,0,Next Day Air,0,0,48,Venmo,Fortnightly,26,0,Medium,Veteran,Medium,0.6823,Platinum,High_Value_Organic,45-54,1,1,1,0.7798,Loyal,0.3481,Transactional
3364,58,Female,Sweater,Clothing,23,California,M,Turquoise,Winter,3.0,0,Next Day Air,0,0,46,Bank Transfer,Fortnightly,26,0,Medium,Veteran,Low,0.5709,Gold,High_Value_Organic,55-64,1,1,1,0.7634,Loyal,0.2294,Transactional
3365,50,Female,Scarf,Accessories,33,Oregon,M,Peach,Fall,3.2,0,Standard,0,0,7,Credit Card,Monthly,12,0,Medium,New,Low,0.1678,Bronze,Low_Value_Organic,45-54,0,0,1,0.3353,Transactional,0.2886,Transactional
3366,43,Female,Skirt,Clothing,58,Tennessee,L,Teal,Fall,3.9,0,Express,0,0,45,Credit Card,Quarterly,4,0,Medium,Veteran,Medium,0.4777,Gold,High_Value_Organic,35-44,1,1,1,0.5827,Loyal,0.4648,Developing
3367,38,Female,Gloves,Accessories,65,North Carolina,M,Red,Spring,3.6,0,2-Day Shipping,0,0,47,Debit Card,Quarterly,4,0,Medium,Veteran,Medium,0.5115,Gold,High_Value_Organic,35-44,1,1,1,0.599,Loyal,0.4446,Developing
3368,44,Female,T-shirt,Clothing,48,Tennessee,M,Blue,Summer,3.1,0,Store Pickup,0,0,6,Venmo,Fortnightly,26,0,Medium,New,Medium,0.3069,Silver,Low_Value_Organic,35-44,0,0,1,0.4369,Developing,0.3215,Transactional
3369,30,Female,Sandals,Footwear,25,Nebraska,M,Blue,Spring,4.8,0,Express,0,0,29,Bank Transfer,Quarterly,4,0,High,Established,Low,0.2646,Silver,Low_Value_Organic,25-34,1,0,0,0.4521,Developing,0.4876,Developing
3370,47,Female,Sweater,Clothing,51,Maine,M,Indigo,Winter,3.8,0,2-Day Shipping,0,0,42,Cash,Monthly,12,0,Medium,Veteran,Medium,0.4985,Gold,High_Value_Organic,45-54,1,1,1,0.621,Loyal,0.4289,Developing
3371,30,Female,Belt,Accessories,31,Illinois,M,Charcoal,Summer,2.8,0,Store Pickup,0,0,46,Cash,Fortnightly,26,0,Low,Veteran,Low,0.5909,Gold,High_Value_Organic,25-34,0,1,2,0.7634,Loyal,0.2264,Transactional
3372,49,Female,Hoodie,Clothing,99,Colorado,S,Turquoise,Winter,4.0,0,Next Day Air,0,0,28,PayPal,Annually,1,0,High,Established,High,0.4179,Silver,Low_Value_Organic,45-54,1,0,0,0.4204,Developing,0.6069,Loyal
3373,56,Female,Socks,Clothing,25,Pennsylvania,M,Maroon,Winter,4.6,0,Free Shipping,0,0,14,Credit Card,Quarterly,4,0,High,Growing,Low,0.1422,Bronze,Low_Value_Organic,55-64,0,0,0,0.3297,Transactional,0.4596,Developing
3374,70,Female,Sandals,Footwear,52,Minnesota,M,Purple,Spring,3.5,0,Store Pickup,0,0,12,Debit Card,Quarterly,4,0,Medium,Growing,Medium,0.1933,Bronze,Low_Value_Organic,65+,0,0,1,0.3133,Transactional,0.39,Developing
3375,22,Female,Blouse,Clothing,47,Nevada,S,Lavender,Spring,3.7,0,2-Day Shipping,0,0,41,Debit Card,Annually,1,0,Medium,Veteran,Medium,0.394,Silver,Low_Value_Organic,18-24,1,0,1,0.5265,Loyal,0.4024,Developing
3376,51,Female,Boots,Footwear,98,Connecticut,XL,Yellow,Fall,4.9,0,Express,0,0,8,Credit Card,Annually,1,0,High,New,High,0.2521,Silver,Low_Value_Organic,45-54,1,0,0,0.2571,Transactional,0.7298,Loyal
3377,22,Female,Hat,Accessories,46,Ohio,M,Green,Winter,4.1,0,Store Pickup,0,0,24,Cash,Quarterly,4,0,High,Growing,Medium,0.2763,Silver,Low_Value_Organic,18-24,0,0,0,0.4113,Developing,0.4552,Developing
3378,37,Female,Shirt,Clothing,32,Kentucky,M,Yellow,Winter,4.6,0,Next Day Air,0,0,18,PayPal,Fortnightly,26,0,High,Growing,Low,0.3649,Silver,Low_Value_Organic,35-44,1,0,0,0.5349,Loyal,0.4815,Developing
3379,49,Female,Shorts,Clothing,75,Minnesota,L,Gold,Fall,4.5,0,Next Day Air,0,0,6,Cash,Quarterly,4,0,High,New,High,0.2018,Bronze,Low_Value_Organic,45-54,1,0,0,0.2643,Transactional,0.6019,Loyal
3380,61,Female,Handbag,Accessories,51,Tennessee,L,Turquoise,Summer,5.0,0,Store Pickup,0,0,40,Cash,Weekly,52,0,High,Veteran,Medium,0.7959,Platinum,High_Value_Organic,55-64,0,1,0,0.9184,Loyal,0.5969,Loyal
3381,41,Female,Dress,Clothing,52,North Dakota,L,Blue,Summer,3.8,0,Standard,0,0,6,PayPal,Quarterly,4,0,Medium,New,Medium,0.1443,Bronze,Low_Value_Organic,35-44,0,0,1,0.2643,Transactional,0.432,Developing
3382,57,Female,Hat,Accessories,66,Minnesota,L,Turquoise,Winter,4.7,0,Standard,0,0,27,Credit Card,Quarterly,4,0,High,Established,Medium,0.3508,Silver,Low_Value_Organic,55-64,0,0,0,0.4358,Developing,0.6018,Loyal
3383,34,Female,Sweater,Clothing,35,Nebraska,M,Maroon,Spring,2.8,0,Express,0,0,2,Bank Transfer,Weekly,52,0,Low,New,Low,0.4457,Silver,Low_Value_Organic,25-34,1,0,2,0.6082,Loyal,0.2389,Transactional
3384,27,Female,Coat,Outerwear,43,Delaware,M,Pink,Fall,2.6,0,Next Day Air,0,0,39,Venmo,Fortnightly,26,0,Low,Established,Low,0.5638,Gold,High_Value_Organic,25-34,1,1,2,0.7063,Loyal,0.2359,Transactional
3385,39,Female,Hoodie,Clothing,24,Minnesota,L,Maroon,Summer,3.8,0,Free Shipping,0,0,9,Venmo,Quarterly,4,0,Medium,New,Low,0.0988,Bronze,Low_Value_Organic,35-44,0,0,1,0.2888,Transactional,0.3445,Transactional
3386,62,Female,Jewelry,Accessories,83,Rhode Island,M,Olive,Winter,2.8,0,Standard,0,0,16,Credit Card,Quarterly,4,0,Low,Growing,High,0.3035,Silver,Low_Value_Organic,55-64,0,0,2,0.346,Developing,0.3889,Developing
3387,34,Female,T-shirt,Clothing,62,Michigan,M,Lavender,Fall,2.6,0,2-Day Shipping,0,0,36,Cash,Quarterly,4,0,Low,Established,Medium,0.4142,Silver,Low_Value_Organic,25-34,1,0,2,0.5092,Developing,0.2952,Transactional
3388,53,Female,Pants,Clothing,78,New Jersey,S,Pink,Spring,3.4,0,2-Day Shipping,0,0,2,Credit Card,Fortnightly,26,0,Medium,New,High,0.3492,Silver,Low_Value_Organic,45-54,1,0,1,0.4042,Developing,0.4572,Developing
3389,35,Female,Sweater,Clothing,61,South Dakota,M,Cyan,Spring,4.5,0,Store Pickup,0,0,21,Credit Card,Weekly,52,0,High,Growing,Medium,0.6658,Platinum,High_Value_Organic,35-44,0,1,0,0.7633,Loyal,0.5581,Loyal
3390,38,Female,Pants,Clothing,57,North Carolina,L,Maroon,Fall,3.8,0,Free Shipping,0,0,39,Venmo,Annually,1,0,Medium,Established,Medium,0.4027,Silver,Low_Value_Organic,35-44,0,0,1,0.5102,Developing,0.4476,Developing
3391,32,Female,Socks,Clothing,70,Oregon,S,Red,Summer,3.0,0,Next Day Air,0,0,38,PayPal,Annually,1,0,Medium,Established,Medium,0.427,Silver,Low_Value_Organic,25-34,1,0,1,0.502,Developing,0.3763,Transactional
3392,47,Female,Hoodie,Clothing,57,Montana,M,Silver,Fall,3.7,0,2-Day Shipping,0,0,6,Debit Card,Quarterly,4,0,Medium,New,Medium,0.1568,Bronze,Low_Value_Organic,45-54,1,0,1,0.2643,Transactional,0.4336,Developing
3393,53,Female,Scarf,Accessories,74,New Jersey,XL,Blue,Winter,4.4,0,Free Shipping,0,0,6,Venmo,Fortnightly,26,0,High,New,High,0.3719,Silver,Low_Value_Organic,45-54,0,0,0,0.4369,Developing,0.5848,Loyal
3394,60,Female,Dress,Clothing,90,Arizona,M,Gold,Fall,3.1,0,Next Day Air,0,0,50,Debit Card,Monthly,12,0,Medium,Veteran,High,0.6613,Platinum,High_Value_Organic,55-64,1,1,1,0.6863,Loyal,0.4528,Developing
3395,31,Female,Sandals,Footwear,98,Vermont,S,Yellow,Spring,4.2,0,Store Pickup,0,0,9,PayPal,Annually,1,0,High,New,High,0.2603,Silver,Low_Value_Organic,25-34,0,0,0,0.2653,Transactional,0.6318,Loyal
3396,44,Female,Dress,Clothing,43,Colorado,M,Silver,Winter,3.1,0,Free Shipping,0,0,15,Debit Card,Quarterly,4,0,Medium,Growing,Low,0.1953,Bronze,Low_Value_Organic,35-44,0,0,1,0.3378,Transactional,0.3059,Transactional
3397,29,Female,Pants,Clothing,37,Tennessee,XL,Black,Winter,5.0,0,Next Day Air,0,0,5,PayPal,Quarterly,4,0,High,New,Low,0.0987,Bronze,Low_Value_Organic,25-34,1,0,0,0.2562,Transactional,0.5531,Loyal
3398,19,Female,Blouse,Clothing,38,New Jersey,L,Yellow,Summer,2.7,0,Standard,0,0,13,Bank Transfer,Fortnightly,26,0,Low,Growing,Low,0.339,Silver,Low_Value_Organic,18-24,0,0,2,0.494,Developing,0.2342,Transactional
3399,54,Female,Jeans,Clothing,60,Montana,L,Pink,Winter,3.8,0,Standard,0,0,44,Cash,Fortnightly,26,0,Medium,Veteran,Medium,0.6471,Gold,High_Value_Organic,45-54,0,1,1,0.7471,Loyal,0.457,Developing
3400,40,Female,Pants,Clothing,55,Montana,XL,Yellow,Winter,3.3,0,Standard,0,0,36,Debit Card,Annually,1,0,Medium,Established,Medium,0.3732,Silver,Low_Value_Organic,35-44,0,0,1,0.4857,Developing,0.3714,Transactional
3401,39,Female,Sunglasses,Accessories,51,Nevada,M,Lavender,Fall,4.8,0,Free Shipping,0,0,18,Venmo,Fortnightly,26,0,High,Growing,Medium,0.4124,Silver,Low_Value_Organic,35-44,0,0,0,0.5349,Loyal,0.5689,Loyal
3402,44,Female,Backpack,Accessories,71,Nevada,L,Peach,Winter,3.4,0,Standard,0,0,39,Credit Card,Weekly,52,0,Medium,Established,Medium,0.8377,Platinum,High_Value_Organic,35-44,0,1,1,0.9102,Loyal,0.4354,Developing
3403,22,Female,Hoodie,Clothing,61,Louisiana,M,Black,Spring,4.4,0,2-Day Shipping,0,0,11,PayPal,Quarterly,4,0,High,Growing,Medium,0.2077,Bronze,Low_Value_Organic,18-24,1,0,0,0.3052,Transactional,0.5441,Loyal
3404,30,Female,Boots,Footwear,65,Illinois,M,Olive,Summer,3.9,0,Standard,0,0,1,Cash,Fortnightly,26,0,Medium,New,Medium,0.3086,Silver,Low_Value_Organic,25-34,0,0,1,0.3961,Developing,0.4866,Developing
3405,69,Female,Gloves,Accessories,34,South Carolina,L,Olive,Fall,3.9,0,2-Day Shipping,0,0,34,Credit Card,Annually,1,0,Medium,Established,Low,0.3044,Silver,Low_Value_Organic,65+,1,0,1,0.4694,Developing,0.3898,Developing
3406,28,Female,Blouse,Clothing,87,Washington,M,White,Summer,4.2,0,Store Pickup,0,0,47,Bank Transfer,Fortnightly,26,0,High,Veteran,High,0.7391,Platinum,High_Value_Organic,25-34,0,1,0,0.7716,Loyal,0.5974,Loyal
3407,57,Female,Sweater,Clothing,79,Nebraska,M,Red,Spring,4.0,0,Store Pickup,0,0,24,Venmo,Quarterly,4,0,High,Growing,High,0.3588,Silver,Low_Value_Organic,55-64,0,0,0,0.4113,Developing,0.5444,Loyal
3408,46,Female,Dress,Clothing,46,Alabama,S,Purple,Spring,2.6,0,Store Pickup,0,0,20,Cash,Quarterly,4,0,Low,Growing,Medium,0.2436,Bronze,Low_Value_Organic,45-54,0,0,2,0.3786,Developing,0.2453,Transactional
3409,48,Female,Socks,Clothing,72,Montana,L,Purple,Summer,4.4,0,Standard,0,0,11,Bank Transfer,Annually,1,0,High,Growing,Medium,0.2116,Bronze,Low_Value_Organic,45-54,0,0,0,0.2816,Transactional,0.5785,Loyal
3410,24,Female,Shirt,Clothing,93,Minnesota,M,Teal,Summer,3.2,0,Next Day Air,0,0,3,Credit Card,Quarterly,4,0,Medium,New,High,0.2224,Bronze,Low_Value_Organic,18-24,1,0,1,0.2399,Transactional,0.4761,Developing
3411,50,Female,Sandals,Footwear,76,Ohio,L,Teal,Summer,4.3,0,Free Shipping,0,0,38,Bank Transfer,Fortnightly,26,0,High,Established,High,0.6381,Gold,High_Value_Organic,45-54,0,1,0,0.6981,Loyal,0.577,Loyal
3412,29,Female,Shoes,Footwear,56,New York,L,Gray,Winter,4.9,0,2-Day Shipping,0,0,45,Cash,Weekly,52,0,High,Veteran,Medium,0.8492,Platinum,High_Value_Organic,25-34,1,1,0,0.9592,Loyal,0.5985,Loyal
3413,61,Female,Sandals,Footwear,83,Indiana,M,Magenta,Fall,3.8,0,Store Pickup,0,0,31,Venmo,Quarterly,4,0,Medium,Established,High,0.4259,Silver,Low_Value_Organic,55-64,0,0,1,0.4684,Developing,0.5289,Loyal
3414,34,Female,Gloves,Accessories,90,Delaware,XL,Black,Winter,2.5,0,Express,0,0,16,PayPal,Fortnightly,26,0,Low,Growing,High,0.4935,Gold,High_Value_Organic,25-34,1,1,2,0.5185,Developing,0.3688,Transactional
3415,27,Female,Boots,Footwear,94,Connecticut,M,Maroon,Spring,4.9,0,Next Day Air,0,0,3,Bank Transfer,Quarterly,4,0,High,New,High,0.2249,Bronze,Low_Value_Organic,25-34,1,0,0,0.2399,Transactional,0.7173,Loyal
3416,38,Female,Blouse,Clothing,68,New York,M,Gold,Fall,3.0,0,2-Day Shipping,0,0,15,Bank Transfer,Annually,1,0,Medium,Growing,Medium,0.2343,Bronze,Low_Value_Organic,35-44,1,0,1,0.3143,Transactional,0.37,Transactional
3417,25,Female,Sandals,Footwear,53,Alabama,M,Purple,Spring,3.2,0,Store Pickup,0,0,11,Bank Transfer,Quarterly,4,0,Medium,Growing,Medium,0.1877,Bronze,Low_Value_Organic,25-34,0,0,1,0.3052,Transactional,0.3511,Transactional
3418,54,Female,Coat,Outerwear,35,Massachusetts,M,Blue,Summer,2.9,0,2-Day Shipping,0,0,22,Debit Card,Fortnightly,26,0,Low,Growing,Low,0.405,Silver,Low_Value_Organic,45-54,1,0,2,0.5675,Loyal,0.2529,Transactional
3419,53,Female,Jacket,Outerwear,30,South Carolina,M,Beige,Summer,2.8,0,Free Shipping,0,0,35,Debit Card,Annually,1,0,Low,Established,Low,0.3026,Silver,Low_Value_Organic,45-54,0,0,2,0.4776,Developing,0.2232,Transactional
3420,23,Female,Jewelry,Accessories,26,West Virginia,L,Indigo,Winter,3.1,0,Store Pickup,0,0,5,Venmo,Fortnightly,26,0,Medium,New,Low,0.2437,Bronze,Low_Value_Organic,18-24,0,0,1,0.4287,Developing,0.2528,Transactional
3421,19,Female,Hat,Accessories,60,Kentucky,M,Purple,Winter,3.4,0,Express,0,0,35,PayPal,Fortnightly,26,0,Medium,Established,Medium,0.5736,Gold,High_Value_Organic,18-24,1,1,1,0.6736,Loyal,0.401,Developing
3422,57,Female,Shoes,Footwear,30,New Jersey,M,Maroon,Summer,2.9,0,Free Shipping,0,0,27,PayPal,Weekly,52,0,Low,Established,Low,0.6372,Gold,High_Value_Organic,55-64,0,1,2,0.8122,Loyal,0.2372,Transactional
3423,19,Female,Coat,Outerwear,91,New York,L,Beige,Winter,3.2,0,Next Day Air,0,0,9,Venmo,Monthly,12,0,Medium,New,High,0.3291,Silver,Low_Value_Organic,18-24,1,0,1,0.3516,Developing,0.4699,Developing
3424,33,Female,Boots,Footwear,71,Massachusetts,M,Brown,Spring,3.8,0,Next Day Air,0,0,21,PayPal,Fortnightly,26,0,Medium,Growing,Medium,0.4868,Gold,High_Value_Organic,25-34,1,1,1,0.5593,Loyal,0.4914,Developing
3425,33,Female,Scarf,Accessories,64,Florida,L,Green,Summer,3.6,0,2-Day Shipping,0,0,23,Credit Card,Monthly,12,0,Medium,Growing,Medium,0.3759,Silver,Low_Value_Organic,25-34,1,0,1,0.4659,Developing,0.4415,Developing
3426,38,Female,Hat,Accessories,54,Michigan,M,Blue,Summer,4.3,0,Next Day Air,0,0,3,Debit Card,Fortnightly,26,0,High,New,Medium,0.2974,Silver,Low_Value_Organic,35-44,1,0,0,0.4124,Developing,0.5082,Developing
3427,47,Female,Socks,Clothing,35,Oregon,XL,Magenta,Fall,4.8,0,2-Day Shipping,0,0,31,Credit Card,Annually,1,0,High,Established,Low,0.2824,Silver,Low_Value_Organic,45-54,1,0,0,0.4449,Developing,0.5189,Loyal
3428,39,Female,T-shirt,Clothing,38,Michigan,XL,Turquoise,Winter,2.5,0,Store Pickup,0,0,44,Cash,Annually,1,0,Low,Veteran,Low,0.396,Silver,Low_Value_Organic,35-44,0,0,2,0.551,Loyal,0.2062,Transactional
3429,32,Female,Jewelry,Accessories,69,Washington,M,Gray,Fall,2.5,0,Next Day Air,0,0,20,Venmo,Monthly,12,0,Low,Growing,Medium,0.3639,Silver,Low_Value_Organic,25-34,1,0,2,0.4414,Developing,0.3031,Transactional
3430,27,Female,Skirt,Clothing,96,Alaska,S,Purple,Winter,4.6,0,Express,0,0,34,Debit Card,Weekly,52,0,High,Established,High,0.8594,Platinum,High_Value_Organic,25-34,1,1,0,0.8694,Loyal,0.6815,Loyal
3431,67,Female,Socks,Clothing,73,Montana,M,Lavender,Winter,4.2,0,Next Day Air,0,0,17,Bank Transfer,Quarterly,4,0,High,Growing,High,0.2866,Silver,Low_Value_Organic,65+,1,0,0,0.3541,Developing,0.5536,Loyal
3432,46,Female,Belt,Accessories,49,New Mexico,S,Green,Summer,4.2,0,Express,0,0,20,Venmo,Annually,1,0,High,Growing,Medium,0.2276,Bronze,Low_Value_Organic,45-54,1,0,0,0.3551,Developing,0.4786,Developing
3433,36,Female,Boots,Footwear,44,Connecticut,M,Gray,Summer,4.8,0,2-Day Shipping,0,0,46,PayPal,Quarterly,4,0,High,Veteran,Low,0.4509,Gold,High_Value_Organic,35-44,1,1,0,0.5909,Loyal,0.547,Loyal
3434,62,Female,Socks,Clothing,93,Alaska,M,Yellow,Spring,4.5,0,Free Shipping,0,0,28,PayPal,Annually,1,0,High,Established,High,0.4029,Silver,Low_Value_Organic,55-64,0,0,0,0.4204,Developing,0.6581,Loyal
3435,31,Female,Pants,Clothing,72,Ohio,S,Orange,Summer,3.3,0,2-Day Shipping,0,0,6,Venmo,Fortnightly,26,0,Medium,New,Medium,0.3669,Silver,Low_Value_Organic,25-34,1,0,1,0.4369,Developing,0.4245,Developing
3436,68,Female,Socks,Clothing,91,Montana,M,Beige,Summer,2.7,0,2-Day Shipping,0,0,50,Debit Card,Fortnightly,26,0,Low,Veteran,High,0.7736,Platinum,High_Value_Organic,65+,1,1,2,0.7961,Loyal,0.3999,Developing
3437,57,Female,Belt,Accessories,83,Nebraska,L,Peach,Winter,2.8,0,2-Day Shipping,0,0,41,Bank Transfer,Monthly,12,0,Low,Veteran,High,0.5703,Gold,High_Value_Organic,55-64,1,1,2,0.6128,Loyal,0.3889,Developing
3438,22,Female,Jacket,Outerwear,62,Oklahoma,S,Green,Winter,3.5,0,2-Day Shipping,0,0,50,PayPal,Annually,1,0,Medium,Veteran,Medium,0.505,Gold,High_Value_Organic,18-24,1,1,1,0.6,Loyal,0.4212,Developing
3439,26,Female,Shirt,Clothing,71,Kentucky,M,Violet,Fall,3.0,0,Store Pickup,0,0,33,Credit Card,Monthly,12,0,Medium,Established,Medium,0.475,Gold,High_Value_Organic,25-34,0,1,1,0.5475,Loyal,0.3794,Transactional
3440,43,Female,Gloves,Accessories,93,Idaho,M,Gray,Summer,4.5,0,Express,0,0,25,Venmo,Quarterly,4,0,High,Established,High,0.4019,Silver,Low_Value_Organic,35-44,1,0,0,0.4194,Developing,0.6581,Loyal
3441,45,Female,Handbag,Accessories,63,Maryland,L,Magenta,Fall,4.3,0,2-Day Shipping,0,0,2,PayPal,Weekly,52,0,High,New,Medium,0.5157,Gold,High_Value_Organic,45-54,1,1,0,0.6082,Loyal,0.5364,Loyal
3442,64,Female,Sweater,Clothing,96,Tennessee,XL,Charcoal,Fall,4.1,0,Standard,0,0,15,Credit Card,Annually,1,0,High,Growing,High,0.3043,Silver,Low_Value_Organic,55-64,0,0,0,0.3143,Transactional,0.6115,Loyal
3443,28,Female,Skirt,Clothing,78,Michigan,M,Violet,Spring,4.3,0,Next Day Air,0,0,12,PayPal,Weekly,52,0,High,Growing,High,0.6348,Gold,High_Value_Organic,25-34,1,1,0,0.6898,Loyal,0.5833,Loyal
3444,47,Female,Dress,Clothing,24,Tennessee,L,Silver,Summer,5.0,0,Free Shipping,0,0,28,Cash,Fortnightly,26,0,High,Established,Low,0.4265,Silver,Low_Value_Organic,45-54,0,0,0,0.6165,Loyal,0.5125,Developing
3445,53,Female,Pants,Clothing,63,Rhode Island,S,Green,Summer,3.8,0,2-Day Shipping,0,0,12,Bank Transfer,Fortnightly,26,0,Medium,Growing,Medium,0.3934,Silver,Low_Value_Organic,45-54,1,0,1,0.4859,Developing,0.4664,Developing
3446,42,Female,Hat,Accessories,58,Florida,M,Magenta,Fall,4.9,0,Standard,0,0,3,Debit Card,Annually,1,0,High,New,Medium,0.1113,Bronze,Low_Value_Organic,35-44,0,0,0,0.2163,Transactional,0.6048,Loyal
3447,51,Female,Boots,Footwear,55,Louisiana,S,Purple,Spring,5.0,0,2-Day Shipping,0,0,20,Cash,Weekly,52,0,High,Growing,Medium,0.6426,Gold,High_Value_Organic,45-54,1,1,0,0.7551,Loyal,0.6094,Loyal
3448,62,Female,Sandals,Footwear,58,Arkansas,M,Blue,Fall,4.3,0,Express,0,0,3,Bank Transfer,Fortnightly,26,0,High,New,Medium,0.3074,Silver,Low_Value_Organic,55-64,1,0,0,0.4124,Developing,0.5208,Loyal
3449,18,Female,Coat,Outerwear,28,Kentucky,S,Yellow,Winter,4.1,0,Express,0,0,32,Bank Transfer,Fortnightly,26,0,High,Established,Low,0.4691,Gold,High_Value_Organic,18-24,1,1,0,0.6491,Loyal,0.399,Developing
3450,48,Female,Blouse,Clothing,37,Kansas,M,Brown,Spring,4.5,0,Standard,0,0,35,Cash,Monthly,12,0,High,Established,Low,0.4063,Silver,Low_Value_Organic,45-54,0,0,0,0.5638,Loyal,0.4831,Developing
3451,20,Female,Shorts,Clothing,78,Vermont,M,Pink,Spring,3.6,0,Store Pickup,0,0,31,PayPal,Monthly,12,0,Medium,Established,High,0.4762,Gold,High_Value_Organic,18-24,0,1,1,0.5312,Loyal,0.4853,Developing
3452,32,Female,Blouse,Clothing,73,Nevada,XL,Silver,Fall,3.0,0,Free Shipping,0,0,13,Credit Card,Annually,1,0,Medium,Growing,High,0.2305,Bronze,Low_Value_Organic,25-34,0,0,1,0.298,Transactional,0.3856,Transactional
3453,26,Female,Jacket,Outerwear,20,Oklahoma,M,Indigo,Spring,3.7,0,Next Day Air,0,0,3,Venmo,Fortnightly,26,0,Medium,New,Low,0.2124,Bronze,Low_Value_Organic,25-34,1,0,1,0.4124,Developing,0.318,Transactional
3454,31,Female,Shirt,Clothing,60,Alabama,L,Pink,Winter,4.3,0,Standard,0,0,48,Venmo,Fortnightly,26,0,High,Veteran,Medium,0.6798,Platinum,High_Value_Organic,25-34,0,1,0,0.7798,Loyal,0.527,Loyal
3455,55,Female,Handbag,Accessories,71,Louisiana,S,Lavender,Fall,4.6,0,Store Pickup,0,0,15,PayPal,Fortnightly,26,0,High,Growing,Medium,0.4379,Silver,Low_Value_Organic,55-64,0,0,0,0.5104,Developing,0.6034,Loyal
3456,49,Female,T-shirt,Clothing,89,Ohio,M,Orange,Fall,4.7,0,Standard,0,0,13,Venmo,Annually,1,0,High,Growing,High,0.2705,Silver,Low_Value_Organic,45-54,0,0,0,0.298,Transactional,0.6736,Loyal
3457,42,Female,Hoodie,Clothing,53,Texas,M,Red,Fall,4.6,0,Express,0,0,21,Venmo,Monthly,12,0,High,Growing,Medium,0.332,Silver,Low_Value_Organic,35-44,1,0,0,0.4495,Developing,0.5471,Loyal
3458,64,Female,Jewelry,Accessories,87,Maryland,M,Gray,Summer,3.0,0,Express,0,0,29,Cash,Fortnightly,26,0,Medium,Established,High,0.5921,Gold,High_Value_Organic,55-64,1,1,1,0.6246,Loyal,0.4294,Developing
3459,68,Female,Jewelry,Accessories,37,West Virginia,L,Violet,Spring,3.4,0,Standard,0,0,24,Venmo,Quarterly,4,0,Medium,Growing,Low,0.2538,Silver,Low_Value_Organic,65+,0,0,1,0.4113,Developing,0.3291,Transactional
3460,68,Female,Hoodie,Clothing,37,Ohio,L,Green,Fall,3.8,0,Express,0,0,21,PayPal,Annually,1,0,Medium,Growing,Low,0.2058,Bronze,Low_Value_Organic,65+,1,0,1,0.3633,Developing,0.3851,Transactional
3461,41,Female,Scarf,Accessories,78,Indiana,M,Gold,Spring,3.1,0,Express,0,0,5,Bank Transfer,Fortnightly,26,0,Medium,New,High,0.3737,Silver,Low_Value_Organic,35-44,1,0,1,0.4287,Developing,0.4153,Developing
3462,51,Female,Shoes,Footwear,23,Wyoming,S,Maroon,Spring,4.4,0,Standard,0,0,47,Cash,Quarterly,4,0,High,Veteran,Low,0.4065,Silver,Low_Value_Organic,45-54,0,0,0,0.599,Loyal,0.4254,Developing
3463,44,Female,Jeans,Clothing,73,Michigan,L,Olive,Spring,4.5,0,Standard,0,0,34,Credit Card,Quarterly,4,0,High,Established,High,0.4254,Silver,Low_Value_Organic,35-44,0,0,0,0.4929,Developing,0.5956,Loyal
3464,27,Female,Jewelry,Accessories,27,Maine,M,Yellow,Fall,2.8,0,2-Day Shipping,0,0,45,PayPal,Fortnightly,26,0,Low,Veteran,Low,0.5728,Gold,High_Value_Organic,25-34,1,1,2,0.7553,Loyal,0.2139,Transactional
3465,36,Female,Coat,Outerwear,59,Utah,S,Peach,Winter,2.7,0,Next Day Air,0,0,12,PayPal,Annually,1,0,Low,Growing,Medium,0.1873,Bronze,Low_Value_Organic,35-44,1,0,2,0.2898,Transactional,0.2999,Transactional
3466,19,Female,Backpack,Accessories,53,Iowa,M,Gold,Spring,3.4,0,Standard,0,0,31,Debit Card,Weekly,52,0,Medium,Established,Medium,0.7274,Platinum,High_Value_Organic,18-24,0,1,1,0.8449,Loyal,0.3791,Transactional
3467,49,Female,Socks,Clothing,42,Maryland,S,Purple,Summer,4.6,0,Standard,0,0,43,Bank Transfer,Annually,1,0,High,Veteran,Low,0.3979,Silver,Low_Value_Organic,45-54,0,0,0,0.5429,Loyal,0.5127,Developing
3468,18,Female,Scarf,Accessories,45,Texas,M,Charcoal,Fall,5.0,0,Next Day Air,0,0,5,Credit Card,Annually,1,0,High,New,Medium,0.0952,Bronze,Low_Value_Organic,18-24,1,0,0,0.2327,Transactional,0.5781,Loyal
3469,36,Female,Sunglasses,Accessories,89,Ohio,S,Indigo,Winter,3.5,0,Standard,0,0,36,Debit Card,Quarterly,4,0,Medium,Established,High,0.4817,Gold,High_Value_Organic,35-44,0,1,1,0.5092,Developing,0.5056,Developing
3470,36,Female,Socks,Clothing,85,North Dakota,L,Magenta,Fall,3.3,0,Store Pickup,0,0,12,Cash,Annually,1,0,Medium,Growing,High,0.2523,Silver,Low_Value_Organic,35-44,0,0,1,0.2898,Transactional,0.4651,Developing
3471,19,Female,Coat,Outerwear,69,West Virginia,S,Olive,Summer,4.5,0,Free Shipping,0,0,31,Cash,Fortnightly,26,0,High,Established,Medium,0.5635,Gold,High_Value_Organic,18-24,0,1,0,0.641,Loyal,0.5831,Loyal
3472,43,Female,Sandals,Footwear,66,North Carolina,S,Blue,Spring,3.1,0,Store Pickup,0,0,31,Cash,Fortnightly,26,0,Medium,Established,Medium,0.556,Gold,High_Value_Organic,35-44,0,1,1,0.641,Loyal,0.3778,Transactional
3473,31,Female,Blouse,Clothing,42,Georgia,S,White,Summer,4.0,0,Free Shipping,0,0,15,Debit Card,Weekly,52,0,High,Growing,Low,0.5693,Gold,High_Value_Organic,25-34,0,1,0,0.7143,Loyal,0.4288,Developing
3474,63,Female,Dress,Clothing,40,Kansas,M,Cyan,Spring,2.5,0,Express,0,0,11,Cash,Weekly,52,0,Low,Growing,Low,0.5316,Gold,High_Value_Organic,55-64,1,1,2,0.6816,Loyal,0.2125,Transactional
3475,41,Female,Pants,Clothing,82,Maine,M,Cyan,Winter,4.4,0,Store Pickup,0,0,18,Venmo,Monthly,12,0,High,Growing,High,0.3801,Silver,Low_Value_Organic,35-44,0,0,0,0.4251,Developing,0.6098,Loyal
3476,48,Female,Sneakers,Footwear,88,South Carolina,M,Orange,Spring,4.4,0,Express,0,0,9,Cash,Quarterly,4,0,High,New,High,0.2588,Silver,Low_Value_Organic,45-54,1,0,0,0.2888,Transactional,0.6285,Loyal
3477,68,Female,Boots,Footwear,99,South Carolina,XL,Orange,Summer,3.2,0,Free Shipping,0,0,11,Cash,Weekly,52,0,Medium,Growing,High,0.6791,Platinum,High_Value_Organic,65+,0,1,1,0.6816,Loyal,0.4949,Developing
3478,53,Female,Handbag,Accessories,85,Kentucky,S,Teal,Spring,3.8,0,Store Pickup,0,0,38,Debit Card,Fortnightly,26,0,Medium,Established,High,0.6606,Platinum,High_Value_Organic,45-54,0,1,1,0.6981,Loyal,0.5351,Loyal
3479,36,Female,Handbag,Accessories,57,Arizona,M,Magenta,Fall,4.6,0,Store Pickup,0,0,42,PayPal,Quarterly,4,0,High,Veteran,Medium,0.4507,Gold,High_Value_Organic,35-44,0,1,0,0.5582,Loyal,0.5596,Loyal
3480,46,Female,Sweater,Clothing,56,New York,S,Orange,Summer,4.9,0,Standard,0,0,41,Cash,Monthly,12,0,High,Veteran,Medium,0.5028,Gold,High_Value_Organic,45-54,0,1,0,0.6128,Loyal,0.5985,Loyal
3481,21,Female,Sandals,Footwear,79,New Hampshire,L,Peach,Winter,3.5,0,Free Shipping,0,0,45,PayPal,Monthly,12,0,Medium,Veteran,High,0.593,Gold,High_Value_Organic,18-24,0,1,1,0.6455,Loyal,0.4744,Developing
3482,52,Female,Socks,Clothing,67,Ohio,S,Maroon,Summer,3.4,0,Store Pickup,0,0,41,Debit Card,Fortnightly,26,0,Medium,Veteran,Medium,0.6401,Gold,High_Value_Organic,45-54,0,1,1,0.7226,Loyal,0.4229,Developing
3483,66,Female,Gloves,Accessories,61,Hawaii,M,Gold,Winter,3.9,0,Next Day Air,0,0,35,Debit Card,Weekly,52,0,Medium,Established,Medium,0.7801,Platinum,High_Value_Organic,65+,1,1,1,0.8776,Loyal,0.4741,Developing
3484,19,Female,Hoodie,Clothing,37,Texas,L,White,Winter,3.9,0,Express,0,0,21,Credit Card,Quarterly,4,0,Medium,Growing,Low,0.2293,Bronze,Low_Value_Organic,18-24,1,0,1,0.3868,Developing,0.3991,Developing
3485,44,Female,Dress,Clothing,75,Illinois,L,Gray,Fall,4.2,0,Free Shipping,0,0,13,Credit Card,Fortnightly,26,0,High,Growing,High,0.4315,Silver,Low_Value_Organic,35-44,0,0,0,0.494,Developing,0.5599,Loyal
3486,50,Female,Shirt,Clothing,21,Massachusetts,XL,Brown,Winter,3.4,0,Standard,0,0,23,Debit Card,Fortnightly,26,0,Medium,Growing,Low,0.3782,Silver,Low_Value_Organic,45-54,0,0,1,0.5757,Loyal,0.2791,Transactional
3487,51,Female,Shorts,Clothing,89,North Carolina,L,Charcoal,Winter,4.9,0,Standard,0,0,6,PayPal,Weekly,52,0,High,New,High,0.6133,Gold,High_Value_Organic,45-54,0,1,0,0.6408,Loyal,0.7016,Loyal
3488,25,Female,Sandals,Footwear,24,West Virginia,L,Beige,Fall,2.9,0,Store Pickup,0,0,39,Bank Transfer,Annually,1,0,Low,Established,Low,0.3202,Silver,Low_Value_Organic,25-34,0,0,2,0.5102,Developing,0.2185,Transactional
3489,62,Female,Sweater,Clothing,27,Delaware,XL,Teal,Spring,4.9,0,Store Pickup,0,0,7,Cash,Quarterly,4,0,High,New,Low,0.09,Bronze,Low_Value_Organic,55-64,0,0,0,0.2725,Transactional,0.5079,Developing
3490,48,Female,Dress,Clothing,26,Idaho,L,Black,Summer,4.6,0,2-Day Shipping,0,0,32,PayPal,Quarterly,4,0,High,Established,Low,0.2916,Silver,Low_Value_Organic,45-54,1,0,0,0.4766,Developing,0.4627,Developing
3491,62,Female,Boots,Footwear,82,Oregon,M,Violet,Spring,3.6,0,Store Pickup,0,0,43,Credit Card,Quarterly,4,0,Medium,Veteran,High,0.5214,Gold,High_Value_Organic,55-64,0,1,1,0.5664,Loyal,0.4978,Developing
3492,22,Female,Pants,Clothing,28,Maine,M,Orange,Winter,4.3,0,Express,0,0,15,Cash,Monthly,12,0,High,Growing,Low,0.2206,Bronze,Low_Value_Organic,18-24,1,0,0,0.4006,Developing,0.427,Developing
3493,48,Female,Gloves,Accessories,65,South Dakota,M,Turquoise,Fall,4.6,0,Standard,0,0,48,Bank Transfer,Annually,1,0,High,Veteran,Medium,0.4962,Gold,High_Value_Organic,45-54,0,1,0,0.5837,Loyal,0.5846,Loyal
3494,48,Female,Pants,Clothing,82,New Mexico,XL,Black,Winter,4.7,0,Store Pickup,0,0,35,Credit Card,Weekly,52,0,High,Established,High,0.8326,Platinum,High_Value_Organic,45-54,0,1,0,0.8776,Loyal,0.6518,Loyal
3495,62,Female,Scarf,Accessories,38,Washington,M,Silver,Winter,3.5,0,Free Shipping,0,0,41,PayPal,Quarterly,4,0,Medium,Veteran,Low,0.3951,Silver,Low_Value_Organic,55-64,0,0,1,0.5501,Loyal,0.3463,Transactional
3496,24,Female,Shorts,Clothing,33,Georgia,XL,Gray,Spring,2.8,0,Free Shipping,0,0,14,Cash,Weekly,52,0,Low,Growing,Low,0.5386,Gold,High_Value_Organic,18-24,0,1,2,0.7061,Loyal,0.2326,Transactional
3497,39,Female,Shoes,Footwear,38,Idaho,M,Pink,Summer,4.0,0,Free Shipping,0,0,22,PayPal,Monthly,12,0,High,Growing,Low,0.3027,Silver,Low_Value_Organic,35-44,0,0,0,0.4577,Developing,0.4162,Developing
3498,35,Female,Handbag,Accessories,48,Colorado,M,Red,Spring,4.3,0,Store Pickup,0,0,16,Venmo,Quarterly,4,0,High,Growing,Medium,0.216,Bronze,Low_Value_Organic,35-44,0,0,0,0.346,Developing,0.4895,Developing
3499,47,Female,Sandals,Footwear,35,Kentucky,M,Lavender,Summer,3.8,0,Standard,0,0,2,Bank Transfer,Fortnightly,26,0,Medium,New,Low,0.2417,Bronze,Low_Value_Organic,45-54,0,0,1,0.4042,Developing,0.3789,Transactional
3500,22,Female,Socks,Clothing,29,New Jersey,L,Indigo,Fall,3.0,0,Next Day Air,0,0,13,PayPal,Quarterly,4,0,Medium,Growing,Low,0.144,Bronze,Low_Value_Organic,18-24,1,0,1,0.3215,Transactional,0.2481,Transactional
3501,38,Female,Shirt,Clothing,48,Oregon,S,Silver,Fall,4.6,0,Next Day Air,0,0,38,Debit Card,Fortnightly,26,0,High,Established,Medium,0.5681,Gold,High_Value_Organic,35-44,1,1,0,0.6981,Loyal,0.5315,Loyal
3502,53,Female,Shoes,Footwear,87,Nebraska,M,Silver,Fall,4.8,0,Standard,0,0,43,Bank Transfer,Weekly,52,0,High,Veteran,High,0.9104,Platinum,High_Value_Organic,45-54,0,1,0,0.9429,Loyal,0.6814,Loyal
3503,31,Female,Backpack,Accessories,62,Massachusetts,M,Green,Fall,4.7,0,Next Day Air,0,0,26,Bank Transfer,Quarterly,4,0,High,Established,Medium,0.3326,Silver,Low_Value_Organic,25-34,1,0,0,0.4276,Developing,0.5893,Loyal
3504,31,Female,Shirt,Clothing,96,Nebraska,M,Pink,Spring,3.9,0,Free Shipping,0,0,39,Cash,Weekly,52,0,Medium,Established,High,0.9002,Platinum,High_Value_Organic,25-34,0,1,1,0.9102,Loyal,0.5835,Loyal
3505,65,Female,Handbag,Accessories,41,Hawaii,S,Violet,Fall,4.0,0,Next Day Air,0,0,50,Venmo,Monthly,12,0,High,Veteran,Low,0.5388,Gold,High_Value_Organic,65+,1,1,0,0.6863,Loyal,0.4256,Developing
3506,48,Female,Jewelry,Accessories,42,Indiana,L,Red,Winter,3.7,0,2-Day Shipping,0,0,40,Bank Transfer,Quarterly,4,0,Medium,Veteran,Low,0.3969,Silver,Low_Value_Organic,45-54,1,0,1,0.5419,Loyal,0.3868,Transactional
3507,18,Female,Shirt,Clothing,57,Illinois,L,Olive,Winter,3.7,0,2-Day Shipping,0,0,12,Cash,Fortnightly,26,0,Medium,Growing,Medium,0.3784,Silver,Low_Value_Organic,18-24,1,0,1,0.4859,Developing,0.4336,Developing
3508,46,Female,Handbag,Accessories,65,Colorado,S,Purple,Spring,4.2,0,Store Pickup,0,0,33,Credit Card,Quarterly,4,0,High,Established,Medium,0.3973,Silver,Low_Value_Organic,45-54,0,0,0,0.4848,Developing,0.5286,Loyal
3509,52,Female,Pants,Clothing,54,Pennsylvania,M,Gray,Fall,4.7,0,Standard,0,0,49,Bank Transfer,Weekly,52,0,High,Veteran,Medium,0.8768,Platinum,High_Value_Organic,45-54,0,1,0,0.9918,Loyal,0.5642,Loyal
3510,50,Female,T-shirt,Clothing,22,Ohio,L,Brown,Winter,4.3,0,Next Day Air,0,0,43,Venmo,Fortnightly,26,0,High,Veteran,Low,0.5439,Gold,High_Value_Organic,45-54,1,1,0,0.7389,Loyal,0.4082,Developing
3511,49,Female,Sneakers,Footwear,96,Pennsylvania,S,Orange,Fall,4.9,0,2-Day Shipping,0,0,14,Venmo,Monthly,12,0,High,Growing,High,0.3824,Silver,Low_Value_Organic,45-54,1,0,0,0.3924,Developing,0.7235,Loyal
3512,69,Female,Jewelry,Accessories,81,Mississippi,M,Blue,Summer,3.9,0,2-Day Shipping,0,0,21,Credit Card,Quarterly,4,0,Medium,Growing,High,0.3393,Silver,Low_Value_Organic,65+,1,0,1,0.3868,Developing,0.5366,Loyal
3513,36,Female,Shirt,Clothing,46,Kentucky,M,White,Fall,3.4,0,Free Shipping,0,0,31,Debit Card,Quarterly,4,0,Medium,Established,Medium,0.3334,Silver,Low_Value_Organic,35-44,0,0,1,0.4684,Developing,0.3573,Transactional
3514,30,Female,Blouse,Clothing,74,Alaska,XL,Charcoal,Spring,4.2,0,Store Pickup,0,0,29,Credit Card,Fortnightly,26,0,High,Established,High,0.5596,Gold,High_Value_Organic,25-34,0,1,0,0.6246,Loyal,0.5568,Loyal
3515,25,Female,Sneakers,Footwear,50,Georgia,XL,Gray,Winter,4.7,0,Express,0,0,32,Cash,Monthly,12,0,High,Established,Medium,0.4143,Silver,Low_Value_Organic,25-34,1,0,0,0.5393,Loyal,0.5518,Loyal
3516,19,Female,Dress,Clothing,80,South Dakota,XL,Charcoal,Winter,4.0,0,Next Day Air,0,0,16,Debit Card,Fortnightly,26,0,High,Growing,High,0.4685,Gold,High_Value_Organic,18-24,1,1,0,0.5185,Developing,0.5475,Loyal
3517,34,Female,Boots,Footwear,56,South Carolina,S,White,Summer,4.0,0,Free Shipping,0,0,38,PayPal,Fortnightly,26,0,High,Established,Medium,0.5881,Gold,High_Value_Organic,25-34,0,1,0,0.6981,Loyal,0.4725,Developing
3518,29,Female,Skirt,Clothing,69,Tennessee,M,Orange,Winter,3.1,0,Next Day Air,0,0,34,Debit Card,Quarterly,4,0,Medium,Established,Medium,0.4154,Silver,Low_Value_Organic,25-34,1,0,1,0.4929,Developing,0.3871,Developing
3519,50,Female,Shirt,Clothing,97,Colorado,M,Black,Spring,4.2,0,Standard,0,0,30,PayPal,Quarterly,4,0,High,Established,High,0.4528,Gold,High_Value_Organic,45-54,0,1,0,0.4603,Developing,0.6286,Loyal
3520,31,Female,Shorts,Clothing,66,Wisconsin,M,White,Winter,3.7,0,Next Day Air,0,0,14,Bank Transfer,Fortnightly,26,0,Medium,Growing,Medium,0.4172,Silver,Low_Value_Organic,25-34,1,0,1,0.5022,Developing,0.4618,Developing
3521,41,Female,Hat,Accessories,70,Georgia,S,Brown,Spring,3.1,0,Express,0,0,33,Bank Transfer,Monthly,12,0,Medium,Established,Medium,0.4725,Gold,High_Value_Organic,35-44,1,1,1,0.5475,Loyal,0.3903,Developing
3522,52,Female,Shoes,Footwear,50,Maryland,M,Pink,Winter,3.7,0,Store Pickup,0,0,35,Venmo,Weekly,52,0,Medium,Established,Medium,0.7526,Platinum,High_Value_Organic,45-54,0,1,1,0.8776,Loyal,0.4118,Developing
3523,27,Female,Pants,Clothing,85,New Jersey,M,Yellow,Spring,3.2,0,Store Pickup,0,0,13,Cash,Quarterly,4,0,Medium,Growing,High,0.284,Silver,Low_Value_Organic,25-34,0,0,1,0.3215,Transactional,0.4511,Developing
3524,49,Female,Backpack,Accessories,59,Nevada,M,Cyan,Summer,2.8,0,Standard,0,0,30,Cash,Fortnightly,26,0,Low,Established,Medium,0.5303,Gold,High_Value_Organic,45-54,0,1,2,0.6328,Loyal,0.3139,Transactional
3525,69,Female,Pants,Clothing,74,Michigan,L,Silver,Summer,2.9,0,Free Shipping,0,0,30,Credit Card,Monthly,12,0,Low,Established,High,0.458,Gold,High_Value_Organic,65+,0,1,2,0.523,Developing,0.3747,Transactional
3526,45,Female,Sunglasses,Accessories,38,Wyoming,L,Olive,Winter,3.5,0,Standard,0,0,47,Bank Transfer,Annually,1,0,Medium,Veteran,Low,0.4205,Silver,Low_Value_Organic,45-54,0,0,1,0.5755,Loyal,0.3463,Transactional
3527,20,Female,Sweater,Clothing,99,Massachusetts,M,Olive,Spring,3.8,0,Express,0,0,1,PayPal,Quarterly,4,0,Medium,New,High,0.221,Bronze,Low_Value_Organic,18-24,1,0,1,0.2235,Transactional,0.5789,Loyal
3528,25,Female,Blouse,Clothing,97,Washington,S,Charcoal,Spring,4.7,0,Free Shipping,0,0,1,Cash,Weekly,52,0,High,New,High,0.5925,Gold,High_Value_Organic,25-34,0,1,0,0.6,Loyal,0.6986,Loyal
3529,38,Female,Scarf,Accessories,67,Maine,L,Gray,Summer,4.5,0,Free Shipping,0,0,33,PayPal,Annually,1,0,High,Established,Medium,0.3787,Silver,Low_Value_Organic,35-44,0,0,0,0.4612,Developing,0.5769,Loyal
3530,55,Female,T-shirt,Clothing,20,Montana,S,Maroon,Winter,3.9,0,Next Day Air,0,0,43,Bank Transfer,Weekly,52,0,Medium,Veteran,Low,0.7429,Platinum,High_Value_Organic,55-64,1,1,1,0.9429,Loyal,0.346,Transactional
3531,62,Female,Sunglasses,Accessories,45,Oklahoma,L,Black,Spring,3.4,0,Express,0,0,37,PayPal,Weekly,52,0,Medium,Established,Medium,0.7564,Platinum,High_Value_Organic,55-64,1,1,1,0.8939,Loyal,0.3541,Transactional
3532,54,Female,Shoes,Footwear,52,North Dakota,XL,Violet,Winter,4.6,0,2-Day Shipping,0,0,23,Cash,Quarterly,4,0,High,Growing,Medium,0.2831,Silver,Low_Value_Organic,45-54,1,0,0,0.4031,Developing,0.544,Loyal
3533,61,Female,Pants,Clothing,68,Connecticut,L,Indigo,Fall,4.6,0,Standard,0,0,12,Credit Card,Annually,1,0,High,Growing,Medium,0.2098,Bronze,Low_Value_Organic,55-64,0,0,0,0.2898,Transactional,0.594,Loyal
3534,50,Female,Sneakers,Footwear,98,Texas,L,Yellow,Fall,4.7,0,Standard,0,0,30,Venmo,Fortnightly,26,0,High,Established,High,0.6278,Gold,High_Value_Organic,45-54,0,1,0,0.6328,Loyal,0.7018,Loyal
3535,65,Female,Shoes,Footwear,83,Delaware,M,Gray,Fall,3.2,0,Express,0,0,7,Cash,Weekly,52,0,Medium,New,High,0.6065,Gold,High_Value_Organic,65+,1,1,1,0.649,Loyal,0.4449,Developing
3536,68,Female,Shorts,Clothing,51,Mississippi,M,Red,Summer,5.0,0,Express,0,0,20,Debit Card,Monthly,12,0,High,Growing,Medium,0.3189,Silver,Low_Value_Organic,65+,1,0,0,0.4414,Developing,0.5969,Loyal
3537,55,Female,Handbag,Accessories,21,Minnesota,L,Peach,Spring,4.5,0,Express,0,0,10,Venmo,Monthly,12,0,High,Growing,Low,0.1622,Bronze,Low_Value_Organic,55-64,1,0,0,0.3597,Developing,0.4331,Developing
3538,57,Female,Handbag,Accessories,92,Georgia,M,Gray,Spring,3.5,0,Standard,0,0,40,Credit Card,Quarterly,4,0,Medium,Veteran,High,0.5219,Gold,High_Value_Organic,55-64,0,1,1,0.5419,Loyal,0.515,Developing
3539,56,Female,Shoes,Footwear,63,Iowa,S,White,Spring,4.5,0,Store Pickup,0,0,21,Venmo,Monthly,12,0,High,Growing,Medium,0.357,Silver,Low_Value_Organic,55-64,0,0,0,0.4495,Developing,0.5644,Loyal
3540,29,Female,Jewelry,Accessories,56,New York,S,Green,Spring,3.2,0,Express,0,0,17,Credit Card,Fortnightly,26,0,Medium,Growing,Medium,0.4167,Silver,Low_Value_Organic,25-34,1,0,1,0.5267,Loyal,0.3605,Transactional
3541,24,Female,Shorts,Clothing,95,Nevada,M,Magenta,Spring,4.6,0,Free Shipping,0,0,5,Bank Transfer,Weekly,52,0,High,New,High,0.6202,Gold,High_Value_Organic,18-24,0,1,0,0.6327,Loyal,0.6784,Loyal
3542,59,Female,Blouse,Clothing,66,Virginia,M,Olive,Winter,4.0,0,Next Day Air,0,0,22,PayPal,Annually,1,0,High,Growing,Medium,0.2864,Silver,Low_Value_Organic,55-64,1,0,0,0.3714,Developing,0.5038,Developing
3543,62,Female,Coat,Outerwear,28,Idaho,S,Olive,Spring,4.2,0,Express,0,0,5,Venmo,Weekly,52,0,High,New,Low,0.4527,Gold,High_Value_Organic,55-64,1,1,0,0.6327,Loyal,0.413,Developing
3544,58,Female,Hat,Accessories,83,Colorado,M,Blue,Winter,4.1,0,Standard,0,0,18,PayPal,Quarterly,4,0,High,Growing,High,0.3198,Silver,Low_Value_Organic,55-64,0,0,0,0.3623,Developing,0.5709,Loyal
3545,64,Female,Socks,Clothing,55,Wisconsin,XL,Charcoal,Fall,3.6,0,2-Day Shipping,0,0,42,Cash,Quarterly,4,0,Medium,Veteran,Medium,0.4457,Silver,Low_Value_Organic,55-64,1,0,1,0.5582,Loyal,0.4134,Developing
3546,48,Female,Sandals,Footwear,28,Connecticut,M,Yellow,Spring,3.7,0,2-Day Shipping,0,0,22,Debit Card,Annually,1,0,Medium,Growing,Low,0.1914,Bronze,Low_Value_Organic,45-54,1,0,1,0.3714,Developing,0.343,Transactional
3547,60,Female,Scarf,Accessories,79,Kansas,M,Violet,Summer,3.6,0,Free Shipping,0,0,37,Bank Transfer,Fortnightly,26,0,Medium,Established,High,0.6375,Gold,High_Value_Organic,55-64,0,1,1,0.69,Loyal,0.4884,Developing
3548,52,Female,Scarf,Accessories,31,Pennsylvania,L,Magenta,Summer,3.8,0,Standard,0,0,23,Credit Card,Annually,1,0,Medium,Growing,Low,0.2071,Bronze,Low_Value_Organic,45-54,0,0,1,0.3796,Developing,0.3664,Transactional
3549,63,Female,Blouse,Clothing,37,Utah,M,Red,Fall,3.0,0,Standard,0,0,47,Debit Card,Fortnightly,26,0,Medium,Veteran,Low,0.6141,Gold,High_Value_Organic,55-64,0,1,1,0.7716,Loyal,0.2731,Transactional
3550,44,Female,T-shirt,Clothing,34,Oregon,M,Cyan,Summer,3.4,0,2-Day Shipping,0,0,11,Bank Transfer,Fortnightly,26,0,Medium,Growing,Low,0.3127,Silver,Low_Value_Organic,35-44,1,0,1,0.4777,Developing,0.3198,Transactional
3551,63,Female,Shoes,Footwear,74,West Virginia,S,Orange,Winter,4.8,0,Standard,0,0,32,Cash,Weekly,52,0,High,Established,High,0.7881,Platinum,High_Value_Organic,55-64,0,1,0,0.8531,Loyal,0.6407,Loyal
3552,66,Female,Gloves,Accessories,31,Montana,L,Black,Spring,2.6,0,Store Pickup,0,0,20,Venmo,Weekly,52,0,Low,Growing,Low,0.5826,Gold,High_Value_Organic,65+,0,1,2,0.7551,Loyal,0.1984,Transactional
3553,22,Female,Sunglasses,Accessories,66,Kentucky,M,Blue,Winter,2.9,0,Next Day Air,0,0,3,PayPal,Quarterly,4,0,Low,New,Medium,0.1549,Bronze,Low_Value_Organic,18-24,1,0,2,0.2399,Transactional,0.3498,Transactional
3554,62,Female,Shoes,Footwear,99,Minnesota,M,Charcoal,Spring,4.9,0,Free Shipping,0,0,32,Bank Transfer,Weekly,52,0,High,Established,High,0.8506,Platinum,High_Value_Organic,55-64,0,1,0,0.8531,Loyal,0.7329,Loyal
3555,39,Female,Dress,Clothing,55,Louisiana,M,Indigo,Spring,5.0,0,Free Shipping,0,0,5,Credit Card,Fortnightly,26,0,High,New,Medium,0.3162,Silver,Low_Value_Organic,35-44,0,0,0,0.4287,Developing,0.6094,Loyal
3556,25,Female,Blouse,Clothing,23,Delaware,L,Silver,Spring,4.6,0,Next Day Air,0,0,45,Cash,Quarterly,4,0,High,Veteran,Low,0.3902,Silver,Low_Value_Organic,25-34,1,0,0,0.5827,Loyal,0.4534,Developing
3557,70,Female,Sweater,Clothing,88,Arizona,M,Brown,Fall,4.2,0,Express,0,0,43,Cash,Fortnightly,26,0,High,Veteran,High,0.7089,Platinum,High_Value_Organic,65+,1,1,0,0.7389,Loyal,0.6005,Loyal
3558,52,Female,Jacket,Outerwear,26,Nevada,M,Peach,Summer,4.9,0,Next Day Air,0,0,1,PayPal,Quarterly,4,0,High,New,Low,0.0385,Bronze,Low_Value_Organic,45-54,1,0,0,0.2235,Transactional,0.5048,Developing
3559,68,Female,Backpack,Accessories,94,Alaska,L,Magenta,Summer,4.8,0,Standard,0,0,9,Venmo,Quarterly,4,0,High,New,High,0.2738,Silver,Low_Value_Organic,65+,0,0,0,0.2888,Transactional,0.7032,Loyal
3560,18,Female,Shorts,Clothing,25,Utah,M,Beige,Fall,3.0,0,Next Day Air,0,0,13,Venmo,Quarterly,4,0,Medium,Growing,Low,0.134,Bronze,Low_Value_Organic,18-24,1,0,1,0.3215,Transactional,0.2356,Transactional
3561,18,Female,Socks,Clothing,96,Kansas,XL,Violet,Fall,3.5,0,Express,0,0,5,Credit Card,Annually,1,0,Medium,New,High,0.2227,Bronze,Low_Value_Organic,18-24,1,0,1,0.2327,Transactional,0.5275,Loyal
3562,63,Female,Sneakers,Footwear,29,North Carolina,L,Black,Spring,3.4,0,Standard,0,0,39,Credit Card,Fortnightly,26,0,Medium,Established,Low,0.5288,Gold,High_Value_Organic,55-64,0,1,1,0.7063,Loyal,0.3041,Transactional
3563,47,Female,Sneakers,Footwear,36,Maryland,M,Cyan,Winter,3.4,0,Free Shipping,0,0,7,Bank Transfer,Weekly,52,0,Medium,New,Low,0.489,Gold,High_Value_Organic,45-54,0,1,1,0.649,Loyal,0.326,Transactional
3564,43,Female,Blouse,Clothing,90,Maine,M,Green,Summer,4.9,0,Standard,0,0,8,Credit Card,Quarterly,4,0,High,New,High,0.2557,Silver,Low_Value_Organic,35-44,0,0,0,0.2807,Transactional,0.7048,Loyal
3565,60,Female,Gloves,Accessories,38,Illinois,S,Brown,Summer,4.4,0,Free Shipping,0,0,40,Venmo,Annually,1,0,High,Veteran,Low,0.3634,Silver,Low_Value_Organic,55-64,0,0,0,0.5184,Developing,0.4723,Developing
3566,49,Female,Handbag,Accessories,52,Pennsylvania,S,Gray,Spring,4.2,0,Store Pickup,0,0,35,PayPal,Monthly,12,0,High,Established,Medium,0.4438,Silver,Low_Value_Organic,45-54,0,0,0,0.5638,Loyal,0.488,Developing
3567,28,Female,Jeans,Clothing,88,Alaska,S,Orange,Spring,3.1,0,Next Day Air,0,0,14,Venmo,Monthly,12,0,Medium,Growing,High,0.3624,Silver,Low_Value_Organic,25-34,1,0,1,0.3924,Developing,0.4465,Developing
3568,32,Female,Scarf,Accessories,56,New Mexico,S,Silver,Summer,4.0,0,Next Day Air,0,0,26,Credit Card,Monthly,12,0,High,Established,Medium,0.3804,Silver,Low_Value_Organic,25-34,1,0,0,0.4904,Developing,0.4725,Developing
3569,29,Female,Sandals,Footwear,71,Arkansas,M,Purple,Spring,4.8,0,Next Day Air,0,0,14,PayPal,Quarterly,4,0,High,Growing,Medium,0.2572,Silver,Low_Value_Organic,25-34,1,0,0,0.3297,Transactional,0.6314,Loyal
3570,35,Female,Sandals,Footwear,94,Alaska,M,Olive,Fall,3.3,0,Express,0,0,9,Bank Transfer,Fortnightly,26,0,Medium,New,High,0.4464,Silver,Low_Value_Organic,35-44,1,0,1,0.4614,Developing,0.4933,Developing
3571,23,Female,Dress,Clothing,97,Louisiana,XL,Teal,Winter,4.7,0,Standard,0,0,32,Debit Card,Annually,1,0,High,Established,High,0.4456,Silver,Low_Value_Organic,18-24,0,0,0,0.4531,Developing,0.6986,Loyal
3572,70,Female,Skirt,Clothing,27,North Dakota,M,White,Summer,3.2,0,Standard,0,0,15,Bank Transfer,Quarterly,4,0,Medium,Growing,Low,0.1553,Bronze,Low_Value_Organic,65+,0,0,1,0.3378,Transactional,0.2699,Transactional
3573,23,Female,Shorts,Clothing,28,Rhode Island,M,Black,Spring,5.0,0,Standard,0,0,25,Credit Card,Monthly,12,0,High,Established,Low,0.3022,Silver,Low_Value_Organic,18-24,0,0,0,0.4822,Developing,0.525,Loyal
3574,43,Female,Jeans,Clothing,67,Connecticut,L,Maroon,Fall,4.9,0,Free Shipping,0,0,27,PayPal,Monthly,12,0,High,Established,Medium,0.416,Silver,Low_Value_Organic,35-44,0,0,0,0.4985,Developing,0.6329,Loyal
3575,29,Female,Socks,Clothing,70,New York,M,Cyan,Fall,4.9,0,Express,0,0,39,Bank Transfer,Quarterly,4,0,High,Established,Medium,0.4587,Gold,High_Value_Organic,25-34,1,1,0,0.5337,Loyal,0.6422,Loyal
3576,61,Female,Coat,Outerwear,95,Kentucky,M,Violet,Fall,3.7,0,Express,0,0,49,Venmo,Fortnightly,26,0,Medium,Veteran,High,0.7754,Platinum,High_Value_Organic,55-64,1,1,1,0.7879,Loyal,0.5524,Loyal
3577,29,Female,Boots,Footwear,24,Maine,L,Yellow,Spring,3.0,0,Express,0,0,12,Venmo,Fortnightly,26,0,Medium,Growing,Low,0.2959,Silver,Low_Value_Organic,25-34,1,0,1,0.4859,Developing,0.2325,Transactional
3578,66,Female,Belt,Accessories,35,Missouri,S,Yellow,Winter,2.6,0,Standard,0,0,13,Bank Transfer,Weekly,52,0,Low,Growing,Low,0.5355,Gold,High_Value_Organic,65+,0,1,2,0.698,Loyal,0.2109,Transactional
3579,46,Female,Shoes,Footwear,22,Georgia,L,Olive,Winter,2.6,0,Standard,0,0,22,Bank Transfer,Quarterly,4,0,Low,Growing,Low,0.2,Bronze,Low_Value_Organic,45-54,0,0,2,0.395,Developing,0.1703,Transactional
3580,34,Female,Scarf,Accessories,66,Arizona,L,Olive,Fall,4.8,0,Standard,0,0,19,Credit Card,Quarterly,4,0,High,Growing,Medium,0.2855,Silver,Low_Value_Organic,25-34,0,0,0,0.3705,Developing,0.6158,Loyal
3581,51,Female,Blouse,Clothing,83,New Hampshire,M,Magenta,Summer,3.2,0,2-Day Shipping,0,0,3,Cash,Fortnightly,26,0,Medium,New,High,0.3699,Silver,Low_Value_Organic,45-54,1,0,1,0.4124,Developing,0.4449,Developing
3582,26,Female,Dress,Clothing,95,Georgia,M,Orange,Fall,4.9,0,Next Day Air,0,0,50,Credit Card,Weekly,52,0,High,Veteran,High,0.9875,Platinum,High_Value_Organic,25-34,1,1,0,1.0,Loyal,0.7204,Loyal
3583,23,Female,Shorts,Clothing,41,California,S,Beige,Summer,3.4,0,2-Day Shipping,0,0,15,PayPal,Annually,1,0,Medium,Growing,Low,0.1668,Bronze,Low_Value_Organic,18-24,1,0,1,0.3143,Transactional,0.3416,Transactional
3584,52,Female,Blouse,Clothing,77,Arizona,L,Brown,Summer,2.7,0,Store Pickup,0,0,44,Credit Card,Quarterly,4,0,Low,Veteran,High,0.517,Gold,High_Value_Organic,45-54,0,1,2,0.5745,Loyal,0.3561,Transactional
3585,39,Female,Sneakers,Footwear,52,Florida,L,Indigo,Fall,4.8,0,Express,0,0,48,Debit Card,Monthly,12,0,High,Veteran,Medium,0.5499,Gold,High_Value_Organic,35-44,1,1,0,0.6699,Loyal,0.572,Loyal
3586,39,Female,Gloves,Accessories,41,New York,XL,Gray,Winter,4.1,0,Standard,0,0,4,Venmo,Fortnightly,26,0,High,New,Low,0.2731,Silver,Low_Value_Organic,35-44,0,0,0,0.4206,Developing,0.4396,Developing
3587,33,Female,Hoodie,Clothing,28,Idaho,M,Yellow,Winter,4.6,0,Store Pickup,0,0,12,PayPal,Fortnightly,26,0,High,Growing,Low,0.3059,Silver,Low_Value_Organic,25-34,0,0,0,0.4859,Developing,0.469,Developing
3588,33,Female,Sweater,Clothing,90,Virginia,S,Violet,Summer,4.4,0,Standard,0,0,33,Debit Card,Annually,1,0,High,Established,High,0.4362,Silver,Low_Value_Organic,25-34,0,0,0,0.4612,Developing,0.6348,Loyal
3589,23,Female,Sunglasses,Accessories,55,Michigan,M,Magenta,Spring,3.5,0,2-Day Shipping,0,0,40,Cash,Annually,1,0,Medium,Veteran,Medium,0.4059,Silver,Low_Value_Organic,18-24,1,0,1,0.5184,Developing,0.3994,Developing
3590,31,Female,Belt,Accessories,73,New Hampshire,M,Blue,Spring,4.8,0,Next Day Air,0,0,38,Cash,Quarterly,4,0,High,Established,High,0.4581,Gold,High_Value_Organic,25-34,1,1,0,0.5256,Loyal,0.6376,Loyal
3591,27,Female,Dress,Clothing,87,South Dakota,M,Gray,Fall,2.9,0,2-Day Shipping,0,0,19,Venmo,Quarterly,4,0,Low,Growing,High,0.338,Silver,Low_Value_Organic,25-34,1,0,2,0.3705,Developing,0.4154,Developing
3592,48,Female,Jacket,Outerwear,89,South Dakota,M,Gold,Winter,3.2,0,2-Day Shipping,0,0,38,Bank Transfer,Quarterly,4,0,Medium,Established,High,0.4981,Gold,High_Value_Organic,45-54,1,1,1,0.5256,Loyal,0.4636,Developing
3593,61,Female,Boots,Footwear,82,New Jersey,L,Lavender,Spring,4.4,0,2-Day Shipping,0,0,18,Venmo,Fortnightly,26,0,High,Growing,High,0.4899,Gold,High_Value_Organic,55-64,1,1,0,0.5349,Loyal,0.6098,Loyal
3594,63,Female,Sandals,Footwear,80,Wyoming,M,Black,Spring,4.6,0,Next Day Air,0,0,24,PayPal,Monthly,12,0,High,Growing,High,0.424,Silver,Low_Value_Organic,55-64,1,0,0,0.474,Developing,0.6315,Loyal
3595,19,Female,Scarf,Accessories,87,Alabama,L,Charcoal,Summer,2.6,0,2-Day Shipping,0,0,29,Venmo,Quarterly,4,0,Low,Established,High,0.4196,Silver,Low_Value_Organic,18-24,1,0,2,0.4521,Developing,0.3734,Transactional
3596,21,Female,Blouse,Clothing,41,South Dakota,M,Violet,Spring,3.1,0,Store Pickup,0,0,14,PayPal,Annually,1,0,Medium,Growing,Low,0.1586,Bronze,Low_Value_Organic,18-24,0,0,1,0.3061,Transactional,0.2996,Transactional
3597,28,Female,Hoodie,Clothing,83,South Carolina,M,Charcoal,Spring,4.3,0,Standard,0,0,44,Cash,Fortnightly,26,0,High,Veteran,High,0.7046,Platinum,High_Value_Organic,25-34,0,1,0,0.7471,Loyal,0.5989,Loyal
3598,29,Female,Sunglasses,Accessories,71,New Mexico,M,Maroon,Summer,3.1,0,Standard,0,0,18,Bank Transfer,Quarterly,4,0,Medium,Growing,Medium,0.2898,Silver,Low_Value_Organic,25-34,0,0,1,0.3623,Developing,0.3934,Developing
3599,23,Female,Hoodie,Clothing,76,Connecticut,XL,Purple,Spring,4.6,0,Store Pickup,0,0,19,Bank Transfer,Fortnightly,26,0,High,Growing,High,0.483,Gold,High_Value_Organic,18-24,0,1,0,0.543,Loyal,0.619,Loyal
3600,37,Female,Scarf,Accessories,34,Kansas,S,Peach,Spring,4.6,0,Express,0,0,4,Cash,Weekly,52,0,High,New,Low,0.4595,Gold,High_Value_Organic,35-44,1,1,0,0.6245,Loyal,0.4877,Developing
3601,67,Female,Dress,Clothing,81,South Carolina,XL,Olive,Spring,2.7,0,Free Shipping,0,0,25,Cash,Fortnightly,26,0,Low,Established,High,0.5445,Gold,High_Value_Organic,65+,0,1,2,0.592,Loyal,0.3686,Transactional
3602,34,Female,T-shirt,Clothing,47,North Carolina,M,Indigo,Summer,3.0,0,Next Day Air,0,0,3,PayPal,Monthly,12,0,Medium,New,Medium,0.1701,Bronze,Low_Value_Organic,25-34,1,0,1,0.3026,Transactional,0.3044,Transactional
3603,58,Female,Skirt,Clothing,36,Wyoming,S,Magenta,Summer,3.3,0,Store Pickup,0,0,40,Debit Card,Quarterly,4,0,Medium,Veteran,Low,0.3819,Silver,Low_Value_Organic,55-64,0,0,1,0.5419,Loyal,0.312,Transactional
3604,45,Female,Jeans,Clothing,51,Louisiana,M,Gold,Spring,2.7,0,Free Shipping,0,0,5,Cash,Weekly,52,0,Low,New,Medium,0.5102,Gold,High_Value_Organic,45-54,0,1,2,0.6327,Loyal,0.2749,Transactional
3605,63,Female,Hoodie,Clothing,86,Louisiana,M,Orange,Fall,3.3,0,Standard,0,0,17,Debit Card,Annually,1,0,Medium,Growing,High,0.2956,Silver,Low_Value_Organic,55-64,0,0,1,0.3306,Transactional,0.4683,Developing
3606,68,Female,Jeans,Clothing,41,Alabama,M,Gold,Fall,4.3,0,Store Pickup,0,0,36,Bank Transfer,Quarterly,4,0,High,Established,Low,0.3617,Silver,Low_Value_Organic,65+,0,0,0,0.5092,Developing,0.4676,Developing
3607,41,Female,Sandals,Footwear,90,Minnesota,XL,Purple,Fall,4.8,0,Express,0,0,41,Venmo,Annually,1,0,High,Veteran,High,0.5015,Gold,High_Value_Organic,35-44,1,1,0,0.5265,Loyal,0.6908,Loyal
3608,50,Female,Hat,Accessories,93,New Mexico,L,Charcoal,Fall,3.3,0,Standard,0,0,20,Venmo,Fortnightly,26,0,Medium,Growing,High,0.5337,Gold,High_Value_Organic,45-54,0,1,1,0.5512,Loyal,0.4901,Developing
3609,24,Female,Gloves,Accessories,56,Tennessee,M,Cyan,Fall,4.3,0,Next Day Air,0,0,2,Cash,Quarterly,4,0,High,New,Medium,0.1217,Bronze,Low_Value_Organic,18-24,1,0,0,0.2317,Transactional,0.5145,Developing
3610,21,Female,Socks,Clothing,39,New Mexico,M,Cyan,Summer,3.0,0,2-Day Shipping,0,0,31,Debit Card,Monthly,12,0,Medium,Established,Low,0.3787,Silver,Low_Value_Organic,18-24,1,0,1,0.5312,Loyal,0.2794,Transactional
3611,18,Female,Jacket,Outerwear,86,Texas,XL,Green,Fall,4.8,0,2-Day Shipping,0,0,23,Bank Transfer,Fortnightly,26,0,High,Growing,High,0.5407,Gold,High_Value_Organic,18-24,1,1,0,0.5757,Loyal,0.6782,Loyal
3612,63,Female,T-shirt,Clothing,82,Washington,M,Silver,Spring,2.9,0,Standard,0,0,30,Credit Card,Annually,1,0,Low,Established,High,0.3917,Silver,Low_Value_Organic,55-64,0,0,2,0.4367,Developing,0.3998,Developing
3613,47,Female,Sandals,Footwear,29,Michigan,M,Teal,Summer,3.6,0,Standard,0,0,26,Cash,Quarterly,4,0,Medium,Established,Low,0.2501,Silver,Low_Value_Organic,45-54,0,0,1,0.4276,Developing,0.3321,Transactional
3614,58,Female,Hat,Accessories,27,Minnesota,M,Magenta,Fall,3.5,0,Store Pickup,0,0,40,Venmo,Annually,1,0,Medium,Veteran,Low,0.3359,Silver,Low_Value_Organic,55-64,0,0,1,0.5184,Developing,0.3119,Transactional
3615,46,Female,Gloves,Accessories,25,Delaware,L,Maroon,Spring,4.7,0,2-Day Shipping,0,0,19,Bank Transfer,Annually,1,0,High,Growing,Low,0.1594,Bronze,Low_Value_Organic,45-54,1,0,0,0.3469,Developing,0.4736,Developing
3616,35,Female,Dress,Clothing,31,California,M,Gold,Winter,4.4,0,Free Shipping,0,0,4,Credit Card,Monthly,12,0,High,New,Low,0.1383,Bronze,Low_Value_Organic,35-44,0,0,0,0.3108,Transactional,0.4504,Developing
3617,42,Female,Hoodie,Clothing,23,Wisconsin,L,Purple,Winter,3.3,0,Store Pickup,0,0,33,Debit Card,Fortnightly,26,0,Medium,Established,Low,0.4648,Gold,High_Value_Organic,35-44,0,1,1,0.6573,Loyal,0.2714,Transactional
3618,48,Female,Belt,Accessories,47,Kentucky,M,Lavender,Fall,4.3,0,Express,0,0,29,Debit Card,Monthly,12,0,High,Established,Medium,0.3823,Silver,Low_Value_Organic,45-54,1,0,0,0.5148,Developing,0.4864,Developing
3619,28,Female,Gloves,Accessories,67,Nevada,M,Maroon,Fall,4.0,0,2-Day Shipping,0,0,47,PayPal,Fortnightly,26,0,High,Veteran,Medium,0.6891,Platinum,High_Value_Organic,25-34,1,1,0,0.7716,Loyal,0.5069,Developing
3620,44,Female,Scarf,Accessories,75,North Carolina,S,Magenta,Winter,4.9,0,2-Day Shipping,0,0,50,Venmo,Weekly,52,0,High,Veteran,High,0.9375,Platinum,High_Value_Organic,35-44,1,1,0,1.0,Loyal,0.6579,Loyal
3621,60,Female,Sandals,Footwear,82,Louisiana,M,Turquoise,Summer,2.9,0,Express,0,0,28,Credit Card,Fortnightly,26,0,Low,Established,High,0.5715,Gold,High_Value_Organic,55-64,1,1,2,0.6165,Loyal,0.3998,Developing
3622,38,Female,Sneakers,Footwear,32,New Jersey,XL,Silver,Summer,4.0,0,2-Day Shipping,0,0,5,Cash,Fortnightly,26,0,High,New,Low,0.2587,Silver,Low_Value_Organic,35-44,1,0,0,0.4287,Developing,0.3975,Developing
3623,46,Female,Dress,Clothing,41,Wisconsin,M,Purple,Fall,4.3,0,Store Pickup,0,0,12,Credit Card,Annually,1,0,High,Growing,Low,0.1423,Bronze,Low_Value_Organic,45-54,0,0,0,0.2898,Transactional,0.4676,Developing
3624,39,Female,Jewelry,Accessories,89,Arkansas,M,Violet,Winter,2.7,0,2-Day Shipping,0,0,4,PayPal,Weekly,52,0,Low,New,High,0.597,Gold,High_Value_Organic,35-44,1,1,2,0.6245,Loyal,0.3936,Developing
3625,22,Female,Hat,Accessories,82,Texas,XL,Peach,Fall,5.0,0,Store Pickup,0,0,22,Bank Transfer,Fortnightly,26,0,High,Growing,High,0.5225,Gold,High_Value_Organic,18-24,0,1,0,0.5675,Loyal,0.6938,Loyal
3626,44,Female,Scarf,Accessories,99,Illinois,L,Green,Winter,4.4,0,Express,0,0,32,PayPal,Weekly,52,0,High,Established,High,0.8506,Platinum,High_Value_Organic,35-44,1,1,0,0.8531,Loyal,0.6629,Loyal
3627,69,Female,Blouse,Clothing,98,Mississippi,L,Teal,Fall,3.5,0,Express,0,0,32,Venmo,Quarterly,4,0,Medium,Established,High,0.4716,Gold,High_Value_Organic,65+,1,1,1,0.4766,Developing,0.5338,Loyal
3628,39,Female,Belt,Accessories,54,Delaware,M,Silver,Winter,3.3,0,Next Day Air,0,0,48,Cash,Quarterly,4,0,Medium,Veteran,Medium,0.4922,Gold,High_Value_Organic,35-44,1,1,1,0.6072,Loyal,0.3682,Transactional
3629,53,Female,Blouse,Clothing,88,Georgia,L,Purple,Summer,3.8,0,Free Shipping,0,0,35,Credit Card,Monthly,12,0,Medium,Established,High,0.5338,Gold,High_Value_Organic,45-54,0,1,1,0.5638,Loyal,0.5445,Loyal
3630,52,Female,T-shirt,Clothing,43,Kansas,L,Lavender,Summer,4.5,0,Standard,0,0,44,Debit Card,Fortnightly,26,0,High,Veteran,Low,0.6046,Gold,High_Value_Organic,45-54,0,1,0,0.7471,Loyal,0.5019,Developing
3631,65,Female,Hat,Accessories,73,Oklahoma,M,Lavender,Winter,4.8,0,Store Pickup,0,0,29,Cash,Weekly,52,0,High,Established,High,0.7611,Platinum,High_Value_Organic,65+,0,1,0,0.8286,Loyal,0.6376,Loyal
3632,48,Female,Hat,Accessories,50,New Jersey,M,Peach,Fall,2.9,0,Store Pickup,0,0,26,Credit Card,Monthly,12,0,Low,Established,Medium,0.3654,Silver,Low_Value_Organic,45-54,0,0,2,0.4904,Developing,0.2997,Transactional
3633,27,Female,Sneakers,Footwear,73,Utah,L,Green,Spring,3.2,0,Express,0,0,3,Debit Card,Quarterly,4,0,Medium,New,High,0.1724,Bronze,Low_Value_Organic,25-34,1,0,1,0.2399,Transactional,0.4136,Developing
3634,39,Female,Gloves,Accessories,51,Montana,M,Orange,Spring,2.8,0,Free Shipping,0,0,1,Bank Transfer,Fortnightly,26,0,Low,New,Medium,0.2736,Silver,Low_Value_Organic,35-44,0,0,2,0.3961,Developing,0.2889,Transactional
3635,59,Female,Socks,Clothing,22,Ohio,M,Pink,Winter,3.3,0,Standard,0,0,17,PayPal,Annually,1,0,Medium,Growing,Low,0.1356,Bronze,Low_Value_Organic,55-64,0,0,1,0.3306,Transactional,0.2682,Transactional
3636,52,Female,Sandals,Footwear,32,Colorado,L,Cyan,Fall,3.3,0,Free Shipping,0,0,17,Credit Card,Fortnightly,26,0,Medium,Growing,Low,0.3567,Silver,Low_Value_Organic,45-54,0,0,1,0.5267,Loyal,0.2995,Transactional
3637,50,Female,Sandals,Footwear,38,California,L,Lavender,Summer,4.2,0,2-Day Shipping,0,0,36,Cash,Weekly,52,0,High,Established,Low,0.7307,Platinum,High_Value_Organic,45-54,1,1,0,0.8857,Loyal,0.4442,Developing
3638,32,Female,Boots,Footwear,66,Utah,L,Yellow,Winter,3.6,0,Express,0,0,32,Credit Card,Fortnightly,26,0,Medium,Established,Medium,0.5641,Gold,High_Value_Organic,25-34,1,1,1,0.6491,Loyal,0.4478,Developing
3639,40,Female,Backpack,Accessories,20,Kansas,M,Olive,Spring,4.6,0,Express,0,0,50,PayPal,Fortnightly,26,0,High,Veteran,Low,0.5961,Gold,High_Value_Organic,35-44,1,1,0,0.7961,Loyal,0.444,Developing
3640,26,Female,Coat,Outerwear,44,Illinois,M,Brown,Summer,3.6,0,2-Day Shipping,0,0,39,Venmo,Annually,1,0,Medium,Established,Low,0.3702,Silver,Low_Value_Organic,25-34,1,0,1,0.5102,Developing,0.379,Transactional
3641,47,Female,Sunglasses,Accessories,31,Minnesota,L,Pink,Spring,4.0,0,Next Day Air,0,0,17,PayPal,Monthly,12,0,High,Growing,Low,0.2444,Bronze,Low_Value_Organic,45-54,1,0,0,0.4169,Developing,0.3944,Developing
3642,51,Female,Jacket,Outerwear,45,New York,M,Cyan,Fall,2.7,0,Free Shipping,0,0,39,Bank Transfer,Quarterly,4,0,Low,Established,Medium,0.3962,Silver,Low_Value_Organic,45-54,0,0,2,0.5337,Loyal,0.2561,Transactional
3643,47,Female,Dress,Clothing,71,Arizona,L,Maroon,Summer,4.4,0,Store Pickup,0,0,5,PayPal,Annually,1,0,High,New,Medium,0.1602,Bronze,Low_Value_Organic,45-54,0,0,0,0.2327,Transactional,0.5754,Loyal
3644,53,Female,Scarf,Accessories,96,Tennessee,XL,Magenta,Fall,3.2,0,Standard,0,0,47,Debit Card,Annually,1,0,Medium,Veteran,High,0.5655,Gold,High_Value_Organic,45-54,0,1,1,0.5755,Loyal,0.4855,Developing
3645,35,Female,Blouse,Clothing,32,Arkansas,M,Violet,Winter,2.6,0,Next Day Air,0,0,18,Venmo,Weekly,52,0,Low,Growing,Low,0.5688,Gold,High_Value_Organic,35-44,1,1,2,0.7388,Loyal,0.2015,Transactional
3646,38,Female,Backpack,Accessories,90,Colorado,L,Silver,Summer,3.4,0,Free Shipping,0,0,31,Credit Card,Quarterly,4,0,Medium,Established,High,0.4434,Silver,Low_Value_Organic,35-44,0,0,1,0.4684,Developing,0.4948,Developing
3647,69,Female,Jewelry,Accessories,68,Nevada,M,Maroon,Spring,5.0,0,2-Day Shipping,0,0,39,Debit Card,Fortnightly,26,0,High,Established,Medium,0.6263,Gold,High_Value_Organic,65+,1,1,0,0.7063,Loyal,0.65,Loyal
3648,47,Female,Shorts,Clothing,45,Kansas,M,Gray,Winter,2.9,0,Store Pickup,0,0,12,Bank Transfer,Weekly,52,0,Low,Growing,Medium,0.5523,Gold,High_Value_Organic,45-54,0,1,2,0.6898,Loyal,0.2841,Transactional
3649,31,Female,Skirt,Clothing,67,New York,M,White,Winter,5.0,0,Free Shipping,0,0,45,Cash,Fortnightly,26,0,High,Veteran,Medium,0.6728,Platinum,High_Value_Organic,25-34,0,1,0,0.7553,Loyal,0.6469,Loyal
3650,68,Female,Skirt,Clothing,57,Minnesota,M,Brown,Fall,4.4,0,Standard,0,0,33,Credit Card,Fortnightly,26,0,High,Established,Medium,0.5498,Gold,High_Value_Organic,65+,0,1,0,0.6573,Loyal,0.5316,Loyal
3651,51,Female,Jeans,Clothing,60,Ohio,M,Silver,Summer,3.5,0,2-Day Shipping,0,0,3,PayPal,Annually,1,0,Medium,New,Medium,0.1163,Bronze,Low_Value_Organic,45-54,1,0,1,0.2163,Transactional,0.415,Developing
3652,20,Female,Handbag,Accessories,32,Arizona,M,Yellow,Spring,3.8,0,Express,0,0,5,Venmo,Quarterly,4,0,Medium,New,Low,0.0862,Bronze,Low_Value_Organic,18-24,1,0,1,0.2562,Transactional,0.3695,Transactional
3653,27,Female,Handbag,Accessories,29,Kentucky,S,Magenta,Fall,3.8,0,Store Pickup,0,0,23,Debit Card,Monthly,12,0,Medium,Growing,Low,0.2884,Silver,Low_Value_Organic,25-34,0,0,1,0.4659,Developing,0.3601,Transactional
3654,67,Female,Coat,Outerwear,20,Minnesota,M,Blue,Spring,3.9,0,Next Day Air,0,0,39,Credit Card,Fortnightly,26,0,Medium,Established,Low,0.5063,Gold,High_Value_Organic,65+,1,1,1,0.7063,Loyal,0.346,Transactional
3655,21,Female,Jewelry,Accessories,98,Arkansas,M,Green,Winter,3.3,0,Next Day Air,0,0,10,Credit Card,Annually,1,0,Medium,Growing,High,0.2685,Silver,Low_Value_Organic,18-24,1,0,1,0.2735,Transactional,0.5058,Developing
3656,20,Female,Sweater,Clothing,27,Wyoming,M,Yellow,Fall,2.9,0,Next Day Air,0,0,4,Credit Card,Fortnightly,26,0,Low,New,Low,0.2381,Bronze,Low_Value_Organic,18-24,1,0,2,0.4206,Developing,0.2279,Transactional
3657,35,Female,Jacket,Outerwear,67,North Dakota,XL,Cyan,Spring,3.7,0,2-Day Shipping,0,0,18,Credit Card,Monthly,12,0,Medium,Growing,Medium,0.3426,Silver,Low_Value_Organic,35-44,1,0,1,0.4251,Developing,0.4649,Developing
3658,58,Female,Shoes,Footwear,82,Alabama,L,Gold,Winter,3.7,0,Express,0,0,1,Debit Card,Quarterly,4,0,Medium,New,High,0.1785,Bronze,Low_Value_Organic,55-64,1,0,1,0.2235,Transactional,0.5118,Developing
3659,28,Female,T-shirt,Clothing,72,Mississippi,M,Magenta,Fall,4.6,0,Standard,0,0,18,PayPal,Fortnightly,26,0,High,Growing,Medium,0.4649,Gold,High_Value_Organic,25-34,0,1,0,0.5349,Loyal,0.6065,Loyal
3660,27,Female,Sandals,Footwear,77,Illinois,S,Gray,Fall,4.9,0,Store Pickup,0,0,46,Bank Transfer,Annually,1,0,High,Veteran,High,0.5098,Gold,High_Value_Organic,25-34,0,1,0,0.5673,Loyal,0.6641,Loyal
3661,19,Female,Shoes,Footwear,74,Arkansas,L,Indigo,Winter,3.1,0,2-Day Shipping,0,0,13,Bank Transfer,Fortnightly,26,0,Medium,Growing,High,0.429,Silver,Low_Value_Organic,18-24,1,0,1,0.494,Developing,0.4028,Developing
3662,63,Female,Sandals,Footwear,39,Kansas,S,White,Winter,3.5,0,Next Day Air,0,0,5,Credit Card,Fortnightly,26,0,Medium,New,Low,0.2762,Silver,Low_Value_Organic,55-64,1,0,1,0.4287,Developing,0.3494,Transactional
3663,69,Female,Shorts,Clothing,80,Rhode Island,M,Indigo,Spring,4.9,0,Next Day Air,0,0,11,Debit Card,Weekly,52,0,High,Growing,High,0.6316,Gold,High_Value_Organic,65+,1,1,0,0.6816,Loyal,0.6735,Loyal
3664,65,Female,Backpack,Accessories,59,Florida,M,Green,Summer,4.4,0,Express,0,0,49,Credit Card,Weekly,52,0,High,Veteran,Medium,0.8893,Platinum,High_Value_Organic,65+,1,1,0,0.9918,Loyal,0.5379,Loyal
3665,63,Female,Jacket,Outerwear,68,Missouri,M,Turquoise,Fall,4.4,0,Store Pickup,0,0,1,Debit Card,Fortnightly,26,0,High,New,Medium,0.3161,Silver,Low_Value_Organic,55-64,0,0,0,0.3961,Developing,0.566,Loyal
3666,28,Female,Socks,Clothing,77,North Carolina,M,Peach,Fall,3.4,0,Next Day Air,0,0,11,Credit Card,Quarterly,4,0,Medium,Growing,High,0.2477,Bronze,Low_Value_Organic,25-34,1,0,1,0.3052,Transactional,0.4541,Developing
3667,67,Female,Jewelry,Accessories,50,Alabama,M,Olive,Winter,3.0,0,2-Day Shipping,0,0,47,Cash,Quarterly,4,0,Medium,Veteran,Medium,0.474,Gold,High_Value_Organic,65+,1,1,1,0.599,Loyal,0.3138,Transactional
3668,51,Female,Pants,Clothing,45,Washington,L,Cyan,Fall,2.6,0,Next Day Air,0,0,20,Venmo,Monthly,12,0,Low,Growing,Medium,0.3039,Silver,Low_Value_Organic,45-54,1,0,2,0.4414,Developing,0.2421,Transactional
3669,59,Female,Blouse,Clothing,71,Michigan,XL,Magenta,Summer,3.2,0,Store Pickup,0,0,18,Venmo,Annually,1,0,Medium,Growing,Medium,0.2663,Silver,Low_Value_Organic,55-64,0,0,1,0.3388,Transactional,0.4074,Developing
3670,25,Female,Socks,Clothing,52,Washington,S,Silver,Fall,4.6,0,Store Pickup,0,0,43,PayPal,Quarterly,4,0,High,Veteran,Medium,0.4464,Silver,Low_Value_Organic,25-34,0,0,0,0.5664,Loyal,0.544,Loyal
3671,31,Female,Shoes,Footwear,50,Vermont,S,White,Winter,3.8,0,Free Shipping,0,0,4,PayPal,Quarterly,4,0,Medium,New,Medium,0.123,Bronze,Low_Value_Organic,25-34,0,0,1,0.248,Transactional,0.4258,Developing
3672,62,Female,Handbag,Accessories,66,Illinois,L,Pink,Summer,4.8,0,2-Day Shipping,0,0,20,Venmo,Quarterly,4,0,High,Growing,Medium,0.2936,Silver,Low_Value_Organic,55-64,1,0,0,0.3786,Developing,0.6158,Loyal
3673,51,Female,Sandals,Footwear,81,New York,S,Pink,Fall,4.5,0,Free Shipping,0,0,7,PayPal,Monthly,12,0,High,New,High,0.2878,Silver,Low_Value_Organic,45-54,0,0,0,0.3353,Transactional,0.6206,Loyal
3674,32,Female,Socks,Clothing,28,Rhode Island,M,Pink,Summer,4.2,0,2-Day Shipping,0,0,31,Bank Transfer,Fortnightly,26,0,High,Established,Low,0.461,Gold,High_Value_Organic,25-34,1,1,0,0.641,Loyal,0.413,Developing
3675,35,Female,Handbag,Accessories,65,Washington,M,Blue,Winter,2.7,0,2-Day Shipping,0,0,41,Venmo,Fortnightly,26,0,Low,Veteran,Medium,0.6351,Gold,High_Value_Organic,35-44,1,1,2,0.7226,Loyal,0.3186,Transactional
3676,70,Female,Hat,Accessories,80,Virginia,M,White,Winter,4.5,0,Express,0,0,3,Bank Transfer,Monthly,12,0,High,New,High,0.2526,Silver,Low_Value_Organic,65+,1,0,0,0.3026,Transactional,0.6175,Loyal
3677,19,Female,Jewelry,Accessories,94,Wisconsin,S,Teal,Spring,4.9,0,Free Shipping,0,0,16,PayPal,Monthly,12,0,High,Growing,High,0.3937,Silver,Low_Value_Organic,18-24,0,0,0,0.4087,Developing,0.7173,Loyal
3678,32,Female,Backpack,Accessories,30,Michigan,M,Gray,Fall,2.8,0,Standard,0,0,43,Cash,Annually,1,0,Low,Veteran,Low,0.3679,Silver,Low_Value_Organic,25-34,0,0,2,0.5429,Loyal,0.2232,Transactional
3679,56,Female,Shirt,Clothing,45,Texas,S,Beige,Fall,3.5,0,Standard,0,0,29,Bank Transfer,Fortnightly,26,0,Medium,Established,Medium,0.4871,Gold,High_Value_Organic,55-64,0,1,1,0.6246,Loyal,0.3681,Transactional
3680,53,Female,Coat,Outerwear,91,Idaho,M,Violet,Summer,2.5,0,Store Pickup,0,0,5,Cash,Fortnightly,26,0,Low,New,High,0.4062,Silver,Low_Value_Organic,45-54,0,0,2,0.4287,Developing,0.3719,Transactional
3681,22,Female,Sunglasses,Accessories,36,Iowa,S,Blue,Winter,2.9,0,Standard,0,0,30,Debit Card,Quarterly,4,0,Low,Established,Low,0.3003,Silver,Low_Value_Organic,18-24,0,0,2,0.4603,Developing,0.256,Transactional
3682,26,Female,Gloves,Accessories,73,Connecticut,XL,Magenta,Fall,4.2,0,Next Day Air,0,0,33,Debit Card,Monthly,12,0,High,Established,High,0.48,Gold,High_Value_Organic,25-34,1,1,0,0.5475,Loyal,0.5536,Loyal
3683,42,Female,Shirt,Clothing,60,Wyoming,M,Maroon,Fall,4.6,0,Store Pickup,0,0,46,Venmo,Fortnightly,26,0,High,Veteran,Medium,0.6634,Platinum,High_Value_Organic,35-44,0,1,0,0.7634,Loyal,0.569,Loyal
3684,30,Female,Socks,Clothing,77,Mississippi,M,Purple,Winter,3.0,0,Free Shipping,0,0,17,Venmo,Fortnightly,26,0,Medium,Growing,High,0.4692,Gold,High_Value_Organic,25-34,0,1,1,0.5267,Loyal,0.3981,Developing
3685,29,Female,Skirt,Clothing,86,Pennsylvania,L,Charcoal,Spring,4.4,0,Free Shipping,0,0,47,Credit Card,Fortnightly,26,0,High,Veteran,High,0.7366,Platinum,High_Value_Organic,25-34,0,1,0,0.7716,Loyal,0.6223,Loyal
3686,47,Female,Shorts,Clothing,42,Tennessee,L,Red,Summer,2.6,0,Standard,0,0,17,Cash,Fortnightly,26,0,Low,Growing,Low,0.3817,Silver,Low_Value_Organic,45-54,0,0,2,0.5267,Loyal,0.2328,Transactional
3687,59,Female,Sandals,Footwear,70,Louisiana,M,Charcoal,Spring,4.8,0,Free Shipping,0,0,17,Cash,Fortnightly,26,0,High,Growing,Medium,0.4517,Gold,High_Value_Organic,55-64,0,1,0,0.5267,Loyal,0.6282,Loyal
3688,34,Female,Shirt,Clothing,44,Arkansas,L,Lavender,Summer,2.9,0,Next Day Air,0,0,28,Bank Transfer,Quarterly,4,0,Low,Established,Low,0.3039,Silver,Low_Value_Organic,25-34,1,0,2,0.4439,Developing,0.281,Transactional
3689,52,Female,Sunglasses,Accessories,91,West Virginia,L,White,Spring,3.0,0,Next Day Air,0,0,8,Cash,Monthly,12,0,Medium,New,High,0.3209,Silver,Low_Value_Organic,45-54,1,0,1,0.3434,Transactional,0.4419,Developing
3690,47,Female,Jewelry,Accessories,30,South Carolina,L,Red,Fall,4.5,0,Standard,0,0,8,Bank Transfer,Quarterly,4,0,High,New,Low,0.1057,Bronze,Low_Value_Organic,45-54,0,0,0,0.2807,Transactional,0.4612,Developing
3691,24,Female,Blouse,Clothing,23,Kansas,S,Violet,Fall,3.7,0,Store Pickup,0,0,4,Bank Transfer,Fortnightly,26,0,Medium,New,Low,0.2281,Bronze,Low_Value_Organic,18-24,0,0,1,0.4206,Developing,0.3274,Transactional
3692,63,Female,Sandals,Footwear,21,Michigan,XL,Orange,Summer,4.8,0,Next Day Air,0,0,24,PayPal,Weekly,52,0,High,Growing,Low,0.5903,Gold,High_Value_Organic,55-64,1,1,0,0.7878,Loyal,0.4751,Developing
3693,59,Female,Coat,Outerwear,34,Alabama,L,Turquoise,Spring,4.8,0,Free Shipping,0,0,29,Cash,Fortnightly,26,0,High,Established,Low,0.4596,Gold,High_Value_Organic,55-64,0,1,0,0.6246,Loyal,0.5157,Developing
3694,66,Female,Blouse,Clothing,46,South Dakota,M,Violet,Summer,4.7,0,2-Day Shipping,0,0,10,Venmo,Weekly,52,0,High,Growing,Medium,0.5385,Gold,High_Value_Organic,65+,1,1,0,0.6735,Loyal,0.5392,Loyal
3695,45,Female,Sweater,Clothing,41,Rhode Island,M,Blue,Winter,2.6,0,Express,0,0,11,PayPal,Fortnightly,26,0,Low,Growing,Low,0.3302,Silver,Low_Value_Organic,45-54,1,0,2,0.4777,Developing,0.2296,Transactional
3696,38,Female,Skirt,Clothing,33,Florida,M,White,Fall,4.6,0,Standard,0,0,18,Bank Transfer,Fortnightly,26,0,High,Growing,Low,0.3674,Silver,Low_Value_Organic,35-44,0,0,0,0.5349,Loyal,0.4846,Developing
3697,63,Female,Blouse,Clothing,48,Connecticut,L,Turquoise,Fall,3.4,0,Next Day Air,0,0,26,Bank Transfer,Annually,1,0,Medium,Established,Medium,0.2741,Silver,Low_Value_Organic,55-64,1,0,1,0.4041,Developing,0.3635,Transactional
3698,55,Female,Hoodie,Clothing,66,Pennsylvania,L,Pink,Winter,3.0,0,Standard,0,0,39,Cash,Weekly,52,0,Medium,Established,Medium,0.8252,Platinum,High_Value_Organic,55-64,0,1,1,0.9102,Loyal,0.3638,Transactional
3699,25,Female,Skirt,Clothing,54,California,XL,Maroon,Spring,4.0,0,2-Day Shipping,0,0,4,Venmo,Annually,1,0,High,New,Medium,0.1095,Bronze,Low_Value_Organic,25-34,1,0,0,0.2245,Transactional,0.4663,Developing
3700,51,Female,Backpack,Accessories,55,Oklahoma,M,Olive,Fall,2.6,0,Store Pickup,0,0,24,Bank Transfer,Weekly,52,0,Low,Growing,Medium,0.6753,Platinum,High_Value_Organic,45-54,0,1,2,0.7878,Loyal,0.2734,Transactional
3701,28,Female,Handbag,Accessories,84,North Dakota,XL,Charcoal,Summer,3.4,0,Store Pickup,0,0,2,Bank Transfer,Quarterly,4,0,Medium,New,High,0.1917,Bronze,Low_Value_Organic,25-34,0,0,1,0.2317,Transactional,0.476,Developing
3702,46,Female,Sandals,Footwear,66,New Mexico,M,Charcoal,Spring,4.5,0,Store Pickup,0,0,36,Cash,Annually,1,0,High,Established,Medium,0.4007,Silver,Low_Value_Organic,45-54,0,0,0,0.4857,Developing,0.5738,Loyal
3703,58,Female,Shoes,Footwear,65,South Carolina,M,Indigo,Spring,2.7,0,Store Pickup,0,0,36,Venmo,Weekly,52,0,Low,Established,Medium,0.7982,Platinum,High_Value_Organic,55-64,0,1,2,0.8857,Loyal,0.3186,Transactional
3704,30,Female,Sandals,Footwear,83,Michigan,S,Teal,Fall,2.9,0,Standard,0,0,23,PayPal,Quarterly,4,0,Low,Growing,High,0.3606,Silver,Low_Value_Organic,25-34,0,0,2,0.4031,Developing,0.4029,Developing
3705,68,Female,Sunglasses,Accessories,61,Missouri,L,Black,Winter,4.0,0,Store Pickup,0,0,36,Credit Card,Quarterly,4,0,High,Established,Medium,0.4117,Silver,Low_Value_Organic,65+,0,0,0,0.5092,Developing,0.4881,Developing
3706,28,Female,Skirt,Clothing,65,Colorado,L,Teal,Summer,3.2,0,Free Shipping,0,0,2,Debit Card,Annually,1,0,Medium,New,Medium,0.1207,Bronze,Low_Value_Organic,25-34,0,0,1,0.2082,Transactional,0.3886,Developing
3707,26,Female,Sandals,Footwear,55,Kansas,M,Green,Spring,4.0,0,Store Pickup,0,0,17,Cash,Fortnightly,26,0,High,Growing,Medium,0.4142,Silver,Low_Value_Organic,25-34,0,0,0,0.5267,Loyal,0.4694,Developing
3708,35,Female,Gloves,Accessories,79,Illinois,M,Gold,Fall,3.4,0,2-Day Shipping,0,0,19,Venmo,Weekly,52,0,Medium,Growing,High,0.6944,Platinum,High_Value_Organic,35-44,1,1,1,0.7469,Loyal,0.4604,Developing
3709,40,Female,Hoodie,Clothing,96,South Carolina,M,Red,Fall,4.9,0,Express,0,0,41,PayPal,Monthly,12,0,High,Veteran,High,0.6028,Gold,High_Value_Organic,35-44,1,1,0,0.6128,Loyal,0.7235,Loyal
3710,31,Female,Socks,Clothing,43,Utah,M,Silver,Fall,3.6,0,Free Shipping,0,0,27,PayPal,Quarterly,4,0,Medium,Established,Low,0.2933,Silver,Low_Value_Organic,25-34,0,0,1,0.4358,Developing,0.3759,Transactional
3711,60,Female,Jewelry,Accessories,40,Hawaii,M,Yellow,Summer,3.6,0,2-Day Shipping,0,0,32,Bank Transfer,Fortnightly,26,0,Medium,Established,Low,0.4991,Gold,High_Value_Organic,55-64,1,1,1,0.6491,Loyal,0.3665,Transactional
3712,69,Female,Hat,Accessories,62,Texas,XL,Peach,Fall,3.2,0,Free Shipping,0,0,33,Cash,Annually,1,0,Medium,Established,Medium,0.3662,Silver,Low_Value_Organic,65+,0,0,1,0.4612,Developing,0.3793,Transactional
3713,51,Female,Blouse,Clothing,72,Oregon,M,Turquoise,Spring,3.7,0,2-Day Shipping,0,0,24,PayPal,Quarterly,4,0,Medium,Growing,Medium,0.3413,Silver,Low_Value_Organic,45-54,1,0,1,0.4113,Developing,0.4805,Developing
3714,49,Female,Shoes,Footwear,87,Arizona,M,Peach,Spring,2.6,0,Express,0,0,31,Debit Card,Quarterly,4,0,Low,Established,High,0.4359,Silver,Low_Value_Organic,45-54,1,0,2,0.4684,Developing,0.3734,Transactional
3715,18,Female,Hat,Accessories,31,New York,S,Peach,Winter,3.9,0,Express,0,0,35,Credit Card,Weekly,52,0,Medium,Established,Low,0.7051,Platinum,High_Value_Organic,18-24,1,1,1,0.8776,Loyal,0.3804,Transactional
3716,63,Female,Sunglasses,Accessories,34,Nebraska,S,Orange,Fall,3.4,0,Free Shipping,0,0,2,Bank Transfer,Monthly,12,0,Medium,New,Low,0.1294,Bronze,Low_Value_Organic,55-64,0,0,1,0.2944,Transactional,0.3198,Transactional
3717,57,Female,Shirt,Clothing,53,Vermont,M,Charcoal,Fall,3.4,0,Next Day Air,0,0,42,Debit Card,Quarterly,4,0,Medium,Veteran,Medium,0.4407,Silver,Low_Value_Organic,55-64,1,0,1,0.5582,Loyal,0.3791,Transactional
3718,45,Female,T-shirt,Clothing,85,Maryland,XL,White,Summer,4.2,0,Express,0,0,47,Bank Transfer,Quarterly,4,0,High,Veteran,High,0.5615,Gold,High_Value_Organic,45-54,1,1,0,0.599,Loyal,0.5911,Loyal
3719,36,Female,Pants,Clothing,50,Tennessee,L,Turquoise,Fall,2.9,0,Standard,0,0,44,Bank Transfer,Fortnightly,26,0,Low,Veteran,Medium,0.6221,Gold,High_Value_Organic,35-44,0,1,2,0.7471,Loyal,0.2997,Transactional
3720,20,Female,Pants,Clothing,91,Pennsylvania,M,Red,Summer,4.1,0,Free Shipping,0,0,8,Bank Transfer,Quarterly,4,0,High,New,High,0.2582,Silver,Low_Value_Organic,18-24,0,0,0,0.2807,Transactional,0.5959,Loyal
3721,21,Female,Hat,Accessories,56,South Carolina,M,Peach,Fall,3.6,0,Free Shipping,0,0,13,Credit Card,Quarterly,4,0,Medium,Growing,Medium,0.2115,Bronze,Low_Value_Organic,18-24,0,0,1,0.3215,Transactional,0.4165,Developing
3722,62,Female,Coat,Outerwear,60,Connecticut,L,Pink,Fall,4.0,0,Next Day Air,0,0,10,Cash,Annually,1,0,High,Growing,Medium,0.1735,Bronze,Low_Value_Organic,55-64,1,0,0,0.2735,Transactional,0.485,Developing
3723,23,Female,Jacket,Outerwear,34,Kentucky,XL,Yellow,Fall,4.0,0,Standard,0,0,1,Credit Card,Fortnightly,26,0,High,New,Low,0.2311,Bronze,Low_Value_Organic,18-24,0,0,0,0.3961,Developing,0.4038,Developing
3724,26,Female,Sandals,Footwear,30,Rhode Island,M,Beige,Spring,3.6,0,Free Shipping,0,0,1,Debit Card,Monthly,12,0,Medium,New,Low,0.1113,Bronze,Low_Value_Organic,25-34,0,0,1,0.2863,Transactional,0.3353,Transactional
3725,30,Female,Gloves,Accessories,71,Colorado,L,Green,Winter,3.1,0,Express,0,0,18,Bank Transfer,Annually,1,0,Medium,Growing,Medium,0.2663,Silver,Low_Value_Organic,25-34,1,0,1,0.3388,Transactional,0.3934,Developing
3726,18,Female,Dress,Clothing,100,Oklahoma,S,Turquoise,Winter,4.4,0,Next Day Air,0,0,2,PayPal,Annually,1,0,High,New,High,0.2082,Bronze,Low_Value_Organic,18-24,1,0,0,0.2082,Transactional,0.666,Loyal
3727,47,Female,Belt,Accessories,85,Idaho,XL,Orange,Fall,4.3,0,Next Day Air,0,0,36,Debit Card,Quarterly,4,0,High,Established,High,0.4717,Gold,High_Value_Organic,45-54,1,1,0,0.5092,Developing,0.6051,Loyal
3728,41,Female,Socks,Clothing,83,Maine,M,Gold,Summer,3.5,0,Next Day Air,0,0,17,Debit Card,Fortnightly,26,0,Medium,Growing,High,0.4842,Gold,High_Value_Organic,35-44,1,1,1,0.5267,Loyal,0.4869,Developing
3729,62,Female,Jacket,Outerwear,31,Vermont,L,Red,Winter,3.0,0,Standard,0,0,1,Debit Card,Annually,1,0,Medium,New,Low,0.0275,Bronze,Low_Value_Organic,55-64,0,0,1,0.2,Transactional,0.2544,Transactional
3730,28,Female,Boots,Footwear,82,Rhode Island,M,Teal,Spring,4.7,0,2-Day Shipping,0,0,50,Cash,Quarterly,4,0,High,Veteran,High,0.5785,Gold,High_Value_Organic,25-34,1,1,0,0.6235,Loyal,0.6518,Loyal
3731,46,Female,Shirt,Clothing,79,Florida,M,Teal,Summer,2.5,0,2-Day Shipping,0,0,3,Credit Card,Fortnightly,26,0,Low,New,High,0.3599,Silver,Low_Value_Organic,45-54,1,0,2,0.4124,Developing,0.3344,Transactional
3732,54,Female,Hat,Accessories,62,West Virginia,M,Lavender,Spring,3.1,0,2-Day Shipping,0,0,45,PayPal,Quarterly,4,0,Medium,Veteran,Medium,0.4877,Gold,High_Value_Organic,45-54,1,1,1,0.5827,Loyal,0.3653,Transactional
3733,36,Female,Shoes,Footwear,92,Indiana,L,Pink,Spring,3.3,0,Free Shipping,0,0,28,PayPal,Annually,1,0,Medium,Established,High,0.4004,Silver,Low_Value_Organic,35-44,0,0,1,0.4204,Developing,0.487,Developing
3734,25,Female,Socks,Clothing,58,Illinois,M,Maroon,Fall,4.7,0,Next Day Air,0,0,6,Debit Card,Quarterly,4,0,High,New,Medium,0.1593,Bronze,Low_Value_Organic,25-34,1,0,0,0.2643,Transactional,0.5768,Loyal
3735,38,Female,Hoodie,Clothing,88,California,M,Beige,Spring,3.4,0,Next Day Air,0,0,33,Debit Card,Quarterly,4,0,Medium,Established,High,0.4548,Gold,High_Value_Organic,35-44,1,1,1,0.4848,Developing,0.4885,Developing
3736,38,Female,Sandals,Footwear,44,Massachusetts,L,Orange,Spring,3.1,0,2-Day Shipping,0,0,29,PayPal,Annually,1,0,Medium,Established,Low,0.2886,Silver,Low_Value_Organic,35-44,1,0,1,0.4286,Developing,0.309,Transactional
3737,42,Female,Jeans,Clothing,56,Idaho,M,Red,Spring,4.6,0,Store Pickup,0,0,2,PayPal,Quarterly,4,0,High,New,Medium,0.1217,Bronze,Low_Value_Organic,35-44,0,0,0,0.2317,Transactional,0.5565,Loyal
3738,19,Female,Jewelry,Accessories,23,Kentucky,S,Maroon,Winter,4.9,0,Free Shipping,0,0,43,PayPal,Fortnightly,26,0,High,Veteran,Low,0.5464,Gold,High_Value_Organic,18-24,0,1,0,0.7389,Loyal,0.4954,Developing
3739,34,Female,Shorts,Clothing,45,Delaware,M,Brown,Spring,2.7,0,Free Shipping,0,0,48,Cash,Fortnightly,26,0,Low,Veteran,Medium,0.6423,Gold,High_Value_Organic,25-34,0,1,2,0.7798,Loyal,0.2561,Transactional
3740,38,Female,Sunglasses,Accessories,31,Idaho,M,Olive,Fall,4.2,0,Free Shipping,0,0,43,Credit Card,Weekly,52,0,High,Veteran,Low,0.7704,Platinum,High_Value_Organic,35-44,0,1,0,0.9429,Loyal,0.4224,Developing
3741,42,Female,Pants,Clothing,96,Virginia,M,Silver,Summer,2.6,0,Store Pickup,0,0,26,Debit Card,Fortnightly,26,0,Low,Established,High,0.5902,Gold,High_Value_Organic,35-44,0,1,2,0.6002,Loyal,0.4015,Developing
3742,58,Female,Shirt,Clothing,96,Arizona,M,Purple,Spring,3.2,0,2-Day Shipping,0,0,26,Debit Card,Fortnightly,26,0,Medium,Established,High,0.5902,Gold,High_Value_Organic,55-64,1,1,1,0.6002,Loyal,0.4855,Developing
3743,56,Female,Shirt,Clothing,80,Maryland,M,Gray,Fall,4.4,0,Standard,0,0,50,Credit Card,Fortnightly,26,0,High,Veteran,High,0.7461,Platinum,High_Value_Organic,55-64,0,1,0,0.7961,Loyal,0.6035,Loyal
3744,62,Female,Pants,Clothing,28,Idaho,L,Cyan,Fall,3.6,0,Free Shipping,0,0,36,Debit Card,Quarterly,4,0,Medium,Established,Low,0.3292,Silver,Low_Value_Organic,55-64,0,0,1,0.5092,Developing,0.329,Transactional
3745,24,Female,Hoodie,Clothing,51,New Jersey,M,Gray,Summer,2.7,0,Next Day Air,0,0,26,Bank Transfer,Fortnightly,26,0,Low,Established,Medium,0.4777,Gold,High_Value_Organic,18-24,1,1,2,0.6002,Loyal,0.2749,Transactional
3746,60,Female,Socks,Clothing,41,Washington,L,Gold,Spring,4.3,0,Express,0,0,2,Debit Card,Monthly,12,0,High,New,Low,0.1469,Bronze,Low_Value_Organic,55-64,1,0,0,0.2944,Transactional,0.4676,Developing
3747,53,Female,Coat,Outerwear,99,Idaho,XL,Cyan,Summer,2.6,0,Next Day Air,0,0,49,PayPal,Monthly,12,0,Low,Veteran,High,0.6756,Platinum,High_Value_Organic,45-54,1,1,2,0.6781,Loyal,0.4109,Developing
3748,26,Female,Sweater,Clothing,53,Rhode Island,L,Olive,Spring,4.3,0,Store Pickup,0,0,32,Bank Transfer,Fortnightly,26,0,High,Established,Medium,0.5316,Gold,High_Value_Organic,25-34,0,1,0,0.6491,Loyal,0.5051,Developing
3749,34,Female,Backpack,Accessories,25,Delaware,M,Violet,Fall,3.9,0,2-Day Shipping,0,0,3,Venmo,Annually,1,0,Medium,New,Low,0.0288,Bronze,Low_Value_Organic,25-34,1,0,1,0.2163,Transactional,0.3616,Transactional
3750,24,Female,Blouse,Clothing,95,Alaska,L,Yellow,Winter,2.9,0,2-Day Shipping,0,0,38,Venmo,Quarterly,4,0,Low,Established,High,0.5131,Gold,High_Value_Organic,18-24,1,1,2,0.5256,Loyal,0.4404,Developing
3751,42,Female,Hoodie,Clothing,88,Arizona,M,Gold,Fall,3.1,0,Free Shipping,0,0,5,PayPal,Monthly,12,0,Medium,New,High,0.2889,Silver,Low_Value_Organic,35-44,0,0,1,0.3189,Transactional,0.4465,Developing
3752,36,Female,Jewelry,Accessories,97,Alabama,S,Silver,Fall,4.2,0,Free Shipping,0,0,8,Credit Card,Quarterly,4,0,High,New,High,0.2732,Silver,Low_Value_Organic,35-44,0,0,0,0.2807,Transactional,0.6286,Loyal
3753,24,Female,Coat,Outerwear,81,Washington,L,Pink,Winter,4.1,0,2-Day Shipping,0,0,43,Venmo,Weekly,52,0,High,Veteran,High,0.8954,Platinum,High_Value_Organic,18-24,1,1,0,0.9429,Loyal,0.5646,Loyal
3754,39,Female,Sunglasses,Accessories,26,Louisiana,S,Turquoise,Winter,4.2,0,Next Day Air,0,0,22,Bank Transfer,Fortnightly,26,0,High,Growing,Low,0.3825,Silver,Low_Value_Organic,35-44,1,0,0,0.5675,Loyal,0.4068,Developing
3755,46,Female,Shoes,Footwear,41,Nebraska,M,Turquoise,Summer,4.4,0,Express,0,0,10,Cash,Quarterly,4,0,High,Growing,Low,0.1495,Bronze,Low_Value_Organic,45-54,1,0,0,0.297,Transactional,0.4816,Developing
3756,64,Female,Skirt,Clothing,93,Pennsylvania,M,Peach,Fall,3.4,0,Free Shipping,0,0,26,Credit Card,Monthly,12,0,Medium,Established,High,0.4729,Gold,High_Value_Organic,55-64,0,1,1,0.4904,Developing,0.5041,Developing
3757,64,Female,Skirt,Clothing,69,South Carolina,L,Teal,Spring,4.8,0,Express,0,0,42,Debit Card,Fortnightly,26,0,High,Veteran,Medium,0.6533,Platinum,High_Value_Organic,55-64,1,1,0,0.7308,Loyal,0.6251,Loyal
3758,61,Female,Skirt,Clothing,44,California,L,Red,Fall,4.5,0,2-Day Shipping,0,0,33,Cash,Weekly,52,0,High,Established,Low,0.7212,Platinum,High_Value_Organic,55-64,1,1,0,0.8612,Loyal,0.505,Developing
3759,61,Female,Sandals,Footwear,54,Indiana,S,Black,Spring,2.7,0,Store Pickup,0,0,23,Bank Transfer,Quarterly,4,0,Low,Growing,Medium,0.2881,Silver,Low_Value_Organic,55-64,0,0,2,0.4031,Developing,0.2842,Transactional
3760,44,Female,Sneakers,Footwear,61,Missouri,M,Pink,Spring,3.5,0,Store Pickup,0,0,30,Venmo,Quarterly,4,0,Medium,Established,Medium,0.3628,Silver,Low_Value_Organic,35-44,0,0,1,0.4603,Developing,0.4181,Developing
3761,65,Female,Socks,Clothing,80,Connecticut,M,Peach,Fall,3.1,0,Next Day Air,0,0,36,PayPal,Weekly,52,0,Medium,Established,High,0.8357,Platinum,High_Value_Organic,65+,1,1,1,0.8857,Loyal,0.4215,Developing
3762,60,Female,Backpack,Accessories,30,Nevada,M,Green,Summer,2.8,0,Next Day Air,0,0,3,Venmo,Quarterly,4,0,Low,New,Low,0.0649,Bronze,Low_Value_Organic,55-64,1,0,2,0.2399,Transactional,0.2232,Transactional
3763,65,Female,Shorts,Clothing,94,New York,L,Green,Fall,2.9,0,Store Pickup,0,0,13,PayPal,Annually,1,0,Low,Growing,High,0.283,Silver,Low_Value_Organic,65+,0,0,2,0.298,Transactional,0.4372,Developing
3764,27,Female,Shirt,Clothing,24,Oklahoma,XL,Red,Winter,4.5,0,Standard,0,0,38,Cash,Quarterly,4,0,High,Established,Low,0.3356,Silver,Low_Value_Organic,25-34,0,0,0,0.5256,Loyal,0.4425,Developing
3765,36,Female,Socks,Clothing,21,South Dakota,M,Maroon,Fall,3.5,0,Next Day Air,0,0,19,Venmo,Monthly,12,0,Medium,Growing,Low,0.2357,Bronze,Low_Value_Organic,35-44,1,0,1,0.4332,Developing,0.2931,Transactional
3766,22,Female,Jewelry,Accessories,52,Missouri,M,Green,Summer,4.3,0,Standard,0,0,14,Bank Transfer,Fortnightly,26,0,High,Growing,Medium,0.3822,Silver,Low_Value_Organic,18-24,0,0,0,0.5022,Developing,0.502,Developing
3767,62,Female,Handbag,Accessories,59,Texas,M,Black,Fall,4.9,0,Next Day Air,0,0,43,Debit Card,Annually,1,0,High,Veteran,Medium,0.4404,Silver,Low_Value_Organic,55-64,1,0,0,0.5429,Loyal,0.6079,Loyal
3768,59,Female,Shorts,Clothing,51,New York,XL,Black,Summer,3.1,0,Free Shipping,0,0,10,Bank Transfer,Fortnightly,26,0,Medium,Growing,Medium,0.347,Silver,Low_Value_Organic,55-64,0,0,1,0.4695,Developing,0.3309,Transactional
3769,50,Female,Sweater,Clothing,35,Vermont,M,Yellow,Winter,4.0,0,Free Shipping,0,0,34,Bank Transfer,Quarterly,4,0,High,Established,Low,0.3304,Silver,Low_Value_Organic,45-54,0,0,0,0.4929,Developing,0.4069,Developing
3770,51,Female,Gloves,Accessories,87,Arizona,L,Green,Summer,3.6,0,Standard,0,0,31,Venmo,Annually,1,0,Medium,Established,High,0.4124,Silver,Low_Value_Organic,45-54,0,0,1,0.4449,Developing,0.5134,Developing
3771,23,Female,Pants,Clothing,42,Montana,L,Black,Summer,4.0,0,Store Pickup,0,0,34,Bank Transfer,Weekly,52,0,High,Established,Low,0.7244,Platinum,High_Value_Organic,18-24,0,1,0,0.8694,Loyal,0.4288,Developing
3772,21,Female,T-shirt,Clothing,86,Oklahoma,M,Red,Winter,2.6,0,Express,0,0,28,Venmo,Fortnightly,26,0,Low,Established,High,0.5815,Gold,High_Value_Organic,18-24,1,1,2,0.6165,Loyal,0.3702,Transactional
3773,44,Female,Pants,Clothing,26,New Hampshire,L,Yellow,Fall,3.1,0,Next Day Air,0,0,35,Cash,Annually,1,0,Medium,Established,Low,0.2926,Silver,Low_Value_Organic,35-44,1,0,1,0.4776,Developing,0.2528,Transactional
3774,25,Female,Sweater,Clothing,60,Wisconsin,M,Violet,Summer,3.5,0,Store Pickup,0,0,41,Cash,Quarterly,4,0,Medium,Veteran,Medium,0.4501,Gold,High_Value_Organic,25-34,0,1,1,0.5501,Loyal,0.415,Developing
3775,57,Female,Gloves,Accessories,83,Alaska,S,Cyan,Winter,3.9,0,Standard,0,0,48,PayPal,Fortnightly,26,0,Medium,Veteran,High,0.7373,Platinum,High_Value_Organic,55-64,0,1,1,0.7798,Loyal,0.5429,Loyal
3776,41,Female,Belt,Accessories,63,South Dakota,S,Pink,Spring,2.7,0,2-Day Shipping,0,0,45,Cash,Quarterly,4,0,Low,Veteran,Medium,0.4902,Gold,High_Value_Organic,35-44,1,1,2,0.5827,Loyal,0.3124,Transactional
3777,19,Female,Sneakers,Footwear,25,Alaska,L,Olive,Spring,4.1,0,Standard,0,0,10,Credit Card,Fortnightly,26,0,High,Growing,Low,0.282,Silver,Low_Value_Organic,18-24,0,0,0,0.4695,Developing,0.3896,Developing
3778,43,Female,Shorts,Clothing,65,Utah,M,Maroon,Fall,4.3,0,Express,0,0,9,Cash,Weekly,52,0,High,New,Medium,0.5778,Gold,High_Value_Organic,35-44,1,1,0,0.6653,Loyal,0.5426,Loyal
3779,25,Female,Sneakers,Footwear,60,South Dakota,M,Cyan,Fall,2.9,0,Free Shipping,0,0,30,Debit Card,Annually,1,0,Low,Established,Medium,0.3367,Silver,Low_Value_Organic,25-34,0,0,2,0.4367,Developing,0.331,Transactional
3780,60,Female,Jeans,Clothing,75,California,XL,Lavender,Spring,4.0,0,Express,0,0,45,PayPal,Annually,1,0,High,Veteran,High,0.4967,Gold,High_Value_Organic,55-64,1,1,0,0.5592,Loyal,0.5319,Loyal
3781,54,Female,Sneakers,Footwear,57,Mississippi,L,Yellow,Fall,4.1,0,Free Shipping,0,0,41,Venmo,Quarterly,4,0,High,Veteran,Medium,0.4426,Silver,Low_Value_Organic,45-54,0,0,0,0.5501,Loyal,0.4896,Developing
3782,52,Female,Boots,Footwear,99,Tennessee,M,Pink,Winter,3.7,0,Standard,0,0,40,PayPal,Fortnightly,26,0,Medium,Veteran,High,0.7119,Platinum,High_Value_Organic,45-54,0,1,1,0.7144,Loyal,0.5649,Loyal
3783,40,Female,Jacket,Outerwear,45,Alabama,L,Orange,Spring,2.8,0,Free Shipping,0,0,42,PayPal,Fortnightly,26,0,Low,Veteran,Medium,0.5933,Gold,High_Value_Organic,35-44,0,1,2,0.7308,Loyal,0.2701,Transactional
3784,39,Female,Gloves,Accessories,66,Maine,XL,Orange,Summer,3.2,0,Free Shipping,0,0,17,Debit Card,Fortnightly,26,0,Medium,Growing,Medium,0.4417,Silver,Low_Value_Organic,35-44,0,0,1,0.5267,Loyal,0.3918,Developing
3785,54,Female,Socks,Clothing,53,Virginia,M,Violet,Winter,4.5,0,Next Day Air,0,0,4,Venmo,Annually,1,0,High,New,Medium,0.107,Bronze,Low_Value_Organic,45-54,1,0,0,0.2245,Transactional,0.5331,Loyal
3786,64,Female,Jeans,Clothing,94,New Hampshire,L,Lavender,Winter,3.8,0,Standard,0,0,6,Cash,Monthly,12,0,Medium,New,High,0.3121,Silver,Low_Value_Organic,55-64,0,0,1,0.3271,Transactional,0.5632,Loyal
3787,31,Female,Boots,Footwear,47,Tennessee,L,Yellow,Fall,3.6,0,2-Day Shipping,0,0,22,Venmo,Weekly,52,0,Medium,Growing,Medium,0.6389,Gold,High_Value_Organic,25-34,1,1,1,0.7714,Loyal,0.3884,Developing
3788,37,Female,Blouse,Clothing,80,New York,M,Pink,Fall,3.6,0,2-Day Shipping,0,0,46,PayPal,Quarterly,4,0,Medium,Veteran,High,0.5409,Gold,High_Value_Organic,35-44,1,1,1,0.5909,Loyal,0.4915,Developing
3789,43,Female,Hat,Accessories,65,Kansas,XL,Teal,Spring,3.2,0,Next Day Air,0,0,27,Debit Card,Monthly,12,0,Medium,Established,Medium,0.411,Silver,Low_Value_Organic,35-44,1,0,1,0.4985,Developing,0.3886,Developing
3790,56,Female,Shirt,Clothing,75,North Dakota,M,Magenta,Summer,3.8,0,Express,0,0,18,Bank Transfer,Quarterly,4,0,Medium,Growing,High,0.2998,Silver,Low_Value_Organic,55-64,1,0,1,0.3623,Developing,0.5039,Developing
3791,27,Female,Handbag,Accessories,45,Alaska,XL,Beige,Summer,4.4,0,Standard,0,0,31,Credit Card,Weekly,52,0,High,Established,Medium,0.7074,Platinum,High_Value_Organic,25-34,0,1,0,0.8449,Loyal,0.4941,Developing
3792,40,Female,Sunglasses,Accessories,51,Texas,M,Gray,Spring,3.7,0,Store Pickup,0,0,1,Venmo,Weekly,52,0,Medium,New,Medium,0.4775,Gold,High_Value_Organic,35-44,0,1,1,0.6,Loyal,0.4149,Developing
3793,43,Female,Scarf,Accessories,58,Massachusetts,S,Turquoise,Summer,2.6,0,Express,0,0,2,PayPal,Fortnightly,26,0,Low,New,Medium,0.2992,Silver,Low_Value_Organic,35-44,1,0,2,0.4042,Developing,0.2828,Transactional
3794,62,Female,Sunglasses,Accessories,20,Delaware,M,Pink,Fall,4.0,0,Standard,0,0,46,Bank Transfer,Annually,1,0,High,Veteran,Low,0.3673,Silver,Low_Value_Organic,55-64,0,0,0,0.5673,Loyal,0.36,Transactional
3795,44,Female,Scarf,Accessories,82,South Dakota,M,Violet,Summer,3.6,0,2-Day Shipping,0,0,27,Venmo,Weekly,52,0,Medium,Established,High,0.7672,Platinum,High_Value_Organic,35-44,1,1,1,0.8122,Loyal,0.4978,Developing
3796,45,Female,Gloves,Accessories,92,Arkansas,M,Charcoal,Spring,2.5,0,Express,0,0,3,Cash,Weekly,52,0,Low,New,High,0.5963,Gold,High_Value_Organic,45-54,1,1,2,0.6163,Loyal,0.375,Transactional
3797,40,Female,Shorts,Clothing,81,Utah,M,Lavender,Fall,3.2,0,Free Shipping,0,0,47,Bank Transfer,Quarterly,4,0,Medium,Veteran,High,0.5515,Gold,High_Value_Organic,35-44,0,1,1,0.599,Loyal,0.4386,Developing
3798,68,Female,Sunglasses,Accessories,44,California,M,Gray,Summer,2.5,0,Next Day Air,0,0,20,Cash,Quarterly,4,0,Low,Growing,Low,0.2386,Bronze,Low_Value_Organic,65+,1,0,2,0.3786,Developing,0.225,Transactional
3799,63,Female,Jewelry,Accessories,72,Rhode Island,S,Brown,Winter,3.2,0,Next Day Air,0,0,23,Credit Card,Annually,1,0,Medium,Growing,Medium,0.3096,Silver,Low_Value_Organic,55-64,1,0,1,0.3796,Developing,0.4105,Developing
3800,60,Female,Jacket,Outerwear,26,Oklahoma,L,Violet,Winter,2.6,0,Store Pickup,0,0,13,Credit Card,Monthly,12,0,Low,Growing,Low,0.1992,Bronze,Low_Value_Organic,55-64,0,0,2,0.3842,Developing,0.1828,Transactional
3801,19,Female,Sweater,Clothing,26,Vermont,M,Turquoise,Fall,4.8,0,Next Day Air,0,0,12,Venmo,Fortnightly,26,0,High,Growing,Low,0.3009,Silver,Low_Value_Organic,18-24,1,0,0,0.4859,Developing,0.4907,Developing
3802,26,Female,Blouse,Clothing,84,Kentucky,M,Peach,Spring,5.0,0,Store Pickup,0,0,36,PayPal,Fortnightly,26,0,High,Established,High,0.6418,Gold,High_Value_Organic,25-34,0,1,0,0.6818,Loyal,0.7,Loyal
3803,70,Female,Scarf,Accessories,72,Illinois,S,Turquoise,Spring,3.2,0,2-Day Shipping,0,0,1,Bank Transfer,Monthly,12,0,Medium,New,Medium,0.2163,Bronze,Low_Value_Organic,65+,1,0,1,0.2863,Transactional,0.4105,Developing
3804,48,Female,Handbag,Accessories,55,Connecticut,M,Violet,Spring,3.6,0,Standard,0,0,14,Debit Card,Weekly,52,0,Medium,Growing,Medium,0.5936,Gold,High_Value_Organic,45-54,0,1,1,0.7061,Loyal,0.4134,Developing
3805,37,Female,Hat,Accessories,77,Florida,M,Olive,Fall,2.7,0,2-Day Shipping,0,0,45,Cash,Annually,1,0,Low,Veteran,High,0.5017,Gold,High_Value_Organic,35-44,1,1,2,0.5592,Loyal,0.3561,Transactional
3806,48,Female,Scarf,Accessories,57,New Jersey,M,Green,Fall,3.1,0,Standard,0,0,31,Credit Card,Quarterly,4,0,Medium,Established,Medium,0.3609,Silver,Low_Value_Organic,45-54,0,0,1,0.4684,Developing,0.3496,Transactional
3807,18,Female,Boots,Footwear,71,Missouri,M,Teal,Spring,3.0,0,Standard,0,0,41,PayPal,Weekly,52,0,Medium,Veteran,Medium,0.854,Platinum,High_Value_Organic,18-24,0,1,1,0.9265,Loyal,0.3794,Transactional
3808,38,Female,Blouse,Clothing,39,Michigan,L,Peach,Spring,2.9,0,Next Day Air,0,0,36,PayPal,Annually,1,0,Low,Established,Low,0.3332,Silver,Low_Value_Organic,35-44,1,0,2,0.4857,Developing,0.2654,Transactional
3809,33,Female,Socks,Clothing,28,Washington,M,Pink,Winter,4.7,0,Express,0,0,6,Debit Card,Fortnightly,26,0,High,New,Low,0.2569,Silver,Low_Value_Organic,25-34,1,0,0,0.4369,Developing,0.483,Developing
3810,57,Female,Shoes,Footwear,33,New York,S,Maroon,Winter,3.7,0,Standard,0,0,28,Credit Card,Annually,1,0,Medium,Established,Low,0.2529,Silver,Low_Value_Organic,55-64,0,0,1,0.4204,Developing,0.3586,Transactional
3811,46,Female,Skirt,Clothing,79,Wisconsin,L,Peach,Fall,3.9,0,Free Shipping,0,0,29,Venmo,Monthly,12,0,Medium,Established,High,0.4623,Gold,High_Value_Organic,45-54,0,1,1,0.5148,Developing,0.5304,Loyal
3812,46,Female,Belt,Accessories,30,Idaho,M,Maroon,Winter,4.0,0,Standard,0,0,14,Cash,Monthly,12,0,High,Growing,Low,0.2174,Bronze,Low_Value_Organic,45-54,0,0,0,0.3924,Developing,0.3912,Developing
3813,50,Female,Skirt,Clothing,75,Michigan,M,Pink,Spring,2.8,0,Next Day Air,0,0,7,Bank Transfer,Quarterly,4,0,Low,New,High,0.21,Bronze,Low_Value_Organic,45-54,1,0,2,0.2725,Transactional,0.3639,Transactional
3814,61,Female,Pants,Clothing,89,Georgia,M,Orange,Summer,4.1,0,Express,0,0,31,Venmo,Fortnightly,26,0,High,Established,High,0.6135,Gold,High_Value_Organic,55-64,1,1,0,0.641,Loyal,0.5896,Loyal
3815,45,Female,Dress,Clothing,95,Michigan,M,Orange,Winter,4.2,0,Free Shipping,0,0,26,Bank Transfer,Quarterly,4,0,High,Established,High,0.4151,Silver,Low_Value_Organic,45-54,0,0,0,0.4276,Developing,0.6224,Loyal
3816,32,Female,Hat,Accessories,44,Maine,M,Brown,Fall,4.3,0,Express,0,0,12,Venmo,Fortnightly,26,0,High,Growing,Low,0.3459,Silver,Low_Value_Organic,25-34,1,0,0,0.4859,Developing,0.477,Developing
3817,29,Female,Coat,Outerwear,86,Maryland,S,Silver,Summer,4.3,0,Store Pickup,0,0,45,Credit Card,Fortnightly,26,0,High,Veteran,High,0.7203,Platinum,High_Value_Organic,25-34,0,1,0,0.7553,Loyal,0.6082,Loyal
3818,66,Female,Scarf,Accessories,91,Missouri,M,Magenta,Fall,2.6,0,Express,0,0,40,PayPal,Annually,1,0,Low,Veteran,High,0.4959,Gold,High_Value_Organic,65+,1,1,2,0.5184,Developing,0.3859,Transactional
3819,70,Female,Sneakers,Footwear,41,Oregon,XL,Indigo,Winter,3.8,0,Free Shipping,0,0,42,Cash,Monthly,12,0,Medium,Veteran,Low,0.4735,Gold,High_Value_Organic,65+,0,1,1,0.621,Loyal,0.3976,Developing
3820,36,Female,Pants,Clothing,99,Arkansas,S,Gold,Spring,2.9,0,Express,0,0,45,Cash,Quarterly,4,0,Low,Veteran,High,0.5802,Gold,High_Value_Organic,35-44,1,1,2,0.5827,Loyal,0.4529,Developing
3821,34,Female,Belt,Accessories,65,New Hampshire,M,Purple,Winter,5.0,0,Standard,0,0,34,Debit Card,Quarterly,4,0,High,Established,Medium,0.4054,Silver,Low_Value_Organic,25-34,0,0,0,0.4929,Developing,0.6406,Loyal
3822,20,Female,Sneakers,Footwear,48,Oregon,M,Gold,Summer,4.6,0,Free Shipping,0,0,34,Credit Card,Quarterly,4,0,High,Established,Medium,0.3629,Silver,Low_Value_Organic,18-24,0,0,0,0.4929,Developing,0.5315,Loyal
3823,70,Female,Hat,Accessories,41,Kansas,S,Gold,Spring,3.2,0,Free Shipping,0,0,17,PayPal,Quarterly,4,0,Medium,Growing,Low,0.2066,Bronze,Low_Value_Organic,65+,0,0,1,0.3541,Developing,0.3136,Transactional
3824,50,Female,Shirt,Clothing,42,California,M,Gold,Summer,3.0,0,Standard,0,0,27,Bank Transfer,Weekly,52,0,Medium,Established,Low,0.6672,Platinum,High_Value_Organic,45-54,0,1,1,0.8122,Loyal,0.2888,Transactional
3825,54,Female,Shorts,Clothing,26,Georgia,M,Olive,Summer,4.0,0,Free Shipping,0,0,31,Credit Card,Quarterly,4,0,High,Established,Low,0.2834,Silver,Low_Value_Organic,45-54,0,0,0,0.4684,Developing,0.3788,Transactional
3826,49,Female,Shorts,Clothing,35,Hawaii,L,Green,Fall,4.1,0,Express,0,0,47,Debit Card,Fortnightly,26,0,High,Veteran,Low,0.6091,Gold,High_Value_Organic,45-54,1,1,0,0.7716,Loyal,0.4209,Developing
3827,50,Female,Jacket,Outerwear,31,Montana,M,Gray,Summer,4.0,0,Express,0,0,25,Bank Transfer,Annually,1,0,High,Established,Low,0.2234,Bronze,Low_Value_Organic,45-54,1,0,0,0.3959,Developing,0.3944,Developing
3828,62,Female,Jewelry,Accessories,73,Montana,M,Red,Summer,4.1,0,Standard,0,0,47,Cash,Fortnightly,26,0,High,Veteran,High,0.7041,Platinum,High_Value_Organic,55-64,0,1,0,0.7716,Loyal,0.5396,Loyal
3829,42,Female,Blouse,Clothing,82,Mississippi,M,Charcoal,Spring,3.4,0,Free Shipping,0,0,8,Cash,Weekly,52,0,Medium,New,High,0.6121,Gold,High_Value_Organic,35-44,0,1,1,0.6571,Loyal,0.4698,Developing
3830,69,Female,Pants,Clothing,32,Washington,M,Indigo,Spring,2.9,0,Free Shipping,0,0,32,Debit Card,Fortnightly,26,0,Low,Established,Low,0.4791,Gold,High_Value_Organic,65+,0,1,2,0.6491,Loyal,0.2435,Transactional
3831,22,Female,Hat,Accessories,27,Pennsylvania,M,Indigo,Summer,3.0,0,2-Day Shipping,0,0,33,Bank Transfer,Quarterly,4,0,Medium,Established,Low,0.3023,Silver,Low_Value_Organic,18-24,1,0,1,0.4848,Developing,0.2419,Transactional
3832,36,Female,Backpack,Accessories,86,Nevada,L,Silver,Spring,4.0,0,Next Day Air,0,0,16,Debit Card,Quarterly,4,0,High,Growing,High,0.311,Silver,Low_Value_Organic,35-44,1,0,0,0.346,Developing,0.5662,Loyal
3833,64,Female,Boots,Footwear,38,Kansas,XL,Purple,Winter,4.8,0,2-Day Shipping,0,0,27,Cash,Weekly,52,0,High,Established,Low,0.6572,Platinum,High_Value_Organic,55-64,1,1,0,0.8122,Loyal,0.5282,Loyal
3834,44,Female,Jacket,Outerwear,93,Arizona,L,Gray,Summer,4.6,0,Free Shipping,0,0,17,PayPal,Quarterly,4,0,High,Growing,High,0.3366,Silver,Low_Value_Organic,35-44,0,0,0,0.3541,Developing,0.6721,Loyal
3835,43,Female,Hoodie,Clothing,59,Tennessee,M,Magenta,Winter,4.1,0,2-Day Shipping,0,0,17,Cash,Quarterly,4,0,High,Growing,Medium,0.2516,Silver,Low_Value_Organic,35-44,1,0,0,0.3541,Developing,0.4959,Developing
3836,58,Female,Sandals,Footwear,58,Pennsylvania,L,Silver,Winter,2.6,0,Express,0,0,28,PayPal,Fortnightly,26,0,Low,Established,Medium,0.5115,Gold,High_Value_Organic,55-64,1,1,2,0.6165,Loyal,0.2828,Transactional
3837,62,Female,Skirt,Clothing,84,Alaska,M,Violet,Spring,2.5,0,Free Shipping,0,0,38,PayPal,Fortnightly,26,0,Low,Established,High,0.6581,Platinum,High_Value_Organic,55-64,0,1,2,0.6981,Loyal,0.35,Transactional
3838,45,Female,Hoodie,Clothing,100,New Mexico,M,Green,Spring,4.8,0,Free Shipping,0,0,33,Bank Transfer,Fortnightly,26,0,High,Established,High,0.6573,Platinum,High_Value_Organic,45-54,0,1,0,0.6573,Loyal,0.722,Loyal
3839,47,Female,Dress,Clothing,25,Rhode Island,L,Green,Summer,4.2,0,Express,0,0,24,Venmo,Quarterly,4,0,High,Growing,Low,0.2238,Bronze,Low_Value_Organic,45-54,1,0,0,0.4113,Developing,0.4036,Developing
3840,66,Female,Sandals,Footwear,29,Connecticut,M,Peach,Spring,3.9,0,Free Shipping,0,0,14,Venmo,Quarterly,4,0,Medium,Growing,Low,0.1522,Bronze,Low_Value_Organic,65+,0,0,1,0.3297,Transactional,0.3741,Transactional
3841,30,Female,Jeans,Clothing,42,Idaho,M,Turquoise,Spring,3.7,0,Express,0,0,5,Venmo,Fortnightly,26,0,Medium,New,Low,0.2837,Silver,Low_Value_Organic,25-34,1,0,1,0.4287,Developing,0.3868,Transactional
3842,68,Female,Jeans,Clothing,57,Mississippi,L,Pink,Fall,4.2,0,2-Day Shipping,0,0,8,Bank Transfer,Monthly,12,0,High,New,Medium,0.2359,Bronze,Low_Value_Organic,65+,1,0,0,0.3434,Transactional,0.5036,Developing
3843,35,Female,Jacket,Outerwear,84,Colorado,L,Lavender,Winter,4.2,0,Next Day Air,0,0,42,Debit Card,Monthly,12,0,High,Veteran,High,0.581,Gold,High_Value_Organic,35-44,1,1,0,0.621,Loyal,0.588,Loyal
3844,64,Female,Hat,Accessories,71,Georgia,L,Silver,Winter,4.0,0,Free Shipping,0,0,48,Venmo,Quarterly,4,0,High,Veteran,Medium,0.5347,Gold,High_Value_Organic,55-64,0,1,0,0.6072,Loyal,0.5194,Loyal
3845,30,Female,Shorts,Clothing,87,Montana,S,Cyan,Fall,5.0,0,Next Day Air,0,0,40,Venmo,Quarterly,4,0,High,Veteran,High,0.5094,Gold,High_Value_Organic,25-34,1,1,0,0.5419,Loyal,0.7094,Loyal
3846,58,Female,Sweater,Clothing,52,California,M,Green,Winter,4.9,0,Standard,0,0,46,Venmo,Annually,1,0,High,Veteran,Medium,0.4473,Silver,Low_Value_Organic,55-64,0,0,0,0.5673,Loyal,0.586,Loyal
3847,57,Female,Blouse,Clothing,58,Pennsylvania,L,Orange,Summer,4.0,0,Express,0,0,40,PayPal,Quarterly,4,0,High,Veteran,Medium,0.4369,Silver,Low_Value_Organic,55-64,1,0,0,0.5419,Loyal,0.4788,Developing
3848,60,Female,Sweater,Clothing,34,Delaware,S,Blue,Fall,3.2,0,2-Day Shipping,0,0,31,PayPal,Fortnightly,26,0,Medium,Established,Low,0.476,Gold,High_Value_Organic,55-64,1,1,1,0.641,Loyal,0.2918,Transactional
3849,22,Female,Jewelry,Accessories,60,New Hampshire,M,Magenta,Winter,3.0,0,Next Day Air,0,0,39,Cash,Quarterly,4,0,Medium,Established,Medium,0.4337,Silver,Low_Value_Organic,18-24,1,0,1,0.5337,Loyal,0.345,Transactional
3850,46,Female,Hoodie,Clothing,68,Florida,S,Cyan,Winter,2.6,0,Express,0,0,36,PayPal,Fortnightly,26,0,Low,Established,Medium,0.6018,Gold,High_Value_Organic,45-54,1,1,2,0.6818,Loyal,0.314,Transactional
3851,27,Female,Jewelry,Accessories,74,Mississippi,L,Indigo,Summer,4.4,0,2-Day Shipping,0,0,25,Debit Card,Quarterly,4,0,High,Established,High,0.3544,Silver,Low_Value_Organic,25-34,1,0,0,0.4194,Developing,0.5848,Loyal
3852,50,Female,Scarf,Accessories,83,Montana,M,Pink,Summer,3.9,0,Free Shipping,0,0,24,Debit Card,Annually,1,0,Medium,Growing,High,0.3453,Silver,Low_Value_Organic,45-54,0,0,1,0.3878,Developing,0.5429,Loyal
3853,65,Female,Hat,Accessories,79,Mississippi,M,Peach,Fall,4.0,0,2-Day Shipping,0,0,19,PayPal,Weekly,52,0,High,Growing,High,0.6944,Platinum,High_Value_Organic,65+,1,1,0,0.7469,Loyal,0.5444,Loyal
3854,61,Female,Sunglasses,Accessories,76,Tennessee,M,Lavender,Fall,4.0,0,Store Pickup,0,0,49,Debit Card,Fortnightly,26,0,High,Veteran,High,0.7279,Platinum,High_Value_Organic,55-64,0,1,0,0.7879,Loyal,0.535,Loyal
3855,57,Female,T-shirt,Clothing,20,Florida,M,Black,Spring,4.2,0,Free Shipping,0,0,4,Venmo,Annually,1,0,High,New,Low,0.0245,Bronze,Low_Value_Organic,55-64,0,0,0,0.2245,Transactional,0.388,Developing
3856,40,Female,Shirt,Clothing,61,Illinois,XL,Lavender,Summer,4.4,0,Next Day Air,0,0,36,Cash,Quarterly,4,0,High,Established,Medium,0.4117,Silver,Low_Value_Organic,35-44,1,0,0,0.5092,Developing,0.5441,Loyal
3857,39,Female,Sandals,Footwear,78,Virginia,S,Brown,Summer,2.5,0,Free Shipping,0,0,8,Debit Card,Quarterly,4,0,Low,New,High,0.2257,Bronze,Low_Value_Organic,35-44,0,0,2,0.2807,Transactional,0.3313,Transactional
3858,42,Female,Hat,Accessories,21,Texas,S,Yellow,Summer,3.1,0,Store Pickup,0,0,29,Credit Card,Quarterly,4,0,Medium,Established,Low,0.2546,Silver,Low_Value_Organic,35-44,0,0,1,0.4521,Developing,0.2371,Transactional
3859,30,Female,T-shirt,Clothing,77,Missouri,M,Olive,Winter,3.5,0,Store Pickup,0,0,26,Credit Card,Quarterly,4,0,Medium,Established,High,0.3701,Silver,Low_Value_Organic,25-34,0,0,1,0.4276,Developing,0.4681,Developing
3860,65,Female,Shorts,Clothing,88,Mississippi,S,Blue,Fall,3.0,0,2-Day Shipping,0,0,47,Bank Transfer,Fortnightly,26,0,Medium,Veteran,High,0.7416,Platinum,High_Value_Organic,65+,1,1,1,0.7716,Loyal,0.4325,Developing
3861,57,Female,Sunglasses,Accessories,64,Pennsylvania,M,Turquoise,Summer,4.4,0,Next Day Air,0,0,44,Cash,Annually,1,0,High,Veteran,Medium,0.461,Gold,High_Value_Organic,55-64,1,1,0,0.551,Loyal,0.5535,Loyal
3862,64,Female,Jacket,Outerwear,57,Wyoming,M,Yellow,Spring,4.9,0,Standard,0,0,49,Credit Card,Monthly,12,0,High,Veteran,Medium,0.5706,Gold,High_Value_Organic,55-64,0,1,0,0.6781,Loyal,0.6016,Loyal
3863,56,Female,Shirt,Clothing,49,Idaho,L,Turquoise,Winter,2.8,0,Next Day Air,0,0,9,Venmo,Monthly,12,0,Low,New,Medium,0.2241,Bronze,Low_Value_Organic,55-64,1,0,2,0.3516,Developing,0.2826,Transactional
3864,40,Female,Scarf,Accessories,35,New Hampshire,M,Orange,Summer,3.3,0,Free Shipping,0,0,28,Cash,Fortnightly,26,0,Medium,Established,Low,0.454,Gold,High_Value_Organic,35-44,0,1,1,0.6165,Loyal,0.3089,Transactional
3865,55,Female,T-shirt,Clothing,99,Wyoming,S,Blue,Winter,4.9,0,Express,0,0,1,Debit Card,Fortnightly,26,0,High,New,High,0.3936,Silver,Low_Value_Organic,55-64,1,0,0,0.3961,Developing,0.7329,Loyal
3866,25,Female,Shorts,Clothing,42,Nebraska,M,Olive,Spring,4.2,0,Store Pickup,0,0,28,Cash,Quarterly,4,0,High,Established,Low,0.2989,Silver,Low_Value_Organic,25-34,0,0,0,0.4439,Developing,0.4568,Developing
3867,58,Female,Hat,Accessories,32,Alaska,M,Beige,Winter,3.3,0,2-Day Shipping,0,0,33,Credit Card,Fortnightly,26,0,Medium,Established,Low,0.4873,Gold,High_Value_Organic,55-64,1,1,1,0.6573,Loyal,0.2995,Transactional
3868,46,Female,Jacket,Outerwear,21,Maryland,L,Lavender,Summer,2.7,0,Standard,0,0,28,Credit Card,Monthly,12,0,Low,Established,Low,0.3092,Silver,Low_Value_Organic,45-54,0,0,2,0.5067,Developing,0.1811,Transactional
3869,18,Female,Dress,Clothing,29,Maryland,XL,Magenta,Winter,3.3,0,2-Day Shipping,0,0,9,Cash,Annually,1,0,Medium,New,Low,0.0878,Bronze,Low_Value_Organic,18-24,1,0,1,0.2653,Transactional,0.2901,Transactional
3870,26,Female,Coat,Outerwear,64,Arizona,L,Cyan,Spring,3.8,0,Free Shipping,0,0,28,Bank Transfer,Annually,1,0,Medium,Established,Medium,0.3304,Silver,Low_Value_Organic,25-34,0,0,1,0.4204,Developing,0.4695,Developing
3871,61,Female,Sandals,Footwear,46,Ohio,L,Lavender,Fall,3.2,0,Next Day Air,0,0,19,Cash,Quarterly,4,0,Medium,Growing,Medium,0.2355,Bronze,Low_Value_Organic,55-64,1,0,1,0.3705,Developing,0.3293,Transactional
3872,55,Female,T-shirt,Clothing,97,Minnesota,M,Black,Fall,4.1,0,2-Day Shipping,0,0,20,Bank Transfer,Quarterly,4,0,High,Growing,High,0.3711,Silver,Low_Value_Organic,55-64,1,0,0,0.3786,Developing,0.6146,Loyal
3873,41,Female,Jacket,Outerwear,94,New Hampshire,M,Green,Spring,4.3,0,Standard,0,0,3,Cash,Monthly,12,0,High,New,High,0.2876,Silver,Low_Value_Organic,35-44,0,0,0,0.3026,Transactional,0.6332,Loyal
3874,42,Female,Sandals,Footwear,43,Louisiana,L,Silver,Summer,4.0,0,Standard,0,0,22,Credit Card,Weekly,52,0,High,Growing,Low,0.6289,Gold,High_Value_Organic,35-44,0,1,0,0.7714,Loyal,0.4319,Developing
3875,70,Female,Sweater,Clothing,54,Nevada,XL,Beige,Summer,3.9,0,2-Day Shipping,0,0,33,Credit Card,Fortnightly,26,0,Medium,Established,Medium,0.5423,Gold,High_Value_Organic,65+,1,1,1,0.6573,Loyal,0.4522,Developing
3876,63,Female,Hat,Accessories,51,New Hampshire,M,Pink,Winter,3.3,0,2-Day Shipping,0,0,21,Credit Card,Annually,1,0,Medium,Growing,Medium,0.2408,Bronze,Low_Value_Organic,55-64,1,0,1,0.3633,Developing,0.3589,Transactional
3877,60,Female,Shoes,Footwear,85,Wisconsin,S,Cyan,Fall,2.6,0,2-Day Shipping,0,0,7,Cash,Annually,1,0,Low,New,High,0.2115,Bronze,Low_Value_Organic,55-64,1,0,2,0.249,Transactional,0.3671,Transactional
3878,28,Female,Hoodie,Clothing,96,Nevada,M,Olive,Spring,4.2,0,Next Day Air,0,0,46,Debit Card,Monthly,12,0,High,Veteran,High,0.6436,Gold,High_Value_Organic,25-34,1,1,0,0.6536,Loyal,0.6255,Loyal
3879,60,Female,Hat,Accessories,42,South Carolina,M,Pink,Summer,3.4,0,2-Day Shipping,0,0,24,Credit Card,Annually,1,0,Medium,Growing,Low,0.2428,Bronze,Low_Value_Organic,55-64,1,0,1,0.3878,Developing,0.3448,Transactional
3880,26,Female,Skirt,Clothing,63,Florida,L,Maroon,Winter,4.1,0,Free Shipping,0,0,6,Debit Card,Quarterly,4,0,High,New,Medium,0.1718,Bronze,Low_Value_Organic,25-34,0,0,0,0.2643,Transactional,0.5084,Developing
3881,42,Female,Shirt,Clothing,20,Massachusetts,M,Red,Winter,3.9,0,Free Shipping,0,0,40,PayPal,Monthly,12,0,Medium,Veteran,Low,0.4046,Silver,Low_Value_Organic,35-44,0,0,1,0.6046,Loyal,0.346,Transactional
3882,56,Female,Scarf,Accessories,25,Georgia,L,Silver,Spring,2.8,0,2-Day Shipping,0,0,17,Debit Card,Weekly,52,0,Low,Growing,Low,0.5431,Gold,High_Value_Organic,55-64,1,1,2,0.7306,Loyal,0.2076,Transactional
3883,35,Female,Pants,Clothing,95,North Dakota,L,Blue,Fall,2.6,0,Free Shipping,0,0,24,Cash,Fortnightly,26,0,Low,Growing,High,0.5713,Gold,High_Value_Organic,35-44,0,1,2,0.5838,Loyal,0.3984,Developing
3884,34,Female,Hat,Accessories,38,North Dakota,XL,Purple,Fall,4.0,0,Next Day Air,0,0,22,Cash,Fortnightly,26,0,High,Growing,Low,0.4125,Silver,Low_Value_Organic,25-34,1,0,0,0.5675,Loyal,0.4162,Developing
3885,47,Female,Sandals,Footwear,29,Maryland,M,Brown,Fall,4.9,0,Express,0,0,3,PayPal,Weekly,52,0,High,New,Low,0.4388,Silver,Low_Value_Organic,45-54,1,0,0,0.6163,Loyal,0.5141,Developing
3886,49,Female,Socks,Clothing,64,New Mexico,L,Purple,Winter,3.2,0,Free Shipping,0,0,39,Cash,Quarterly,4,0,Medium,Established,Medium,0.4437,Silver,Low_Value_Organic,45-54,0,0,1,0.5337,Loyal,0.3855,Transactional
3887,37,Female,Jewelry,Accessories,92,Iowa,S,Brown,Summer,3.9,0,Express,0,0,40,Debit Card,Quarterly,4,0,Medium,Veteran,High,0.5219,Gold,High_Value_Organic,35-44,1,1,1,0.5419,Loyal,0.571,Loyal
3888,40,Female,Shirt,Clothing,34,Kansas,M,Charcoal,Spring,2.7,0,Express,0,0,1,Credit Card,Quarterly,4,0,Low,New,Low,0.0585,Bronze,Low_Value_Organic,35-44,1,0,2,0.2235,Transactional,0.2218,Transactional
3889,45,Female,Sneakers,Footwear,69,Virginia,M,Violet,Spring,3.4,0,Standard,0,0,14,Venmo,Fortnightly,26,0,Medium,Growing,Medium,0.4247,Silver,Low_Value_Organic,45-54,0,0,1,0.5022,Developing,0.4291,Developing
3890,57,Female,Dress,Clothing,65,Alaska,S,Yellow,Spring,3.5,0,Express,0,0,49,Bank Transfer,Annually,1,0,Medium,Veteran,Medium,0.5043,Gold,High_Value_Organic,55-64,1,1,1,0.5918,Loyal,0.4306,Developing
3891,35,Female,Shirt,Clothing,81,Nebraska,XL,Green,Winter,2.6,0,Standard,0,0,33,Debit Card,Annually,1,0,Low,Established,High,0.4137,Silver,Low_Value_Organic,35-44,0,0,2,0.4612,Developing,0.3546,Transactional
3892,36,Female,Dress,Clothing,30,Colorado,L,Peach,Winter,4.7,0,Free Shipping,0,0,6,Bank Transfer,Quarterly,4,0,High,New,Low,0.0893,Bronze,Low_Value_Organic,35-44,0,0,0,0.2643,Transactional,0.4892,Developing
3893,35,Female,Jewelry,Accessories,86,Michigan,L,Indigo,Summer,3.5,0,Standard,0,0,5,PayPal,Fortnightly,26,0,Medium,New,High,0.3937,Silver,Low_Value_Organic,35-44,0,0,1,0.4287,Developing,0.4963,Developing
3894,21,Female,Hat,Accessories,64,Massachusetts,L,White,Fall,3.3,0,Store Pickup,0,0,29,Bank Transfer,Fortnightly,26,0,Medium,Established,Medium,0.5346,Gold,High_Value_Organic,18-24,0,1,1,0.6246,Loyal,0.3995,Developing
3895,66,Female,Skirt,Clothing,78,Connecticut,L,White,Spring,3.9,0,2-Day Shipping,0,0,44,Credit Card,Quarterly,4,0,Medium,Veteran,High,0.5195,Gold,High_Value_Organic,65+,1,1,1,0.5745,Loyal,0.5272,Loyal
3896,40,Female,Hoodie,Clothing,28,Virginia,L,Turquoise,Summer,4.2,0,2-Day Shipping,0,0,32,Venmo,Weekly,52,0,High,Established,Low,0.6731,Platinum,High_Value_Organic,35-44,1,1,0,0.8531,Loyal,0.413,Developing
3897,52,Female,Backpack,Accessories,49,Iowa,L,White,Spring,4.5,0,Store Pickup,0,0,41,Bank Transfer,Fortnightly,26,0,High,Veteran,Medium,0.5951,Gold,High_Value_Organic,45-54,0,1,0,0.7226,Loyal,0.5206,Loyal
3898,46,Female,Belt,Accessories,33,New Jersey,L,Green,Spring,2.9,0,Standard,0,0,24,Venmo,Quarterly,4,0,Low,Growing,Low,0.2438,Bronze,Low_Value_Organic,45-54,0,0,2,0.4113,Developing,0.2466,Transactional
3899,44,Female,Shoes,Footwear,77,Minnesota,S,Brown,Summer,3.8,0,Express,0,0,24,Venmo,Weekly,52,0,Medium,Growing,High,0.7303,Platinum,High_Value_Organic,35-44,1,1,1,0.7878,Loyal,0.5101,Developing
3900,52,Female,Handbag,Accessories,81,California,M,Beige,Spring,3.1,0,Store Pickup,0,0,33,Venmo,Quarterly,4,0,Medium,Established,High,0.4373,Silver,Low_Value_Organic,45-54,0,0,1,0.4848,Developing,0.4246,Developing
